<Anims>
 <anim name="idle_up" root="asa_lightning" numframes="400" framerate="40">
  <frame idx="0" w="118" h="282" x="3.000000" y="0.000000">
   <element name="asa_lightning" layername="lightning" frame="0" z_index="6" m_a="1.000000" m_b="0.000000" m_c="0.000000" m_d="1.000000" m_tx="3.000000" m_ty="0.000000"/>
  </frame>
  <frame idx="25" w="138" h="282" x="20.032639" y="0.000000">
   <element name="asa_lightning" layername="lightning" frame="0" z_index="6" m_a="1.309684" m_b="0.000000" m_c="0.000000" m_d="1.000000" m_tx="3.000000" m_ty="0.000000"/>
  </frame>
  <frame idx="50" w="204" h="288" x="62.628349" y="5.606033">
   <element name="asa_lightning" layername="lightning" frame="1" z_index="6" m_a="2.243243" m_b="0.000000" m_c="0.000000" m_d="1.037938" m_tx="-5.750000" m_ty="0.750000"/>
  </frame>
  <frame idx="75" w="340" h="299" x="143.568680" y="19.621124">
   <element name="asa_lightning" layername="lightning" frame="1" z_index="6" m_a="4.112612" m_b="0.000000" m_c="0.000000" m_d="1.132782" m_tx="-27.625000" m_ty="2.625000"/>
  </frame>
  <frame idx="100" w="315" h="312" x="129.305496" y="4.878265">
   <element name="asa_lightning" layername="lightning" frame="2" z_index="6" m_a="3.691935" m_b="-0.113968" m_c="0.033196" m_d="1.075363" m_tx="-23.000000" m_ty="1.500000"/>
  </frame>
  <frame idx="125" w="244" h="308" x="86.301514" y="-8.093369">
   <element name="asa_lightning" layername="lightning" frame="3" z_index="6" m_a="2.659406" m_b="-0.143759" m_c="0.053978" m_d="0.998542" m_tx="-11.875000" m_ty="0.000000"/>
  </frame>
  <frame idx="150" w="154" h="286" x="26.852669" y="-1.267120">
   <element name="asa_lightning" layername="lightning" frame="3" z_index="6" m_a="1.475050" m_b="-0.022762" m_c="0.015429" m_d="0.999881" m_tx="-1.250000" m_ty="0.000000"/>
  </frame>
  <frame idx="175" w="169" h="283" x="37.695946" y="-0.375000">
   <element name="asa_lightning" layername="lightning" frame="4" z_index="6" m_a="1.733108" m_b="0.000000" m_c="0.000000" m_d="1.000000" m_tx="-2.625000" m_ty="-0.375000"/>
  </frame>
  <frame idx="200" w="253" h="283" x="95.522537" y="-1.000000">
   <element name="asa_lightning" layername="lightning" frame="4" z_index="6" m_a="2.954955" m_b="0.000000" m_c="0.000000" m_d="1.000000" m_tx="-12.000000" m_ty="-1.000000"/>
  </frame>
  <frame idx="225" w="73" h="275" x="-60.482529" y="6.714287">
   <element name="asa_lightning" layername="lightning" frame="3" z_index="6" m_a="-0.044920" m_b="0.000000" m_c="0.000000" m_d="1.000000" m_tx="-3.011904" m_ty="6.714286"/>
  </frame>
  <frame idx="250" w="253" h="278" x="80.252335" y="4.715614">
   <element name="asa_lightning" layername="lightning" frame="2" z_index="6" m_a="2.818809" m_b="0.000000" m_c="0.000000" m_d="1.000000" m_tx="-19.782166" m_ty="4.715617"/>
  </frame>
  <frame idx="275" w="171" h="279" x="20.735733" y="3.800575">
   <element name="asa_lightning" layername="lightning" frame="2" z_index="6" m_a="1.589496" m_b="0.000000" m_c="0.000000" m_d="1.000000" m_tx="-11.686558" m_ty="3.800577"/>
  </frame>
  <frame idx="300" w="87" h="280" x="-38.780872" y="2.885536">
   <element name="asa_lightning" layername="lightning" frame="2" z_index="6" m_a="0.360183" m_b="0.000000" m_c="0.000000" m_d="1.000000" m_tx="-3.590948" m_ty="2.885537"/>
  </frame>
  <frame idx="325" w="214" h="281" x="-98.297470" y="1.970497">
   <element name="asa_lightning" layername="lightning" frame="2" z_index="6" m_a="-0.869130" m_b="0.000000" m_c="0.000000" m_d="1.000000" m_tx="4.504660" m_ty="1.970497"/>
  </frame>
  <frame idx="350" w="182" h="281" x="-88.006721" y="1.071426">
   <element name="asa_lightning" layername="lightning" frame="1" z_index="6" m_a="-0.697525" m_b="0.000000" m_c="0.000000" m_d="1.000000" m_tx="5.357143" m_ty="1.071429"/>
  </frame>
  <frame idx="375" w="59" h="282" x="-50.568695" y="0.178574">
   <element name="asa_lightning" layername="lightning" frame="1" z_index="6" m_a="0.018881" m_b="0.000000" m_c="0.000000" m_d="1.000000" m_tx="3.392857" m_ty="0.178571"/>
  </frame>
 </anim>
 <anim name="idle_upside" root="asa_lightning" numframes="400" framerate="40">
  <frame idx="0" w="583" h="255" x="-194.380264" y="-19.489357">
   <element name="asa_lightning" layername="lightning" frame="0" z_index="6" m_a="0.237664" m_b="0.456564" m_c="-1.206654" m_d="0.628122" m_tx="2.000000" m_ty="3.000000"/>
  </frame>
  <frame idx="25" w="586" h="270" x="-212.661499" y="-54.141762">
   <element name="asa_lightning" layername="lightning" frame="0" z_index="6" m_a="-0.120585" m_b="-0.222125" m_c="-1.195542" m_d="0.649024" m_tx="2.000000" m_ty="3.000000"/>
  </frame>
  <frame idx="50" w="583" h="267" x="-211.916458" y="-52.704872">
   <element name="asa_lightning" layername="lightning" frame="1" z_index="6" m_a="-0.110765" m_b="-0.202844" m_c="-1.193940" m_d="0.651965" m_tx="2.000000" m_ty="3.000000"/>
  </frame>
  <frame idx="75" w="590" h="270" x="-186.871811" y="-5.380753">
   <element name="asa_lightning" layername="lightning" frame="1" z_index="6" m_a="0.369326" m_b="0.703795" m_c="-1.204568" m_d="0.632113" m_tx="2.000000" m_ty="3.000000"/>
  </frame>
  <frame idx="100" w="597" h="281" x="-182.056305" y="4.185593">
   <element name="asa_lightning" layername="lightning" frame="2" z_index="6" m_a="0.461736" m_b="0.887018" m_c="-1.206654" m_d="0.628122" m_tx="2.000000" m_ty="3.000000"/>
  </frame>
  <frame idx="125" w="620" h="305" x="-175.123871" y="26.153076">
   <element name="asa_lightning" layername="lightning" frame="3" z_index="6" m_a="0.652193" m_b="1.252896" m_c="-1.234332" m_d="0.642530" m_tx="2.000000" m_ty="3.000000"/>
  </frame>
  <frame idx="150" w="736" h="425" x="-140.461700" y="135.990479">
   <element name="asa_lightning" layername="lightning" frame="3" z_index="6" m_a="1.604481" m_b="3.082289" m_c="-1.372720" m_d="0.714567" m_tx="2.000000" m_ty="3.000000"/>
  </frame>
  <frame idx="175" w="715" h="412" x="-141.565887" y="123.109650">
   <element name="asa_lightning" layername="lightning" frame="4" z_index="6" m_a="1.504281" m_b="2.889800" m_c="-1.338292" m_d="0.696646" m_tx="2.000000" m_ty="3.000000"/>
  </frame>
  <frame idx="200" w="619" h="322" x="-162.788620" y="41.199799">
   <element name="asa_lightning" layername="lightning" frame="1" z_index="6" m_a="0.812057" m_b="1.560003" m_c="-1.206654" m_d="0.628122" m_tx="2.000000" m_ty="3.000000"/>
  </frame>
  <frame idx="225" w="615" h="316" x="-165.197083" y="36.573029">
   <element name="asa_lightning" layername="lightning" frame="1" z_index="6" m_a="0.768267" m_b="1.475880" m_c="-1.206654" m_d="0.628122" m_tx="2.000000" m_ty="3.000000"/>
  </frame>
  <frame idx="250" w="582" h="253" x="-195.154938" y="-20.977524">
   <element name="asa_lightning" layername="lightning" frame="0" z_index="6" m_a="0.223579" m_b="0.429506" m_c="-1.206654" m_d="0.628122" m_tx="2.000000" m_ty="3.000000"/>
  </frame>
  <frame idx="275" w="764" h="601" x="-266.436859" y="-157.913757">
   <element name="asa_lightning" layername="lightning" frame="0" z_index="6" m_a="-1.072456" m_b="-2.060243" m_c="-1.206654" m_d="0.628122" m_tx="2.000000" m_ty="3.000000"/>
  </frame>
  <frame idx="300" w="631" h="345" x="-226.118332" y="-80.459801">
   <element name="asa_lightning" layername="lightning" frame="4" z_index="6" m_a="-0.339392" m_b="-0.651990" m_c="-1.206654" m_d="0.628122" m_tx="2.000000" m_ty="3.000000"/>
  </frame>
  <frame idx="325" w="590" h="290" x="-172.532501" y="12.756805">
   <element name="asa_lightning" layername="lightning" frame="3" z_index="6" m_a="0.562480" m_b="1.080554" m_c="-1.175539" m_d="0.611925" m_tx="2.000000" m_ty="3.000000"/>
  </frame>
  <frame idx="350" w="525" h="261" x="-165.283951" y="-13.836975">
   <element name="asa_lightning" layername="lightning" frame="3" z_index="6" m_a="0.392543" m_b="0.754095" m_c="-1.045889" m_d="0.544436" m_tx="2.000000" m_ty="3.000000"/>
  </frame>
  <frame idx="375" w="460" h="231" x="-158.035385" y="-40.430771">
   <element name="asa_lightning" layername="lightning" frame="3" z_index="6" m_a="0.222605" m_b="0.427636" m_c="-0.916240" m_d="0.476947" m_tx="2.000000" m_ty="3.000000"/>
  </frame>
 </anim>
 <anim name="idle_side" root="asa_lightning" numframes="400" framerate="40">
  <frame idx="0" w="281" h="240" x="150.607666" y="-155.063751">
   <element name="asa_lightning" layername="lightning" frame="0" z_index="6" m_a="0.006972" m_b="-0.522911" m_c="1.579877" m_d="0.021065" m_tx="3.000000" m_ty="-1.000000"/>
  </frame>
  <frame idx="25" w="282" h="259" x="149.698868" y="-16.078690">
   <element name="asa_lightning" layername="lightning" frame="0" z_index="6" m_a="-0.009832" m_b="1.966549" m_c="1.579997" m_d="0.007899" m_tx="3.000000" m_ty="2.750000"/>
  </frame>
  <frame idx="50" w="281" h="385" x="150.490143" y="-198.555649">
   <element name="asa_lightning" layername="lightning" frame="1" z_index="6" m_a="0.004529" m_b="-1.358723" m_c="1.580008" m_d="0.005266" m_tx="3.000000" m_ty="3.500000"/>
  </frame>
  <frame idx="75" w="281" h="337" x="150.908386" y="-184.175110">
   <element name="asa_lightning" layername="lightning" frame="1" z_index="6" m_a="0.012363" m_b="-1.059717" m_c="1.579909" m_d="0.018432" m_tx="3.000000" m_ty="-0.250000"/>
  </frame>
  <frame idx="100" w="282" h="223" x="150.179657" y="-79.693100">
   <element name="asa_lightning" layername="lightning" frame="2" z_index="6" m_a="-0.014097" m_b="1.057255" m_c="1.579877" m_d="0.021065" m_tx="3.730769" m_ty="-12.538462"/>
  </frame>
  <frame idx="125" w="282" h="373" x="151.041260" y="-194.565002">
   <element name="asa_lightning" layername="lightning" frame="3" z_index="6" m_a="0.014779" m_b="-1.266806" m_c="1.579909" m_d="0.018432" m_tx="3.000000" m_ty="0.750000"/>
  </frame>
  <frame idx="150" w="281" h="604" x="150.717957" y="-260.899414">
   <element name="asa_lightning" layername="lightning" frame="3" z_index="6" m_a="0.008671" m_b="-2.601337" m_c="1.580008" m_d="0.005266" m_tx="3.000000" m_ty="9.500000"/>
  </frame>
  <frame idx="175" w="281" h="558" x="150.881561" y="-247.632523">
   <element name="asa_lightning" layername="lightning" frame="4" z_index="6" m_a="0.011671" m_b="-2.334430" m_c="1.579997" m_d="0.007899" m_tx="3.000000" m_ty="7.750000"/>
  </frame>
  <frame idx="200" w="281" h="327" x="150.957458" y="-181.298798">
   <element name="asa_lightning" layername="lightning" frame="0" z_index="6" m_a="0.013332" m_b="-0.999911" m_c="1.579877" m_d="0.021065" m_tx="3.000000" m_ty="-1.000000"/>
  </frame>
  <frame idx="225" w="282" h="447" x="151.487671" y="-210.439545">
   <element name="asa_lightning" layername="lightning" frame="0" z_index="6" m_a="0.022972" m_b="-1.722925" m_c="1.579877" m_d="0.021065" m_tx="3.000000" m_ty="9.625000"/>
  </frame>
  <frame idx="250" w="282" h="469" x="151.588287" y="-215.968811">
   <element name="asa_lightning" layername="lightning" frame="2" z_index="6" m_a="0.024802" m_b="-1.860112" m_c="1.579877" m_d="0.021065" m_tx="3.000000" m_ty="11.641026"/>
  </frame>
  <frame idx="275" w="282" h="347" x="151.044479" y="-186.080872">
   <element name="asa_lightning" layername="lightning" frame="2" z_index="6" m_a="0.014914" m_b="-1.118560" m_c="1.579877" m_d="0.021065" m_tx="3.000000" m_ty="0.743589"/>
  </frame>
  <frame idx="300" w="282" h="380" x="151.184113" y="-194.711838">
   <element name="asa_lightning" layername="lightning" frame="3" z_index="6" m_a="0.017453" m_b="-1.308973" m_c="1.579877" m_d="0.021065" m_tx="3.000000" m_ty="2.585366"/>
  </frame>
  <frame idx="325" w="282" h="380" x="151.198669" y="-193.264465">
   <element name="asa_lightning" layername="lightning" frame="4" z_index="6" m_a="0.017718" m_b="-1.328833" m_c="1.579877" m_d="0.021065" m_tx="3.000000" m_ty="5.125000"/>
  </frame>
  <frame idx="350" w="281" h="147" x="150.192230" y="-122.155899">
   <element name="asa_lightning" layername="lightning" frame="4" z_index="6" m_a="-0.000581" m_b="0.043596" m_c="1.579877" m_d="0.021065" m_tx="3.000000" m_ty="0.750000"/>
  </frame>
  <frame idx="375" w="231" h="168" x="104.380142" y="-106.201050">
   <element name="asa_lightning" layername="lightning" frame="4" z_index="6" m_a="-0.005021" m_b="0.376549" m_c="1.223877" m_d="0.016318" m_tx="3.000000" m_ty="-1.000000"/>
  </frame>
 </anim>
 <anim name="idle_downside" root="asa_lightning" numframes="400" framerate="40">
  <frame idx="0" w="258" h="387" x="127.338699" y="-96.322525">
   <element name="asa_lightning" layername="lightning" frame="0" z_index="6" m_a="0.447214" m_b="-0.894427" m_c="1.216734" m_d="0.608367" m_tx="2.000000" m_ty="3.000000"/>
  </frame>
  <frame idx="25" w="263" h="246" x="92.889168" y="-27.423431">
   <element name="asa_lightning" layername="lightning" frame="0" z_index="6" m_a="-0.179142" m_b="0.358284" m_c="1.216734" m_d="0.608367" m_tx="2.000000" m_ty="3.000000"/>
  </frame>
  <frame idx="50" w="285" h="261" x="85.999260" y="-13.643616">
   <element name="asa_lightning" layername="lightning" frame="4" z_index="6" m_a="-0.304413" m_b="0.608826" m_c="1.216734" m_d="0.608367" m_tx="2.000000" m_ty="3.000000"/>
  </frame>
  <frame idx="75" w="250" h="341" x="120.448792" y="-82.542709">
   <element name="asa_lightning" layername="lightning" frame="4" z_index="6" m_a="0.321942" m_b="-0.643885" m_c="1.216734" m_d="0.608367" m_tx="2.000000" m_ty="3.000000"/>
  </frame>
  <frame idx="100" w="269" h="456" x="137.797287" y="-117.239716">
   <element name="asa_lightning" layername="lightning" frame="3" z_index="6" m_a="0.637370" m_b="-1.274740" m_c="1.216734" m_d="0.608367" m_tx="2.000000" m_ty="3.000000"/>
  </frame>
  <frame idx="125" w="291" h="535" x="157.179031" y="-135.868530">
   <element name="asa_lightning" layername="lightning" frame="2" z_index="6" m_a="0.843331" m_b="-1.686662" m_c="1.279655" m_d="0.639827" m_tx="2.000000" m_ty="3.000000"/>
  </frame>
  <frame idx="150" w="334" h="591" x="196.537659" y="-130.691528">
   <element name="asa_lightning" layername="lightning" frame="2" z_index="6" m_a="0.948802" m_b="-1.897605" m_c="1.541824" m_d="0.770912" m_tx="2.000000" m_ty="3.000000"/>
  </frame>
  <frame idx="175" w="343" h="686" x="204.203918" y="-164.061340">
   <element name="asa_lightning" layername="lightning" frame="1" z_index="6" m_a="1.219369" m_b="-2.438739" m_c="1.485458" m_d="0.742729" m_tx="2.000000" m_ty="3.000000"/>
  </frame>
  <frame idx="200" w="327" h="805" x="190.741943" y="-223.129044">
   <element name="asa_lightning" layername="lightning" frame="0" z_index="6" m_a="1.600000" m_b="-3.200000" m_c="1.216734" m_d="0.608367" m_tx="2.000000" m_ty="3.000000"/>
  </frame>
  <frame idx="225" w="348" h="300" x="91.140396" y="20.652069">
   <element name="asa_lightning" layername="lightning" frame="0" z_index="6" m_a="-0.539686" m_b="1.079373" m_c="1.357993" m_d="0.678997" m_tx="2.000000" m_ty="2.375000"/>
  </frame>
  <frame idx="250" w="482" h="389" x="55.369278" y="101.109924">
   <element name="asa_lightning" layername="lightning" frame="4" z_index="6" m_a="-1.255820" m_b="2.511641" m_c="1.386245" m_d="0.693122" m_tx="2.000000" m_ty="2.250000"/>
  </frame>
  <frame idx="275" w="245" h="285" x="115.343811" y="-63.417122">
   <element name="asa_lightning" layername="lightning" frame="4" z_index="6" m_a="0.163375" m_b="-0.326749" m_c="1.244986" m_d="0.622493" m_tx="2.000000" m_ty="2.875000"/>
  </frame>
  <frame idx="300" w="231" h="233" x="98.922699" y="-39.880592">
   <element name="asa_lightning" layername="lightning" frame="1" z_index="6" m_a="-0.021844" m_b="0.040348" m_c="1.196282" m_d="0.647658" m_tx="2.000000" m_ty="3.000000"/>
  </frame>
  <frame idx="325" w="307" h="282" x="67.106613" y="5.053497">
   <element name="asa_lightning" layername="lightning" frame="3" z_index="6" m_a="-0.478782" m_b="0.831494" m_c="1.144060" m_d="0.658760" m_tx="2.000000" m_ty="3.000000"/>
  </frame>
  <frame idx="350" w="257" h="250" x="59.686661" y="-23.713921">
   <element name="asa_lightning" layername="lightning" frame="3" z_index="6" m_a="-0.301791" m_b="0.548711" m_c="1.010041" m_d="0.555523" m_tx="2.000000" m_ty="3.000000"/>
  </frame>
  <frame idx="375" w="207" h="218" x="51.189156" y="-52.130417">
   <element name="asa_lightning" layername="lightning" frame="3" z_index="6" m_a="-0.136130" m_b="0.259421" m_c="0.872471" m_d="0.457823" m_tx="2.000000" m_ty="3.000000"/>
  </frame>
 </anim>
 <anim name="idle_down" root="asa_lightning" numframes="400" framerate="40">
  <frame idx="0" w="118" h="282" x="3.000000" y="0.000000">
   <element name="asa_lightning" layername="lightning" frame="0" z_index="6" m_a="1.000000" m_b="0.000000" m_c="0.000000" m_d="1.000000" m_tx="3.000000" m_ty="0.000000"/>
  </frame>
  <frame idx="25" w="200" h="282" x="55.241005" y="0.000000">
   <element name="asa_lightning" layername="lightning" frame="0" z_index="6" m_a="2.143018" m_b="0.000000" m_c="0.000000" m_d="1.000000" m_tx="-7.625000" m_ty="0.000000"/>
  </frame>
  <frame idx="50" w="231" h="282" x="74.709473" y="0.000000">
   <element name="asa_lightning" layername="lightning" frame="1" z_index="6" m_a="2.581081" m_b="0.000000" m_c="0.000000" m_d="1.000000" m_tx="-12.250000" m_ty="0.000000"/>
  </frame>
  <frame idx="75" w="189" h="282" x="45.019150" y="0.000000">
   <element name="asa_lightning" layername="lightning" frame="1" z_index="6" m_a="1.961712" m_b="0.000000" m_c="0.000000" m_d="1.000000" m_tx="-7.875000" m_ty="0.000000"/>
  </frame>
  <frame idx="100" w="150" h="282" x="21.040550" y="0.000000">
   <element name="asa_lightning" layername="lightning" frame="2" z_index="6" m_a="1.418919" m_b="0.000000" m_c="0.000000" m_d="1.000000" m_tx="-2.000000" m_ty="0.000000"/>
  </frame>
  <frame idx="125" w="156" h="286" x="32.279282" y="3.548645">
   <element name="asa_lightning" layername="lightning" frame="3" z_index="6" m_a="1.566442" m_b="0.000000" m_c="0.000000" m_d="1.027724" m_tx="1.125000" m_ty="0.000000"/>
  </frame>
  <frame idx="150" w="337" h="306" x="178.675674" y="21.291840">
   <element name="asa_lightning" layername="lightning" frame="3" z_index="6" m_a="4.398649" m_b="0.000000" m_c="0.000000" m_d="1.166342" m_tx="-8.250000" m_ty="0.000000"/>
  </frame>
  <frame idx="175" w="330" h="302" x="172.085251" y="17.470230">
   <element name="asa_lightning" layername="lightning" frame="4" z_index="6" m_a="4.291060" m_b="0.000000" m_c="0.000000" m_d="1.136486" m_tx="-8.923077" m_ty="0.000000"/>
  </frame>
  <frame idx="200" w="159" h="282" x="39.171188" y="0.000000">
   <element name="asa_lightning" layername="lightning" frame="4" z_index="6" m_a="1.657658" m_b="0.000000" m_c="0.000000" m_d="1.000000" m_tx="3.000000" m_ty="0.000000"/>
  </frame>
  <frame idx="225" w="376" h="278" x="-141.578491" y="4.464287">
   <element name="asa_lightning" layername="lightning" frame="4" z_index="6" m_a="-1.807271" m_b="0.000000" m_c="0.000000" m_d="1.000000" m_tx="12.821429" m_ty="4.464286"/>
  </frame>
  <frame idx="250" w="326" h="279" x="-127.639969" y="3.824310">
   <element name="asa_lightning" layername="lightning" frame="2" z_index="6" m_a="-1.528245" m_b="0.000000" m_c="0.000000" m_d="1.000000" m_tx="11.413487" m_ty="3.824313"/>
  </frame>
  <frame idx="275" w="311" h="279" x="-123.774757" y="3.181015">
   <element name="asa_lightning" layername="lightning" frame="2" z_index="6" m_a="-1.432236" m_b="0.000000" m_c="0.000000" m_d="1.000000" m_tx="9.998226" m_ty="3.181012"/>
  </frame>
  <frame idx="300" w="294" h="280" x="-119.909569" y="2.537712">
   <element name="asa_lightning" layername="lightning" frame="2" z_index="6" m_a="-1.336228" m_b="0.000000" m_c="0.000000" m_d="1.000000" m_tx="8.582964" m_ty="2.537711"/>
  </frame>
  <frame idx="325" w="279" h="281" x="-116.044373" y="1.894409">
   <element name="asa_lightning" layername="lightning" frame="2" z_index="6" m_a="-1.240219" m_b="0.000000" m_c="0.000000" m_d="1.000000" m_tx="7.167702" m_ty="1.894410"/>
  </frame>
  <frame idx="350" w="182" h="281" x="-88.006721" y="1.071426">
   <element name="asa_lightning" layername="lightning" frame="1" z_index="6" m_a="-0.697525" m_b="0.000000" m_c="0.000000" m_d="1.000000" m_tx="5.357143" m_ty="1.071429"/>
  </frame>
  <frame idx="375" w="59" h="282" x="-50.568695" y="0.178574">
   <element name="asa_lightning" layername="lightning" frame="1" z_index="6" m_a="0.018881" m_b="0.000000" m_c="0.000000" m_d="1.000000" m_tx="3.392857" m_ty="0.178571"/>
  </frame>
 </anim>
 <anim name="red_idle" root="asa_lightning" numframes="1500" framerate="40">
  <frame idx="0" w="83" h="294" x="-3.000000" y="-11.000000">
   <element name="asa_lightning2" layername="asa_lightning2" frame="0" z_index="6" m_a="1.000000" m_b="0.000000" m_c="0.000000" m_d="1.000000" m_tx="-39.000000" m_ty="-139.000000"/>
  </frame>
  <frame idx="25" w="168" h="301" x="1.040855" y="-11.286560">
   <element name="asa_lightning2" layername="asa_lightning2" frame="0" z_index="6" m_a="1.973371" m_b="-0.082051" m_c="0.041543" m_d="0.999137" m_tx="-75.318016" m_ty="-136.222229"/>
  </frame>
  <frame idx="50" w="181" h="302" x="4.450821" y="-11.560654">
   <element name="asa_lightning2" layername="asa_lightning2" frame="3" z_index="6" m_a="2.200663" m_b="-0.083210" m_c="0.037784" m_d="0.999286" m_tx="-79.609406" m_ty="-136.473679"/>
  </frame>
  <frame idx="75" w="149" h="294" x="7.736473" y="-10.702698">
   <element name="asa_lightning2" layername="asa_lightning2" frame="2" z_index="6" m_a="1.975379" m_b="0.000000" m_c="0.000000" m_d="1.000000" m_tx="-63.377174" m_ty="-138.702698"/>
  </frame>
  <frame idx="100" w="371" h="286" x="19.898651" y="-3.270264">
   <element name="asa_lightning2" layername="asa_lightning2" frame="2" z_index="6" m_a="4.955757" m_b="0.000000" m_c="0.000000" m_d="1.000000" m_tx="-158.508606" m_ty="-131.270264"/>
  </frame>
  <frame idx="125" w="330" h="286" x="15.108963" y="-3.948730">
   <element name="asa_lightning2" layername="asa_lightning2" frame="1" z_index="6" m_a="4.376361" m_b="0.000000" m_c="0.000000" m_d="1.000000" m_tx="-142.440033" m_ty="-131.948715"/>
  </frame>
  <frame idx="150" w="83" h="294" x="-3.000000" y="-11.000000">
   <element name="asa_lightning2" layername="asa_lightning2" frame="4" z_index="6" m_a="1.000000" m_b="0.000000" m_c="0.000000" m_d="1.000000" m_tx="-39.000000" m_ty="-139.000000"/>
  </frame>
  <frame idx="175" w="63" h="294" x="0.209455" y="-11.000000">
   <element name="asa_lightning2" layername="asa_lightning2" frame="4" z_index="6" m_a="0.782488" m_b="0.000000" m_c="0.000000" m_d="1.000000" m_tx="-27.960108" m_ty="-139.000000"/>
  </frame>
  <frame idx="200" w="25" h="134" x="1.189069" y="-5.639038">
   <element name="asa_lightning2" layername="asa_lightning2" frame="5" z_index="6" m_a="0.314371" m_b="0.000000" m_c="0.000000" m_d="0.450333" m_tx="-10.128279" m_ty="-63.281639"/>
  </frame>
  <frame idx="225" w="3" h="10" x="0.757593" y="-1.515207">
   <element name="asa_lightning2" layername="asa_lightning2" frame="5" z_index="6" m_a="0.034593" m_b="0.000000" m_c="0.000000" m_d="0.027512" m_tx="-0.487754" m_ty="-5.036749"/>
  </frame>
  <frame idx="250" w="3" h="10" x="0.757593" y="-1.515207">
   <element name="asa_lightning2" layername="asa_lightning2" frame="5" z_index="6" m_a="0.034593" m_b="0.000000" m_c="0.000000" m_d="0.027512" m_tx="-0.487754" m_ty="-5.036749"/>
  </frame>
  <frame idx="275" w="3" h="10" x="0.757593" y="-1.515207">
   <element name="asa_lightning2" layername="asa_lightning2" frame="5" z_index="6" m_a="0.034593" m_b="0.000000" m_c="0.000000" m_d="0.027512" m_tx="-0.487754" m_ty="-5.036749"/>
  </frame>
  <frame idx="300" w="3" h="10" x="0.757593" y="-1.515207">
   <element name="asa_lightning2" layername="asa_lightning2" frame="5" z_index="6" m_a="0.034593" m_b="0.000000" m_c="0.000000" m_d="0.027512" m_tx="-0.487754" m_ty="-5.036749"/>
  </frame>
  <frame idx="325" w="3" h="10" x="0.757593" y="-1.515207">
   <element name="asa_lightning2" layername="asa_lightning2" frame="5" z_index="6" m_a="0.034593" m_b="0.000000" m_c="0.000000" m_d="0.027512" m_tx="-0.487754" m_ty="-5.036749"/>
  </frame>
  <frame idx="350" w="3" h="10" x="0.757593" y="-1.515207">
   <element name="asa_lightning2" layername="asa_lightning2" frame="5" z_index="6" m_a="0.034593" m_b="0.000000" m_c="0.000000" m_d="0.027512" m_tx="-0.487754" m_ty="-5.036749"/>
  </frame>
  <frame idx="375" w="3" h="10" x="0.757593" y="-1.515207">
   <element name="asa_lightning2" layername="asa_lightning2" frame="5" z_index="6" m_a="0.034593" m_b="0.000000" m_c="0.000000" m_d="0.027512" m_tx="-0.487754" m_ty="-5.036749"/>
  </frame>
  <frame idx="400" w="3" h="10" x="0.757593" y="-1.515207">
   <element name="asa_lightning2" layername="asa_lightning2" frame="5" z_index="6" m_a="0.034593" m_b="0.000000" m_c="0.000000" m_d="0.027512" m_tx="-0.487754" m_ty="-5.036749"/>
  </frame>
  <frame idx="425" w="3" h="10" x="0.757593" y="-1.515207">
   <element name="asa_lightning2" layername="asa_lightning2" frame="5" z_index="6" m_a="0.034593" m_b="0.000000" m_c="0.000000" m_d="0.027512" m_tx="-0.487754" m_ty="-5.036749"/>
  </frame>
  <frame idx="450" w="3" h="10" x="0.757593" y="-1.515207">
   <element name="asa_lightning2" layername="asa_lightning2" frame="5" z_index="6" m_a="0.034593" m_b="0.000000" m_c="0.000000" m_d="0.027512" m_tx="-0.487754" m_ty="-5.036749"/>
  </frame>
  <frame idx="475" w="3" h="10" x="0.757593" y="-1.515207">
   <element name="asa_lightning2" layername="asa_lightning2" frame="5" z_index="6" m_a="0.034593" m_b="0.000000" m_c="0.000000" m_d="0.027512" m_tx="-0.487754" m_ty="-5.036749"/>
  </frame>
  <frame idx="500" w="3" h="10" x="0.757593" y="-1.515207">
   <element name="asa_lightning2" layername="asa_lightning2" frame="5" z_index="6" m_a="0.034593" m_b="0.000000" m_c="0.000000" m_d="0.027512" m_tx="-0.487754" m_ty="-5.036749"/>
  </frame>
  <frame idx="525" w="3" h="10" x="0.757593" y="-1.515207">
   <element name="asa_lightning2" layername="asa_lightning2" frame="5" z_index="6" m_a="0.034593" m_b="0.000000" m_c="0.000000" m_d="0.027512" m_tx="-0.487754" m_ty="-5.036749"/>
  </frame>
  <frame idx="550" w="3" h="10" x="0.757593" y="-1.515207">
   <element name="asa_lightning2" layername="asa_lightning2" frame="5" z_index="6" m_a="0.034593" m_b="0.000000" m_c="0.000000" m_d="0.027512" m_tx="-0.487754" m_ty="-5.036749"/>
  </frame>
  <frame idx="575" w="3" h="10" x="0.757593" y="-1.515207">
   <element name="asa_lightning2" layername="asa_lightning2" frame="5" z_index="6" m_a="0.034593" m_b="0.000000" m_c="0.000000" m_d="0.027512" m_tx="-0.487754" m_ty="-5.036749"/>
  </frame>
  <frame idx="600" w="3" h="10" x="0.757593" y="-1.515207">
   <element name="asa_lightning2" layername="asa_lightning2" frame="5" z_index="6" m_a="0.034593" m_b="0.000000" m_c="0.000000" m_d="0.027512" m_tx="-0.487754" m_ty="-5.036749"/>
  </frame>
  <frame idx="625" w="3" h="10" x="0.757593" y="-1.515207">
   <element name="asa_lightning2" layername="asa_lightning2" frame="5" z_index="6" m_a="0.034593" m_b="0.000000" m_c="0.000000" m_d="0.027512" m_tx="-0.487754" m_ty="-5.036749"/>
  </frame>
  <frame idx="650" w="3" h="10" x="0.757593" y="-1.515207">
   <element name="asa_lightning2" layername="asa_lightning2" frame="5" z_index="6" m_a="0.034593" m_b="0.000000" m_c="0.000000" m_d="0.027512" m_tx="-0.487754" m_ty="-5.036749"/>
  </frame>
  <frame idx="675" w="3" h="10" x="0.757593" y="-1.515207">
   <element name="asa_lightning2" layername="asa_lightning2" frame="5" z_index="6" m_a="0.034593" m_b="0.000000" m_c="0.000000" m_d="0.027512" m_tx="-0.487754" m_ty="-5.036749"/>
  </frame>
  <frame idx="700" w="3" h="10" x="0.757593" y="-1.515207">
   <element name="asa_lightning2" layername="asa_lightning2" frame="5" z_index="6" m_a="0.034593" m_b="0.000000" m_c="0.000000" m_d="0.027512" m_tx="-0.487754" m_ty="-5.036749"/>
  </frame>
  <frame idx="725" w="3" h="10" x="0.757593" y="-1.515207">
   <element name="asa_lightning2" layername="asa_lightning2" frame="5" z_index="6" m_a="0.034593" m_b="0.000000" m_c="0.000000" m_d="0.027512" m_tx="-0.487754" m_ty="-5.036749"/>
  </frame>
  <frame idx="750" w="3" h="10" x="0.757593" y="-1.515207">
   <element name="asa_lightning2" layername="asa_lightning2" frame="5" z_index="6" m_a="0.034593" m_b="0.000000" m_c="0.000000" m_d="0.027512" m_tx="-0.487754" m_ty="-5.036749"/>
  </frame>
  <frame idx="775" w="3" h="10" x="0.757593" y="-1.515207">
   <element name="asa_lightning2" layername="asa_lightning2" frame="5" z_index="6" m_a="0.034593" m_b="0.000000" m_c="0.000000" m_d="0.027512" m_tx="-0.487754" m_ty="-5.036749"/>
  </frame>
  <frame idx="800" w="3" h="10" x="0.757593" y="-1.515207">
   <element name="asa_lightning2" layername="asa_lightning2" frame="5" z_index="6" m_a="0.034593" m_b="0.000000" m_c="0.000000" m_d="0.027512" m_tx="-0.487754" m_ty="-5.036749"/>
  </frame>
  <frame idx="825" w="3" h="10" x="0.757593" y="-1.515207">
   <element name="asa_lightning2" layername="asa_lightning2" frame="5" z_index="6" m_a="0.034593" m_b="0.000000" m_c="0.000000" m_d="0.027512" m_tx="-0.487754" m_ty="-5.036749"/>
  </frame>
  <frame idx="850" w="3" h="10" x="0.757593" y="-1.515207">
   <element name="asa_lightning2" layername="asa_lightning2" frame="5" z_index="6" m_a="0.034593" m_b="0.000000" m_c="0.000000" m_d="0.027512" m_tx="-0.487754" m_ty="-5.036749"/>
  </frame>
  <frame idx="875" w="3" h="10" x="0.757593" y="-1.515207">
   <element name="asa_lightning2" layername="asa_lightning2" frame="5" z_index="6" m_a="0.034593" m_b="0.000000" m_c="0.000000" m_d="0.027512" m_tx="-0.487754" m_ty="-5.036749"/>
  </frame>
  <frame idx="900" w="3" h="10" x="0.757593" y="-1.515207">
   <element name="asa_lightning2" layername="asa_lightning2" frame="5" z_index="6" m_a="0.034593" m_b="0.000000" m_c="0.000000" m_d="0.027512" m_tx="-0.487754" m_ty="-5.036749"/>
  </frame>
  <frame idx="925" w="3" h="10" x="0.757593" y="-1.515207">
   <element name="asa_lightning2" layername="asa_lightning2" frame="5" z_index="6" m_a="0.034593" m_b="0.000000" m_c="0.000000" m_d="0.027512" m_tx="-0.487754" m_ty="-5.036749"/>
  </frame>
  <frame idx="950" w="3" h="10" x="0.757593" y="-1.515207">
   <element name="asa_lightning2" layername="asa_lightning2" frame="5" z_index="6" m_a="0.034593" m_b="0.000000" m_c="0.000000" m_d="0.027512" m_tx="-0.487754" m_ty="-5.036749"/>
  </frame>
  <frame idx="975" w="3" h="10" x="0.757593" y="-1.515207">
   <element name="asa_lightning2" layername="asa_lightning2" frame="5" z_index="6" m_a="0.034593" m_b="0.000000" m_c="0.000000" m_d="0.027512" m_tx="-0.487754" m_ty="-5.036749"/>
  </frame>
  <frame idx="1000" w="3" h="10" x="0.757593" y="-1.515207">
   <element name="asa_lightning2" layername="asa_lightning2" frame="5" z_index="6" m_a="0.034593" m_b="0.000000" m_c="0.000000" m_d="0.027512" m_tx="-0.487754" m_ty="-5.036749"/>
  </frame>
  <frame idx="1025" w="3" h="10" x="0.757593" y="-1.515207">
   <element name="asa_lightning2" layername="asa_lightning2" frame="5" z_index="6" m_a="0.034593" m_b="0.000000" m_c="0.000000" m_d="0.027512" m_tx="-0.487754" m_ty="-5.036749"/>
  </frame>
  <frame idx="1050" w="3" h="10" x="0.757593" y="-1.515207">
   <element name="asa_lightning2" layername="asa_lightning2" frame="5" z_index="6" m_a="0.034593" m_b="0.000000" m_c="0.000000" m_d="0.027512" m_tx="-0.487754" m_ty="-5.036749"/>
  </frame>
  <frame idx="1075" w="3" h="10" x="0.757593" y="-1.515207">
   <element name="asa_lightning2" layername="asa_lightning2" frame="5" z_index="6" m_a="0.034593" m_b="0.000000" m_c="0.000000" m_d="0.027512" m_tx="-0.487754" m_ty="-5.036749"/>
  </frame>
  <frame idx="1100" w="3" h="10" x="0.757593" y="-1.515207">
   <element name="asa_lightning2" layername="asa_lightning2" frame="5" z_index="6" m_a="0.034593" m_b="0.000000" m_c="0.000000" m_d="0.027512" m_tx="-0.487754" m_ty="-5.036749"/>
  </frame>
  <frame idx="1125" w="3" h="10" x="0.757593" y="-1.515207">
   <element name="asa_lightning2" layername="asa_lightning2" frame="5" z_index="6" m_a="0.034593" m_b="0.000000" m_c="0.000000" m_d="0.027512" m_tx="-0.487754" m_ty="-5.036749"/>
  </frame>
  <frame idx="1150" w="3" h="10" x="0.757593" y="-1.515207">
   <element name="asa_lightning2" layername="asa_lightning2" frame="5" z_index="6" m_a="0.034593" m_b="0.000000" m_c="0.000000" m_d="0.027512" m_tx="-0.487754" m_ty="-5.036749"/>
  </frame>
  <frame idx="1175" w="3" h="10" x="0.757593" y="-1.515207">
   <element name="asa_lightning2" layername="asa_lightning2" frame="5" z_index="6" m_a="0.034593" m_b="0.000000" m_c="0.000000" m_d="0.027512" m_tx="-0.487754" m_ty="-5.036749"/>
  </frame>
  <frame idx="1200" w="3" h="10" x="0.757593" y="-1.515207">
   <element name="asa_lightning2" layername="asa_lightning2" frame="5" z_index="6" m_a="0.034593" m_b="0.000000" m_c="0.000000" m_d="0.027512" m_tx="-0.487754" m_ty="-5.036749"/>
  </frame>
  <frame idx="1225" w="3" h="10" x="0.757593" y="-1.515207">
   <element name="asa_lightning2" layername="asa_lightning2" frame="5" z_index="6" m_a="0.034593" m_b="0.000000" m_c="0.000000" m_d="0.027512" m_tx="-0.487754" m_ty="-5.036749"/>
  </frame>
  <frame idx="1250" w="3" h="10" x="0.757593" y="-1.515207">
   <element name="asa_lightning2" layername="asa_lightning2" frame="5" z_index="6" m_a="0.034593" m_b="0.000000" m_c="0.000000" m_d="0.027512" m_tx="-0.487754" m_ty="-5.036749"/>
  </frame>
  <frame idx="1275" w="3" h="10" x="0.757593" y="-1.515207">
   <element name="asa_lightning2" layername="asa_lightning2" frame="5" z_index="6" m_a="0.034593" m_b="0.000000" m_c="0.000000" m_d="0.027512" m_tx="-0.487754" m_ty="-5.036749"/>
  </frame>
  <frame idx="1300" w="3" h="10" x="0.757593" y="-1.515207">
   <element name="asa_lightning2" layername="asa_lightning2" frame="5" z_index="6" m_a="0.034593" m_b="0.000000" m_c="0.000000" m_d="0.027512" m_tx="-0.487754" m_ty="-5.036749"/>
  </frame>
  <frame idx="1325" w="3" h="10" x="0.757593" y="-1.515207">
   <element name="asa_lightning2" layername="asa_lightning2" frame="5" z_index="6" m_a="0.034593" m_b="0.000000" m_c="0.000000" m_d="0.027512" m_tx="-0.487754" m_ty="-5.036749"/>
  </frame>
  <frame idx="1350" w="3" h="10" x="0.757593" y="-1.515207">
   <element name="asa_lightning2" layername="asa_lightning2" frame="5" z_index="6" m_a="0.034593" m_b="0.000000" m_c="0.000000" m_d="0.027512" m_tx="-0.487754" m_ty="-5.036749"/>
  </frame>
  <frame idx="1375" w="3" h="10" x="0.757593" y="-1.515207">
   <element name="asa_lightning2" layername="asa_lightning2" frame="5" z_index="6" m_a="0.034593" m_b="0.000000" m_c="0.000000" m_d="0.027512" m_tx="-0.487754" m_ty="-5.036749"/>
  </frame>
  <frame idx="1400" w="3" h="10" x="0.757593" y="-1.515207">
   <element name="asa_lightning2" layername="asa_lightning2" frame="5" z_index="6" m_a="0.034593" m_b="0.000000" m_c="0.000000" m_d="0.027512" m_tx="-0.487754" m_ty="-5.036749"/>
  </frame>
  <frame idx="1425" w="3" h="10" x="0.757593" y="-1.515207">
   <element name="asa_lightning2" layername="asa_lightning2" frame="5" z_index="6" m_a="0.034593" m_b="0.000000" m_c="0.000000" m_d="0.027512" m_tx="-0.487754" m_ty="-5.036749"/>
  </frame>
  <frame idx="1450" w="3" h="10" x="0.757593" y="-1.515207">
   <element name="asa_lightning2" layername="asa_lightning2" frame="5" z_index="6" m_a="0.034593" m_b="0.000000" m_c="0.000000" m_d="0.027512" m_tx="-0.487754" m_ty="-5.036749"/>
  </frame>
  <frame idx="1475" w="3" h="10" x="0.757593" y="-1.515207">
   <element name="asa_lightning2" layername="asa_lightning2" frame="5" z_index="6" m_a="0.034593" m_b="0.000000" m_c="0.000000" m_d="0.027512" m_tx="-0.487754" m_ty="-5.036749"/>
  </frame>
 </anim>
</Anims>
