<Anims>
 <anim name="open" root="zxcatsleftlight" numframes="3000" framerate="40">
  <frame idx="0" w="880" h="1162" x="0.000000" y="-256.000000">
   <element name="images" layername="open" frame="2" z_index="2" m_a="1.000000" m_b="0.000000" m_c="0.000000" m_d="1.000000" m_tx="0.000000" m_ty="0.000000"/>
   <element name="images" layername="point" frame="0" z_index="3" m_a="5.000000" m_b="0.000000" m_c="0.000000" m_d="5.000000" m_tx="-59.000000" m_ty="-376.000000"/>
  </frame>
  <frame idx="25" w="880" h="1162" x="0.000000" y="-256.000000">
   <element name="images" layername="open" frame="2" z_index="2" m_a="1.000000" m_b="0.000000" m_c="0.000000" m_d="1.000000" m_tx="0.000000" m_ty="0.000000"/>
   <element name="images" layername="point" frame="0" z_index="3" m_a="5.050000" m_b="0.000000" m_c="0.000000" m_d="5.050000" m_tx="-59.000000" m_ty="-376.000000"/>
  </frame>
  <frame idx="50" w="882" h="1162" x="0.500000" y="-256.000000">
   <element name="images" layername="open" frame="2" z_index="2" m_a="1.000000" m_b="0.000000" m_c="0.000000" m_d="1.000000" m_tx="0.000000" m_ty="0.000000"/>
   <element name="images" layername="point" frame="0" z_index="3" m_a="5.100000" m_b="0.000000" m_c="0.000000" m_d="5.100000" m_tx="-59.000000" m_ty="-376.000000"/>
  </frame>
  <frame idx="75" w="884" h="1162" x="3.000000" y="-256.000000">
   <element name="images" layername="open" frame="2" z_index="2" m_a="1.000000" m_b="0.000000" m_c="0.000000" m_d="1.000000" m_tx="0.000000" m_ty="0.000000"/>
   <element name="images" layername="point" frame="0" z_index="3" m_a="5.150000" m_b="0.000000" m_c="0.000000" m_d="5.150000" m_tx="-59.000000" m_ty="-376.000000"/>
  </frame>
  <frame idx="100" w="887" h="1162" x="5.500000" y="-256.000000">
   <element name="images" layername="open" frame="2" z_index="2" m_a="1.000000" m_b="0.000000" m_c="0.000000" m_d="1.000000" m_tx="0.000000" m_ty="0.000000"/>
   <element name="images" layername="point" frame="0" z_index="3" m_a="5.200000" m_b="0.000000" m_c="0.000000" m_d="5.200000" m_tx="-59.000000" m_ty="-376.000000"/>
  </frame>
  <frame idx="125" w="889" h="1162" x="8.000000" y="-256.000000">
   <element name="images" layername="open" frame="2" z_index="2" m_a="1.000000" m_b="0.000000" m_c="0.000000" m_d="1.000000" m_tx="0.000000" m_ty="0.000000"/>
   <element name="images" layername="point" frame="0" z_index="3" m_a="5.250000" m_b="0.000000" m_c="0.000000" m_d="5.250000" m_tx="-59.000000" m_ty="-376.000000"/>
  </frame>
  <frame idx="150" w="893" h="1162" x="10.500000" y="-256.000000">
   <element name="images" layername="open" frame="2" z_index="2" m_a="1.000000" m_b="0.000000" m_c="0.000000" m_d="1.000000" m_tx="0.000000" m_ty="0.000000"/>
   <element name="images" layername="point" frame="0" z_index="3" m_a="5.300000" m_b="0.000000" m_c="0.000000" m_d="5.300000" m_tx="-59.000000" m_ty="-376.000000"/>
  </frame>
  <frame idx="175" w="895" h="1162" x="13.000000" y="-256.000000">
   <element name="images" layername="open" frame="2" z_index="2" m_a="1.000000" m_b="0.000000" m_c="0.000000" m_d="1.000000" m_tx="0.000000" m_ty="0.000000"/>
   <element name="images" layername="point" frame="0" z_index="3" m_a="5.350000" m_b="0.000000" m_c="0.000000" m_d="5.350000" m_tx="-59.000000" m_ty="-376.000000"/>
  </frame>
  <frame idx="200" w="898" h="1162" x="15.500000" y="-256.000000">
   <element name="images" layername="open" frame="2" z_index="2" m_a="1.000000" m_b="0.000000" m_c="0.000000" m_d="1.000000" m_tx="0.000000" m_ty="0.000000"/>
   <element name="images" layername="point" frame="0" z_index="3" m_a="5.400000" m_b="0.000000" m_c="0.000000" m_d="5.400000" m_tx="-59.000000" m_ty="-376.000000"/>
  </frame>
  <frame idx="225" w="900" h="1162" x="18.000000" y="-256.000000">
   <element name="images" layername="open" frame="2" z_index="2" m_a="1.000000" m_b="0.000000" m_c="0.000000" m_d="1.000000" m_tx="0.000000" m_ty="0.000000"/>
   <element name="images" layername="point" frame="0" z_index="3" m_a="5.450000" m_b="0.000000" m_c="0.000000" m_d="5.450000" m_tx="-59.000000" m_ty="-376.000000"/>
  </frame>
  <frame idx="250" w="904" h="1162" x="20.500000" y="-256.000000">
   <element name="images" layername="open" frame="2" z_index="2" m_a="1.000000" m_b="0.000000" m_c="0.000000" m_d="1.000000" m_tx="0.000000" m_ty="0.000000"/>
   <element name="images" layername="point" frame="0" z_index="3" m_a="5.500000" m_b="0.000000" m_c="0.000000" m_d="5.500000" m_tx="-59.000000" m_ty="-376.000000"/>
  </frame>
  <frame idx="275" w="906" h="1162" x="23.000000" y="-256.000000">
   <element name="images" layername="open" frame="2" z_index="2" m_a="1.000000" m_b="0.000000" m_c="0.000000" m_d="1.000000" m_tx="0.000000" m_ty="0.000000"/>
   <element name="images" layername="point" frame="0" z_index="3" m_a="5.550000" m_b="0.000000" m_c="0.000000" m_d="5.550000" m_tx="-59.000000" m_ty="-376.000000"/>
  </frame>
  <frame idx="300" w="909" h="1162" x="25.500000" y="-256.000000">
   <element name="images" layername="open" frame="2" z_index="2" m_a="1.000000" m_b="0.000000" m_c="0.000000" m_d="1.000000" m_tx="0.000000" m_ty="0.000000"/>
   <element name="images" layername="point" frame="0" z_index="3" m_a="5.600000" m_b="0.000000" m_c="0.000000" m_d="5.600000" m_tx="-59.000000" m_ty="-376.000000"/>
  </frame>
  <frame idx="325" w="911" h="1162" x="28.000000" y="-256.000000">
   <element name="images" layername="open" frame="2" z_index="2" m_a="1.000000" m_b="0.000000" m_c="0.000000" m_d="1.000000" m_tx="0.000000" m_ty="0.000000"/>
   <element name="images" layername="point" frame="0" z_index="3" m_a="5.650000" m_b="0.000000" m_c="0.000000" m_d="5.650000" m_tx="-59.000000" m_ty="-376.000000"/>
  </frame>
  <frame idx="350" w="915" h="1162" x="30.500000" y="-256.000000">
   <element name="images" layername="open" frame="2" z_index="2" m_a="1.000000" m_b="0.000000" m_c="0.000000" m_d="1.000000" m_tx="0.000000" m_ty="0.000000"/>
   <element name="images" layername="point" frame="0" z_index="3" m_a="5.700000" m_b="0.000000" m_c="0.000000" m_d="5.700000" m_tx="-59.000000" m_ty="-376.000000"/>
  </frame>
  <frame idx="375" w="917" h="1165" x="33.000000" y="-253.500000">
   <element name="images" layername="open" frame="2" z_index="2" m_a="1.000000" m_b="0.000000" m_c="0.000000" m_d="1.000000" m_tx="0.000000" m_ty="0.000000"/>
   <element name="images" layername="point" frame="0" z_index="3" m_a="5.750000" m_b="0.000000" m_c="0.000000" m_d="5.750000" m_tx="-59.000000" m_ty="-376.000000"/>
  </frame>
  <frame idx="400" w="920" h="1168" x="35.500000" y="-251.000000">
   <element name="images" layername="open" frame="2" z_index="2" m_a="1.000000" m_b="0.000000" m_c="0.000000" m_d="1.000000" m_tx="0.000000" m_ty="0.000000"/>
   <element name="images" layername="point" frame="0" z_index="3" m_a="5.800000" m_b="0.000000" m_c="0.000000" m_d="5.800000" m_tx="-59.000000" m_ty="-376.000000"/>
  </frame>
  <frame idx="425" w="922" h="1171" x="38.000000" y="-248.500000">
   <element name="images" layername="open" frame="2" z_index="2" m_a="1.000000" m_b="0.000000" m_c="0.000000" m_d="1.000000" m_tx="0.000000" m_ty="0.000000"/>
   <element name="images" layername="point" frame="0" z_index="3" m_a="5.850000" m_b="0.000000" m_c="0.000000" m_d="5.850000" m_tx="-59.000000" m_ty="-376.000000"/>
  </frame>
  <frame idx="450" w="926" h="1173" x="40.500000" y="-246.000000">
   <element name="images" layername="open" frame="2" z_index="2" m_a="1.000000" m_b="0.000000" m_c="0.000000" m_d="1.000000" m_tx="0.000000" m_ty="0.000000"/>
   <element name="images" layername="point" frame="0" z_index="3" m_a="5.900000" m_b="0.000000" m_c="0.000000" m_d="5.900000" m_tx="-59.000000" m_ty="-376.000000"/>
  </frame>
  <frame idx="475" w="928" h="1176" x="43.000000" y="-243.500000">
   <element name="images" layername="open" frame="2" z_index="2" m_a="1.000000" m_b="0.000000" m_c="0.000000" m_d="1.000000" m_tx="0.000000" m_ty="0.000000"/>
   <element name="images" layername="point" frame="0" z_index="3" m_a="5.950000" m_b="0.000000" m_c="0.000000" m_d="5.950000" m_tx="-59.000000" m_ty="-376.000000"/>
  </frame>
  <frame idx="500" w="931" h="1179" x="45.500000" y="-241.000000">
   <element name="images" layername="open" frame="2" z_index="2" m_a="1.000000" m_b="0.000000" m_c="0.000000" m_d="1.000000" m_tx="0.000000" m_ty="0.000000"/>
   <element name="images" layername="point" frame="0" z_index="3" m_a="6.000000" m_b="0.000000" m_c="0.000000" m_d="6.000000" m_tx="-59.000000" m_ty="-376.000000"/>
  </frame>
  <frame idx="525" w="933" h="1182" x="48.000000" y="-238.500000">
   <element name="images" layername="open" frame="2" z_index="2" m_a="1.000000" m_b="0.000000" m_c="0.000000" m_d="1.000000" m_tx="0.000000" m_ty="0.000000"/>
   <element name="images" layername="point" frame="0" z_index="3" m_a="6.050000" m_b="0.000000" m_c="0.000000" m_d="6.050000" m_tx="-59.000000" m_ty="-376.000000"/>
  </frame>
  <frame idx="550" w="937" h="1184" x="50.500000" y="-236.000000">
   <element name="images" layername="open" frame="2" z_index="2" m_a="1.000000" m_b="0.000000" m_c="0.000000" m_d="1.000000" m_tx="0.000000" m_ty="0.000000"/>
   <element name="images" layername="point" frame="0" z_index="3" m_a="6.100000" m_b="0.000000" m_c="0.000000" m_d="6.100000" m_tx="-59.000000" m_ty="-376.000000"/>
  </frame>
  <frame idx="575" w="939" h="1187" x="53.000000" y="-233.500000">
   <element name="images" layername="open" frame="2" z_index="2" m_a="1.000000" m_b="0.000000" m_c="0.000000" m_d="1.000000" m_tx="0.000000" m_ty="0.000000"/>
   <element name="images" layername="point" frame="0" z_index="3" m_a="6.150000" m_b="0.000000" m_c="0.000000" m_d="6.150000" m_tx="-59.000000" m_ty="-376.000000"/>
  </frame>
  <frame idx="600" w="942" h="1190" x="55.500000" y="-231.000000">
   <element name="images" layername="open" frame="2" z_index="2" m_a="1.000000" m_b="0.000000" m_c="0.000000" m_d="1.000000" m_tx="0.000000" m_ty="0.000000"/>
   <element name="images" layername="point" frame="0" z_index="3" m_a="6.200000" m_b="0.000000" m_c="0.000000" m_d="6.200000" m_tx="-59.000000" m_ty="-376.000000"/>
  </frame>
  <frame idx="625" w="944" h="1193" x="58.000000" y="-228.500000">
   <element name="images" layername="open" frame="2" z_index="2" m_a="1.000000" m_b="0.000000" m_c="0.000000" m_d="1.000000" m_tx="0.000000" m_ty="0.000000"/>
   <element name="images" layername="point" frame="0" z_index="3" m_a="6.250000" m_b="0.000000" m_c="0.000000" m_d="6.250000" m_tx="-59.000000" m_ty="-376.000000"/>
  </frame>
  <frame idx="650" w="948" h="1195" x="60.500000" y="-226.000000">
   <element name="images" layername="open" frame="2" z_index="2" m_a="1.000000" m_b="0.000000" m_c="0.000000" m_d="1.000000" m_tx="0.000000" m_ty="0.000000"/>
   <element name="images" layername="point" frame="0" z_index="3" m_a="6.300000" m_b="0.000000" m_c="0.000000" m_d="6.300000" m_tx="-59.000000" m_ty="-376.000000"/>
  </frame>
  <frame idx="675" w="950" h="1198" x="63.000000" y="-223.500000">
   <element name="images" layername="open" frame="2" z_index="2" m_a="1.000000" m_b="0.000000" m_c="0.000000" m_d="1.000000" m_tx="0.000000" m_ty="0.000000"/>
   <element name="images" layername="point" frame="0" z_index="3" m_a="6.350000" m_b="0.000000" m_c="0.000000" m_d="6.350000" m_tx="-59.000000" m_ty="-376.000000"/>
  </frame>
  <frame idx="700" w="953" h="1201" x="65.500000" y="-221.000000">
   <element name="images" layername="open" frame="2" z_index="2" m_a="1.000000" m_b="0.000000" m_c="0.000000" m_d="1.000000" m_tx="0.000000" m_ty="0.000000"/>
   <element name="images" layername="point" frame="0" z_index="3" m_a="6.400000" m_b="0.000000" m_c="0.000000" m_d="6.400000" m_tx="-59.000000" m_ty="-376.000000"/>
  </frame>
  <frame idx="725" w="955" h="1204" x="68.000000" y="-218.500000">
   <element name="images" layername="open" frame="2" z_index="2" m_a="1.000000" m_b="0.000000" m_c="0.000000" m_d="1.000000" m_tx="0.000000" m_ty="0.000000"/>
   <element name="images" layername="point" frame="0" z_index="3" m_a="6.450000" m_b="0.000000" m_c="0.000000" m_d="6.450000" m_tx="-59.000000" m_ty="-376.000000"/>
  </frame>
  <frame idx="750" w="959" h="1206" x="70.500000" y="-216.000000">
   <element name="images" layername="open" frame="2" z_index="2" m_a="1.000000" m_b="0.000000" m_c="0.000000" m_d="1.000000" m_tx="0.000000" m_ty="0.000000"/>
   <element name="images" layername="point" frame="0" z_index="3" m_a="6.500000" m_b="0.000000" m_c="0.000000" m_d="6.500000" m_tx="-59.000000" m_ty="-376.000000"/>
  </frame>
  <frame idx="775" w="961" h="1209" x="73.000000" y="-213.500000">
   <element name="images" layername="open" frame="2" z_index="2" m_a="1.000000" m_b="0.000000" m_c="0.000000" m_d="1.000000" m_tx="0.000000" m_ty="0.000000"/>
   <element name="images" layername="point" frame="0" z_index="3" m_a="6.550000" m_b="0.000000" m_c="0.000000" m_d="6.550000" m_tx="-59.000000" m_ty="-376.000000"/>
  </frame>
  <frame idx="800" w="964" h="1212" x="75.500031" y="-210.999969">
   <element name="images" layername="open" frame="2" z_index="2" m_a="1.000000" m_b="0.000000" m_c="0.000000" m_d="1.000000" m_tx="0.000000" m_ty="0.000000"/>
   <element name="images" layername="point" frame="0" z_index="3" m_a="6.600000" m_b="0.000000" m_c="0.000000" m_d="6.600000" m_tx="-59.000000" m_ty="-376.000000"/>
  </frame>
  <frame idx="825" w="966" h="1215" x="78.000000" y="-208.500000">
   <element name="images" layername="open" frame="2" z_index="2" m_a="1.000000" m_b="0.000000" m_c="0.000000" m_d="1.000000" m_tx="0.000000" m_ty="0.000000"/>
   <element name="images" layername="point" frame="0" z_index="3" m_a="6.650000" m_b="0.000000" m_c="0.000000" m_d="6.650000" m_tx="-59.000000" m_ty="-376.000000"/>
  </frame>
  <frame idx="850" w="970" h="1217" x="80.500000" y="-206.000000">
   <element name="images" layername="open" frame="2" z_index="2" m_a="1.000000" m_b="0.000000" m_c="0.000000" m_d="1.000000" m_tx="0.000000" m_ty="0.000000"/>
   <element name="images" layername="point" frame="0" z_index="3" m_a="6.700000" m_b="0.000000" m_c="0.000000" m_d="6.700000" m_tx="-59.000000" m_ty="-376.000000"/>
  </frame>
  <frame idx="875" w="972" h="1220" x="83.000000" y="-203.500000">
   <element name="images" layername="open" frame="2" z_index="2" m_a="1.000000" m_b="0.000000" m_c="0.000000" m_d="1.000000" m_tx="0.000000" m_ty="0.000000"/>
   <element name="images" layername="point" frame="0" z_index="3" m_a="6.750000" m_b="0.000000" m_c="0.000000" m_d="6.750000" m_tx="-59.000000" m_ty="-376.000000"/>
  </frame>
  <frame idx="900" w="975" h="1223" x="85.500000" y="-201.000000">
   <element name="images" layername="open" frame="2" z_index="2" m_a="1.000000" m_b="0.000000" m_c="0.000000" m_d="1.000000" m_tx="0.000000" m_ty="0.000000"/>
   <element name="images" layername="point" frame="0" z_index="3" m_a="6.800000" m_b="0.000000" m_c="0.000000" m_d="6.800000" m_tx="-59.000000" m_ty="-376.000000"/>
  </frame>
  <frame idx="925" w="977" h="1226" x="88.000000" y="-198.500000">
   <element name="images" layername="open" frame="2" z_index="2" m_a="1.000000" m_b="0.000000" m_c="0.000000" m_d="1.000000" m_tx="0.000000" m_ty="0.000000"/>
   <element name="images" layername="point" frame="0" z_index="3" m_a="6.850000" m_b="0.000000" m_c="0.000000" m_d="6.850000" m_tx="-59.000000" m_ty="-376.000000"/>
  </frame>
  <frame idx="950" w="981" h="1228" x="90.500000" y="-196.000000">
   <element name="images" layername="open" frame="2" z_index="2" m_a="1.000000" m_b="0.000000" m_c="0.000000" m_d="1.000000" m_tx="0.000000" m_ty="0.000000"/>
   <element name="images" layername="point" frame="0" z_index="3" m_a="6.900000" m_b="0.000000" m_c="0.000000" m_d="6.900000" m_tx="-59.000000" m_ty="-376.000000"/>
  </frame>
  <frame idx="975" w="983" h="1231" x="93.000000" y="-193.500000">
   <element name="images" layername="open" frame="2" z_index="2" m_a="1.000000" m_b="0.000000" m_c="0.000000" m_d="1.000000" m_tx="0.000000" m_ty="0.000000"/>
   <element name="images" layername="point" frame="0" z_index="3" m_a="6.950000" m_b="0.000000" m_c="0.000000" m_d="6.950000" m_tx="-59.000000" m_ty="-376.000000"/>
  </frame>
  <frame idx="1000" w="986" h="1234" x="95.500000" y="-191.000000">
   <element name="images" layername="open" frame="2" z_index="2" m_a="1.000000" m_b="0.000000" m_c="0.000000" m_d="1.000000" m_tx="0.000000" m_ty="0.000000"/>
   <element name="images" layername="point" frame="0" z_index="3" m_a="7.000000" m_b="0.000000" m_c="0.000000" m_d="7.000000" m_tx="-59.000000" m_ty="-376.000000"/>
  </frame>
  <frame idx="1025" w="988" h="1237" x="98.000000" y="-188.500000">
   <element name="images" layername="open" frame="2" z_index="2" m_a="1.000000" m_b="0.000000" m_c="0.000000" m_d="1.000000" m_tx="0.000000" m_ty="0.000000"/>
   <element name="images" layername="point" frame="0" z_index="3" m_a="7.050000" m_b="0.000000" m_c="0.000000" m_d="7.050000" m_tx="-59.000000" m_ty="-376.000000"/>
  </frame>
  <frame idx="1050" w="992" h="1239" x="100.500000" y="-186.000000">
   <element name="images" layername="open" frame="2" z_index="2" m_a="1.000000" m_b="0.000000" m_c="0.000000" m_d="1.000000" m_tx="0.000000" m_ty="0.000000"/>
   <element name="images" layername="point" frame="0" z_index="3" m_a="7.100000" m_b="0.000000" m_c="0.000000" m_d="7.100000" m_tx="-59.000000" m_ty="-376.000000"/>
  </frame>
  <frame idx="1075" w="994" h="1242" x="102.999969" y="-183.500031">
   <element name="images" layername="open" frame="2" z_index="2" m_a="1.000000" m_b="0.000000" m_c="0.000000" m_d="1.000000" m_tx="0.000000" m_ty="0.000000"/>
   <element name="images" layername="point" frame="0" z_index="3" m_a="7.150000" m_b="0.000000" m_c="0.000000" m_d="7.150000" m_tx="-59.000000" m_ty="-376.000000"/>
  </frame>
  <frame idx="1100" w="997" h="1245" x="105.500000" y="-181.000000">
   <element name="images" layername="open" frame="2" z_index="2" m_a="1.000000" m_b="0.000000" m_c="0.000000" m_d="1.000000" m_tx="0.000000" m_ty="0.000000"/>
   <element name="images" layername="point" frame="0" z_index="3" m_a="7.200000" m_b="0.000000" m_c="0.000000" m_d="7.200000" m_tx="-59.000000" m_ty="-376.000000"/>
  </frame>
  <frame idx="1125" w="999" h="1248" x="108.000000" y="-178.500000">
   <element name="images" layername="open" frame="2" z_index="2" m_a="1.000000" m_b="0.000000" m_c="0.000000" m_d="1.000000" m_tx="0.000000" m_ty="0.000000"/>
   <element name="images" layername="point" frame="0" z_index="3" m_a="7.250000" m_b="0.000000" m_c="0.000000" m_d="7.250000" m_tx="-59.000000" m_ty="-376.000000"/>
  </frame>
  <frame idx="1150" w="1003" h="1250" x="110.500000" y="-176.000000">
   <element name="images" layername="open" frame="2" z_index="2" m_a="1.000000" m_b="0.000000" m_c="0.000000" m_d="1.000000" m_tx="0.000000" m_ty="0.000000"/>
   <element name="images" layername="point" frame="0" z_index="3" m_a="7.300000" m_b="0.000000" m_c="0.000000" m_d="7.300000" m_tx="-59.000000" m_ty="-376.000000"/>
  </frame>
  <frame idx="1175" w="1005" h="1253" x="113.000000" y="-173.499969">
   <element name="images" layername="open" frame="2" z_index="2" m_a="1.000000" m_b="0.000000" m_c="0.000000" m_d="1.000000" m_tx="0.000000" m_ty="0.000000"/>
   <element name="images" layername="point" frame="0" z_index="3" m_a="7.350000" m_b="0.000000" m_c="0.000000" m_d="7.350000" m_tx="-59.000000" m_ty="-376.000000"/>
  </frame>
  <frame idx="1200" w="1008" h="1256" x="115.500000" y="-171.000000">
   <element name="images" layername="open" frame="2" z_index="2" m_a="1.000000" m_b="0.000000" m_c="0.000000" m_d="1.000000" m_tx="0.000000" m_ty="0.000000"/>
   <element name="images" layername="point" frame="0" z_index="3" m_a="7.400000" m_b="0.000000" m_c="0.000000" m_d="7.400000" m_tx="-59.000000" m_ty="-376.000000"/>
  </frame>
  <frame idx="1225" w="1010" h="1259" x="118.000000" y="-168.500000">
   <element name="images" layername="open" frame="2" z_index="2" m_a="1.000000" m_b="0.000000" m_c="0.000000" m_d="1.000000" m_tx="0.000000" m_ty="0.000000"/>
   <element name="images" layername="point" frame="0" z_index="3" m_a="7.450000" m_b="0.000000" m_c="0.000000" m_d="7.450000" m_tx="-59.000000" m_ty="-376.000000"/>
  </frame>
  <frame idx="1250" w="1014" h="1261" x="120.500000" y="-166.000000">
   <element name="images" layername="open" frame="2" z_index="2" m_a="1.000000" m_b="0.000000" m_c="0.000000" m_d="1.000000" m_tx="0.000000" m_ty="0.000000"/>
   <element name="images" layername="point" frame="0" z_index="3" m_a="7.500000" m_b="0.000000" m_c="0.000000" m_d="7.500000" m_tx="-59.000000" m_ty="-376.000000"/>
  </frame>
  <frame idx="1275" w="1016" h="1264" x="123.000000" y="-163.500000">
   <element name="images" layername="open" frame="2" z_index="2" m_a="1.000000" m_b="0.000000" m_c="0.000000" m_d="1.000000" m_tx="0.000000" m_ty="0.000000"/>
   <element name="images" layername="point" frame="0" z_index="3" m_a="7.550000" m_b="0.000000" m_c="0.000000" m_d="7.550000" m_tx="-59.000000" m_ty="-376.000000"/>
  </frame>
  <frame idx="1300" w="1019" h="1267" x="125.500000" y="-161.000000">
   <element name="images" layername="open" frame="2" z_index="2" m_a="1.000000" m_b="0.000000" m_c="0.000000" m_d="1.000000" m_tx="0.000000" m_ty="0.000000"/>
   <element name="images" layername="point" frame="0" z_index="3" m_a="7.600000" m_b="0.000000" m_c="0.000000" m_d="7.600000" m_tx="-59.000000" m_ty="-376.000000"/>
  </frame>
  <frame idx="1325" w="1021" h="1270" x="128.000000" y="-158.500000">
   <element name="images" layername="open" frame="2" z_index="2" m_a="1.000000" m_b="0.000000" m_c="0.000000" m_d="1.000000" m_tx="0.000000" m_ty="0.000000"/>
   <element name="images" layername="point" frame="0" z_index="3" m_a="7.650000" m_b="0.000000" m_c="0.000000" m_d="7.650000" m_tx="-59.000000" m_ty="-376.000000"/>
  </frame>
  <frame idx="1350" w="1025" h="1272" x="130.500000" y="-156.000000">
   <element name="images" layername="open" frame="2" z_index="2" m_a="1.000000" m_b="0.000000" m_c="0.000000" m_d="1.000000" m_tx="0.000000" m_ty="0.000000"/>
   <element name="images" layername="point" frame="0" z_index="3" m_a="7.700000" m_b="0.000000" m_c="0.000000" m_d="7.700000" m_tx="-59.000000" m_ty="-376.000000"/>
  </frame>
  <frame idx="1375" w="1027" h="1275" x="133.000000" y="-153.500000">
   <element name="images" layername="open" frame="2" z_index="2" m_a="1.000000" m_b="0.000000" m_c="0.000000" m_d="1.000000" m_tx="0.000000" m_ty="0.000000"/>
   <element name="images" layername="point" frame="0" z_index="3" m_a="7.750000" m_b="0.000000" m_c="0.000000" m_d="7.750000" m_tx="-59.000000" m_ty="-376.000000"/>
  </frame>
  <frame idx="1400" w="1030" h="1278" x="135.500000" y="-151.000000">
   <element name="images" layername="open" frame="2" z_index="2" m_a="1.000000" m_b="0.000000" m_c="0.000000" m_d="1.000000" m_tx="0.000000" m_ty="0.000000"/>
   <element name="images" layername="point" frame="0" z_index="3" m_a="7.800000" m_b="0.000000" m_c="0.000000" m_d="7.800000" m_tx="-59.000000" m_ty="-376.000000"/>
  </frame>
  <frame idx="1425" w="1032" h="1281" x="138.000000" y="-148.500000">
   <element name="images" layername="open" frame="2" z_index="2" m_a="1.000000" m_b="0.000000" m_c="0.000000" m_d="1.000000" m_tx="0.000000" m_ty="0.000000"/>
   <element name="images" layername="point" frame="0" z_index="3" m_a="7.850000" m_b="0.000000" m_c="0.000000" m_d="7.850000" m_tx="-59.000000" m_ty="-376.000000"/>
  </frame>
  <frame idx="1450" w="1036" h="1283" x="140.500000" y="-146.000031">
   <element name="images" layername="open" frame="2" z_index="2" m_a="1.000000" m_b="0.000000" m_c="0.000000" m_d="1.000000" m_tx="0.000000" m_ty="0.000000"/>
   <element name="images" layername="point" frame="0" z_index="3" m_a="7.900000" m_b="0.000000" m_c="0.000000" m_d="7.900000" m_tx="-59.000000" m_ty="-376.000000"/>
  </frame>
  <frame idx="1475" w="1038" h="1286" x="143.000000" y="-143.500000">
   <element name="images" layername="open" frame="2" z_index="2" m_a="1.000000" m_b="0.000000" m_c="0.000000" m_d="1.000000" m_tx="0.000000" m_ty="0.000000"/>
   <element name="images" layername="point" frame="0" z_index="3" m_a="7.950000" m_b="0.000000" m_c="0.000000" m_d="7.950000" m_tx="-59.000000" m_ty="-376.000000"/>
  </frame>
  <frame idx="1500" w="1041" h="1289" x="145.500000" y="-141.000000">
   <element name="images" layername="open" frame="2" z_index="2" m_a="1.000000" m_b="0.000000" m_c="0.000000" m_d="1.000000" m_tx="0.000000" m_ty="0.000000"/>
   <element name="images" layername="point" frame="0" z_index="3" m_a="8.000000" m_b="0.000000" m_c="0.000000" m_d="8.000000" m_tx="-59.000000" m_ty="-376.000000"/>
  </frame>
  <frame idx="1525" w="1038" h="1286" x="143.000000" y="-143.500000">
   <element name="images" layername="open" frame="2" z_index="2" m_a="1.000000" m_b="0.000000" m_c="0.000000" m_d="1.000000" m_tx="0.000000" m_ty="0.000000"/>
   <element name="images" layername="point" frame="0" z_index="3" m_a="7.950000" m_b="0.000000" m_c="0.000000" m_d="7.950000" m_tx="-59.000000" m_ty="-376.000000"/>
  </frame>
  <frame idx="1550" w="1036" h="1283" x="140.500000" y="-146.000000">
   <element name="images" layername="open" frame="2" z_index="2" m_a="1.000000" m_b="0.000000" m_c="0.000000" m_d="1.000000" m_tx="0.000000" m_ty="0.000000"/>
   <element name="images" layername="point" frame="0" z_index="3" m_a="7.900000" m_b="0.000000" m_c="0.000000" m_d="7.900000" m_tx="-59.000000" m_ty="-376.000000"/>
  </frame>
  <frame idx="1575" w="1032" h="1281" x="138.000000" y="-148.500000">
   <element name="images" layername="open" frame="2" z_index="2" m_a="1.000000" m_b="0.000000" m_c="0.000000" m_d="1.000000" m_tx="0.000000" m_ty="0.000000"/>
   <element name="images" layername="point" frame="0" z_index="3" m_a="7.850000" m_b="0.000000" m_c="0.000000" m_d="7.850000" m_tx="-59.000000" m_ty="-376.000000"/>
  </frame>
  <frame idx="1600" w="1030" h="1278" x="135.500000" y="-151.000000">
   <element name="images" layername="open" frame="2" z_index="2" m_a="1.000000" m_b="0.000000" m_c="0.000000" m_d="1.000000" m_tx="0.000000" m_ty="0.000000"/>
   <element name="images" layername="point" frame="0" z_index="3" m_a="7.800000" m_b="0.000000" m_c="0.000000" m_d="7.800000" m_tx="-59.000000" m_ty="-376.000000"/>
  </frame>
  <frame idx="1625" w="1027" h="1275" x="133.000000" y="-153.500000">
   <element name="images" layername="open" frame="2" z_index="2" m_a="1.000000" m_b="0.000000" m_c="0.000000" m_d="1.000000" m_tx="0.000000" m_ty="0.000000"/>
   <element name="images" layername="point" frame="0" z_index="3" m_a="7.750000" m_b="0.000000" m_c="0.000000" m_d="7.750000" m_tx="-59.000000" m_ty="-376.000000"/>
  </frame>
  <frame idx="1650" w="1025" h="1272" x="130.500000" y="-156.000000">
   <element name="images" layername="open" frame="2" z_index="2" m_a="1.000000" m_b="0.000000" m_c="0.000000" m_d="1.000000" m_tx="0.000000" m_ty="0.000000"/>
   <element name="images" layername="point" frame="0" z_index="3" m_a="7.700000" m_b="0.000000" m_c="0.000000" m_d="7.700000" m_tx="-59.000000" m_ty="-376.000000"/>
  </frame>
  <frame idx="1675" w="1021" h="1270" x="128.000000" y="-158.500000">
   <element name="images" layername="open" frame="2" z_index="2" m_a="1.000000" m_b="0.000000" m_c="0.000000" m_d="1.000000" m_tx="0.000000" m_ty="0.000000"/>
   <element name="images" layername="point" frame="0" z_index="3" m_a="7.650000" m_b="0.000000" m_c="0.000000" m_d="7.650000" m_tx="-59.000000" m_ty="-376.000000"/>
  </frame>
  <frame idx="1700" w="1019" h="1267" x="125.500000" y="-161.000000">
   <element name="images" layername="open" frame="2" z_index="2" m_a="1.000000" m_b="0.000000" m_c="0.000000" m_d="1.000000" m_tx="0.000000" m_ty="0.000000"/>
   <element name="images" layername="point" frame="0" z_index="3" m_a="7.600000" m_b="0.000000" m_c="0.000000" m_d="7.600000" m_tx="-59.000000" m_ty="-376.000000"/>
  </frame>
  <frame idx="1725" w="1016" h="1264" x="123.000000" y="-163.500000">
   <element name="images" layername="open" frame="2" z_index="2" m_a="1.000000" m_b="0.000000" m_c="0.000000" m_d="1.000000" m_tx="0.000000" m_ty="0.000000"/>
   <element name="images" layername="point" frame="0" z_index="3" m_a="7.550000" m_b="0.000000" m_c="0.000000" m_d="7.550000" m_tx="-59.000000" m_ty="-376.000000"/>
  </frame>
  <frame idx="1750" w="1014" h="1261" x="120.500000" y="-166.000000">
   <element name="images" layername="open" frame="2" z_index="2" m_a="1.000000" m_b="0.000000" m_c="0.000000" m_d="1.000000" m_tx="0.000000" m_ty="0.000000"/>
   <element name="images" layername="point" frame="0" z_index="3" m_a="7.500000" m_b="0.000000" m_c="0.000000" m_d="7.500000" m_tx="-59.000000" m_ty="-376.000000"/>
  </frame>
  <frame idx="1775" w="1010" h="1259" x="118.000000" y="-168.500000">
   <element name="images" layername="open" frame="2" z_index="2" m_a="1.000000" m_b="0.000000" m_c="0.000000" m_d="1.000000" m_tx="0.000000" m_ty="0.000000"/>
   <element name="images" layername="point" frame="0" z_index="3" m_a="7.450000" m_b="0.000000" m_c="0.000000" m_d="7.450000" m_tx="-59.000000" m_ty="-376.000000"/>
  </frame>
  <frame idx="1800" w="1008" h="1256" x="115.500000" y="-171.000000">
   <element name="images" layername="open" frame="2" z_index="2" m_a="1.000000" m_b="0.000000" m_c="0.000000" m_d="1.000000" m_tx="0.000000" m_ty="0.000000"/>
   <element name="images" layername="point" frame="0" z_index="3" m_a="7.400000" m_b="0.000000" m_c="0.000000" m_d="7.400000" m_tx="-59.000000" m_ty="-376.000000"/>
  </frame>
  <frame idx="1825" w="1005" h="1253" x="113.000000" y="-173.500000">
   <element name="images" layername="open" frame="2" z_index="2" m_a="1.000000" m_b="0.000000" m_c="0.000000" m_d="1.000000" m_tx="0.000000" m_ty="0.000000"/>
   <element name="images" layername="point" frame="0" z_index="3" m_a="7.350000" m_b="0.000000" m_c="0.000000" m_d="7.350000" m_tx="-59.000000" m_ty="-376.000000"/>
  </frame>
  <frame idx="1850" w="1003" h="1250" x="110.500000" y="-176.000000">
   <element name="images" layername="open" frame="2" z_index="2" m_a="1.000000" m_b="0.000000" m_c="0.000000" m_d="1.000000" m_tx="0.000000" m_ty="0.000000"/>
   <element name="images" layername="point" frame="0" z_index="3" m_a="7.300000" m_b="0.000000" m_c="0.000000" m_d="7.300000" m_tx="-59.000000" m_ty="-376.000000"/>
  </frame>
  <frame idx="1875" w="999" h="1248" x="108.000000" y="-178.500000">
   <element name="images" layername="open" frame="2" z_index="2" m_a="1.000000" m_b="0.000000" m_c="0.000000" m_d="1.000000" m_tx="0.000000" m_ty="0.000000"/>
   <element name="images" layername="point" frame="0" z_index="3" m_a="7.250000" m_b="0.000000" m_c="0.000000" m_d="7.250000" m_tx="-59.000000" m_ty="-376.000000"/>
  </frame>
  <frame idx="1900" w="997" h="1245" x="105.500000" y="-181.000000">
   <element name="images" layername="open" frame="2" z_index="2" m_a="1.000000" m_b="0.000000" m_c="0.000000" m_d="1.000000" m_tx="0.000000" m_ty="0.000000"/>
   <element name="images" layername="point" frame="0" z_index="3" m_a="7.200000" m_b="0.000000" m_c="0.000000" m_d="7.200000" m_tx="-59.000000" m_ty="-376.000000"/>
  </frame>
  <frame idx="1925" w="994" h="1242" x="103.000000" y="-183.500000">
   <element name="images" layername="open" frame="2" z_index="2" m_a="1.000000" m_b="0.000000" m_c="0.000000" m_d="1.000000" m_tx="0.000000" m_ty="0.000000"/>
   <element name="images" layername="point" frame="0" z_index="3" m_a="7.150000" m_b="0.000000" m_c="0.000000" m_d="7.150000" m_tx="-59.000000" m_ty="-376.000000"/>
  </frame>
  <frame idx="1950" w="992" h="1239" x="100.500000" y="-186.000000">
   <element name="images" layername="open" frame="2" z_index="2" m_a="1.000000" m_b="0.000000" m_c="0.000000" m_d="1.000000" m_tx="0.000000" m_ty="0.000000"/>
   <element name="images" layername="point" frame="0" z_index="3" m_a="7.100000" m_b="0.000000" m_c="0.000000" m_d="7.100000" m_tx="-59.000000" m_ty="-376.000000"/>
  </frame>
  <frame idx="1975" w="988" h="1237" x="98.000000" y="-188.500000">
   <element name="images" layername="open" frame="2" z_index="2" m_a="1.000000" m_b="0.000000" m_c="0.000000" m_d="1.000000" m_tx="0.000000" m_ty="0.000000"/>
   <element name="images" layername="point" frame="0" z_index="3" m_a="7.050000" m_b="0.000000" m_c="0.000000" m_d="7.050000" m_tx="-59.000000" m_ty="-376.000000"/>
  </frame>
  <frame idx="2000" w="986" h="1234" x="95.500000" y="-191.000000">
   <element name="images" layername="open" frame="2" z_index="2" m_a="1.000000" m_b="0.000000" m_c="0.000000" m_d="1.000000" m_tx="0.000000" m_ty="0.000000"/>
   <element name="images" layername="point" frame="0" z_index="3" m_a="7.000000" m_b="0.000000" m_c="0.000000" m_d="7.000000" m_tx="-59.000000" m_ty="-376.000000"/>
  </frame>
  <frame idx="2025" w="983" h="1231" x="93.000000" y="-193.500000">
   <element name="images" layername="open" frame="2" z_index="2" m_a="1.000000" m_b="0.000000" m_c="0.000000" m_d="1.000000" m_tx="0.000000" m_ty="0.000000"/>
   <element name="images" layername="point" frame="0" z_index="3" m_a="6.950000" m_b="0.000000" m_c="0.000000" m_d="6.950000" m_tx="-59.000000" m_ty="-376.000000"/>
  </frame>
  <frame idx="2050" w="981" h="1228" x="90.500000" y="-196.000000">
   <element name="images" layername="open" frame="2" z_index="2" m_a="1.000000" m_b="0.000000" m_c="0.000000" m_d="1.000000" m_tx="0.000000" m_ty="0.000000"/>
   <element name="images" layername="point" frame="0" z_index="3" m_a="6.900000" m_b="0.000000" m_c="0.000000" m_d="6.900000" m_tx="-59.000000" m_ty="-376.000000"/>
  </frame>
  <frame idx="2075" w="977" h="1226" x="88.000000" y="-198.500000">
   <element name="images" layername="open" frame="2" z_index="2" m_a="1.000000" m_b="0.000000" m_c="0.000000" m_d="1.000000" m_tx="0.000000" m_ty="0.000000"/>
   <element name="images" layername="point" frame="0" z_index="3" m_a="6.850000" m_b="0.000000" m_c="0.000000" m_d="6.850000" m_tx="-59.000000" m_ty="-376.000000"/>
  </frame>
  <frame idx="2100" w="975" h="1223" x="85.500000" y="-201.000000">
   <element name="images" layername="open" frame="2" z_index="2" m_a="1.000000" m_b="0.000000" m_c="0.000000" m_d="1.000000" m_tx="0.000000" m_ty="0.000000"/>
   <element name="images" layername="point" frame="0" z_index="3" m_a="6.800000" m_b="0.000000" m_c="0.000000" m_d="6.800000" m_tx="-59.000000" m_ty="-376.000000"/>
  </frame>
  <frame idx="2125" w="972" h="1220" x="83.000000" y="-203.500000">
   <element name="images" layername="open" frame="2" z_index="2" m_a="1.000000" m_b="0.000000" m_c="0.000000" m_d="1.000000" m_tx="0.000000" m_ty="0.000000"/>
   <element name="images" layername="point" frame="0" z_index="3" m_a="6.750000" m_b="0.000000" m_c="0.000000" m_d="6.750000" m_tx="-59.000000" m_ty="-376.000000"/>
  </frame>
  <frame idx="2150" w="970" h="1217" x="80.500000" y="-206.000000">
   <element name="images" layername="open" frame="2" z_index="2" m_a="1.000000" m_b="0.000000" m_c="0.000000" m_d="1.000000" m_tx="0.000000" m_ty="0.000000"/>
   <element name="images" layername="point" frame="0" z_index="3" m_a="6.700000" m_b="0.000000" m_c="0.000000" m_d="6.700000" m_tx="-59.000000" m_ty="-376.000000"/>
  </frame>
  <frame idx="2175" w="966" h="1215" x="78.000000" y="-208.500000">
   <element name="images" layername="open" frame="2" z_index="2" m_a="1.000000" m_b="0.000000" m_c="0.000000" m_d="1.000000" m_tx="0.000000" m_ty="0.000000"/>
   <element name="images" layername="point" frame="0" z_index="3" m_a="6.650000" m_b="0.000000" m_c="0.000000" m_d="6.650000" m_tx="-59.000000" m_ty="-376.000000"/>
  </frame>
  <frame idx="2200" w="964" h="1212" x="75.500000" y="-211.000000">
   <element name="images" layername="open" frame="2" z_index="2" m_a="1.000000" m_b="0.000000" m_c="0.000000" m_d="1.000000" m_tx="0.000000" m_ty="0.000000"/>
   <element name="images" layername="point" frame="0" z_index="3" m_a="6.600000" m_b="0.000000" m_c="0.000000" m_d="6.600000" m_tx="-59.000000" m_ty="-376.000000"/>
  </frame>
  <frame idx="2225" w="961" h="1209" x="73.000000" y="-213.500000">
   <element name="images" layername="open" frame="2" z_index="2" m_a="1.000000" m_b="0.000000" m_c="0.000000" m_d="1.000000" m_tx="0.000000" m_ty="0.000000"/>
   <element name="images" layername="point" frame="0" z_index="3" m_a="6.550000" m_b="0.000000" m_c="0.000000" m_d="6.550000" m_tx="-59.000000" m_ty="-376.000000"/>
  </frame>
  <frame idx="2250" w="959" h="1206" x="70.500000" y="-216.000000">
   <element name="images" layername="open" frame="2" z_index="2" m_a="1.000000" m_b="0.000000" m_c="0.000000" m_d="1.000000" m_tx="0.000000" m_ty="0.000000"/>
   <element name="images" layername="point" frame="0" z_index="3" m_a="6.500000" m_b="0.000000" m_c="0.000000" m_d="6.500000" m_tx="-59.000000" m_ty="-376.000000"/>
  </frame>
  <frame idx="2275" w="955" h="1204" x="68.000000" y="-218.500000">
   <element name="images" layername="open" frame="2" z_index="2" m_a="1.000000" m_b="0.000000" m_c="0.000000" m_d="1.000000" m_tx="0.000000" m_ty="0.000000"/>
   <element name="images" layername="point" frame="0" z_index="3" m_a="6.450000" m_b="0.000000" m_c="0.000000" m_d="6.450000" m_tx="-59.000000" m_ty="-376.000000"/>
  </frame>
  <frame idx="2300" w="953" h="1201" x="65.499969" y="-221.000031">
   <element name="images" layername="open" frame="2" z_index="2" m_a="1.000000" m_b="0.000000" m_c="0.000000" m_d="1.000000" m_tx="0.000000" m_ty="0.000000"/>
   <element name="images" layername="point" frame="0" z_index="3" m_a="6.400000" m_b="0.000000" m_c="0.000000" m_d="6.400000" m_tx="-59.000000" m_ty="-376.000000"/>
  </frame>
  <frame idx="2325" w="950" h="1198" x="63.000000" y="-223.500000">
   <element name="images" layername="open" frame="2" z_index="2" m_a="1.000000" m_b="0.000000" m_c="0.000000" m_d="1.000000" m_tx="0.000000" m_ty="0.000000"/>
   <element name="images" layername="point" frame="0" z_index="3" m_a="6.350000" m_b="0.000000" m_c="0.000000" m_d="6.350000" m_tx="-59.000000" m_ty="-376.000000"/>
  </frame>
  <frame idx="2350" w="948" h="1195" x="60.500000" y="-226.000000">
   <element name="images" layername="open" frame="2" z_index="2" m_a="1.000000" m_b="0.000000" m_c="0.000000" m_d="1.000000" m_tx="0.000000" m_ty="0.000000"/>
   <element name="images" layername="point" frame="0" z_index="3" m_a="6.300000" m_b="0.000000" m_c="0.000000" m_d="6.300000" m_tx="-59.000000" m_ty="-376.000000"/>
  </frame>
  <frame idx="2375" w="944" h="1193" x="58.000000" y="-228.500000">
   <element name="images" layername="open" frame="2" z_index="2" m_a="1.000000" m_b="0.000000" m_c="0.000000" m_d="1.000000" m_tx="0.000000" m_ty="0.000000"/>
   <element name="images" layername="point" frame="0" z_index="3" m_a="6.250000" m_b="0.000000" m_c="0.000000" m_d="6.250000" m_tx="-59.000000" m_ty="-376.000000"/>
  </frame>
  <frame idx="2400" w="942" h="1190" x="55.500000" y="-231.000000">
   <element name="images" layername="open" frame="2" z_index="2" m_a="1.000000" m_b="0.000000" m_c="0.000000" m_d="1.000000" m_tx="0.000000" m_ty="0.000000"/>
   <element name="images" layername="point" frame="0" z_index="3" m_a="6.200000" m_b="0.000000" m_c="0.000000" m_d="6.200000" m_tx="-59.000000" m_ty="-376.000000"/>
  </frame>
  <frame idx="2425" w="939" h="1187" x="53.000000" y="-233.500000">
   <element name="images" layername="open" frame="2" z_index="2" m_a="1.000000" m_b="0.000000" m_c="0.000000" m_d="1.000000" m_tx="0.000000" m_ty="0.000000"/>
   <element name="images" layername="point" frame="0" z_index="3" m_a="6.150000" m_b="0.000000" m_c="0.000000" m_d="6.150000" m_tx="-59.000000" m_ty="-376.000000"/>
  </frame>
  <frame idx="2450" w="937" h="1184" x="50.500000" y="-236.000000">
   <element name="images" layername="open" frame="2" z_index="2" m_a="1.000000" m_b="0.000000" m_c="0.000000" m_d="1.000000" m_tx="0.000000" m_ty="0.000000"/>
   <element name="images" layername="point" frame="0" z_index="3" m_a="6.100000" m_b="0.000000" m_c="0.000000" m_d="6.100000" m_tx="-59.000000" m_ty="-376.000000"/>
  </frame>
  <frame idx="2475" w="933" h="1182" x="48.000000" y="-238.500000">
   <element name="images" layername="open" frame="2" z_index="2" m_a="1.000000" m_b="0.000000" m_c="0.000000" m_d="1.000000" m_tx="0.000000" m_ty="0.000000"/>
   <element name="images" layername="point" frame="0" z_index="3" m_a="6.050000" m_b="0.000000" m_c="0.000000" m_d="6.050000" m_tx="-59.000000" m_ty="-376.000000"/>
  </frame>
  <frame idx="2500" w="931" h="1179" x="45.500000" y="-241.000000">
   <element name="images" layername="open" frame="2" z_index="2" m_a="1.000000" m_b="0.000000" m_c="0.000000" m_d="1.000000" m_tx="0.000000" m_ty="0.000000"/>
   <element name="images" layername="point" frame="0" z_index="3" m_a="6.000000" m_b="0.000000" m_c="0.000000" m_d="6.000000" m_tx="-59.000000" m_ty="-376.000000"/>
  </frame>
  <frame idx="2525" w="928" h="1176" x="43.000000" y="-243.500000">
   <element name="images" layername="open" frame="2" z_index="2" m_a="1.000000" m_b="0.000000" m_c="0.000000" m_d="1.000000" m_tx="0.000000" m_ty="0.000000"/>
   <element name="images" layername="point" frame="0" z_index="3" m_a="5.950000" m_b="0.000000" m_c="0.000000" m_d="5.950000" m_tx="-59.000000" m_ty="-376.000000"/>
  </frame>
  <frame idx="2550" w="926" h="1173" x="40.500000" y="-246.000000">
   <element name="images" layername="open" frame="2" z_index="2" m_a="1.000000" m_b="0.000000" m_c="0.000000" m_d="1.000000" m_tx="0.000000" m_ty="0.000000"/>
   <element name="images" layername="point" frame="0" z_index="3" m_a="5.900000" m_b="0.000000" m_c="0.000000" m_d="5.900000" m_tx="-59.000000" m_ty="-376.000000"/>
  </frame>
  <frame idx="2575" w="922" h="1171" x="38.000031" y="-248.499969">
   <element name="images" layername="open" frame="2" z_index="2" m_a="1.000000" m_b="0.000000" m_c="0.000000" m_d="1.000000" m_tx="0.000000" m_ty="0.000000"/>
   <element name="images" layername="point" frame="0" z_index="3" m_a="5.850000" m_b="0.000000" m_c="0.000000" m_d="5.850000" m_tx="-59.000000" m_ty="-376.000000"/>
  </frame>
  <frame idx="2600" w="920" h="1168" x="35.500000" y="-251.000000">
   <element name="images" layername="open" frame="2" z_index="2" m_a="1.000000" m_b="0.000000" m_c="0.000000" m_d="1.000000" m_tx="0.000000" m_ty="0.000000"/>
   <element name="images" layername="point" frame="0" z_index="3" m_a="5.800000" m_b="0.000000" m_c="0.000000" m_d="5.800000" m_tx="-59.000000" m_ty="-376.000000"/>
  </frame>
  <frame idx="2625" w="917" h="1165" x="33.000000" y="-253.500000">
   <element name="images" layername="open" frame="2" z_index="2" m_a="1.000000" m_b="0.000000" m_c="0.000000" m_d="1.000000" m_tx="0.000000" m_ty="0.000000"/>
   <element name="images" layername="point" frame="0" z_index="3" m_a="5.750000" m_b="0.000000" m_c="0.000000" m_d="5.750000" m_tx="-59.000000" m_ty="-376.000000"/>
  </frame>
  <frame idx="2650" w="915" h="1162" x="30.500000" y="-256.000000">
   <element name="images" layername="open" frame="2" z_index="2" m_a="1.000000" m_b="0.000000" m_c="0.000000" m_d="1.000000" m_tx="0.000000" m_ty="0.000000"/>
   <element name="images" layername="point" frame="0" z_index="3" m_a="5.700000" m_b="0.000000" m_c="0.000000" m_d="5.700000" m_tx="-59.000000" m_ty="-376.000000"/>
  </frame>
  <frame idx="2675" w="911" h="1162" x="27.999969" y="-256.000000">
   <element name="images" layername="open" frame="2" z_index="2" m_a="1.000000" m_b="0.000000" m_c="0.000000" m_d="1.000000" m_tx="0.000000" m_ty="0.000000"/>
   <element name="images" layername="point" frame="0" z_index="3" m_a="5.650000" m_b="0.000000" m_c="0.000000" m_d="5.650000" m_tx="-59.000000" m_ty="-376.000000"/>
  </frame>
  <frame idx="2700" w="909" h="1162" x="25.500000" y="-256.000000">
   <element name="images" layername="open" frame="2" z_index="2" m_a="1.000000" m_b="0.000000" m_c="0.000000" m_d="1.000000" m_tx="0.000000" m_ty="0.000000"/>
   <element name="images" layername="point" frame="0" z_index="3" m_a="5.600000" m_b="0.000000" m_c="0.000000" m_d="5.600000" m_tx="-59.000000" m_ty="-376.000000"/>
  </frame>
  <frame idx="2725" w="906" h="1162" x="23.000000" y="-256.000000">
   <element name="images" layername="open" frame="2" z_index="2" m_a="1.000000" m_b="0.000000" m_c="0.000000" m_d="1.000000" m_tx="0.000000" m_ty="0.000000"/>
   <element name="images" layername="point" frame="0" z_index="3" m_a="5.550000" m_b="0.000000" m_c="0.000000" m_d="5.550000" m_tx="-59.000000" m_ty="-376.000000"/>
  </frame>
  <frame idx="2750" w="904" h="1162" x="20.500000" y="-256.000000">
   <element name="images" layername="open" frame="2" z_index="2" m_a="1.000000" m_b="0.000000" m_c="0.000000" m_d="1.000000" m_tx="0.000000" m_ty="0.000000"/>
   <element name="images" layername="point" frame="0" z_index="3" m_a="5.500000" m_b="0.000000" m_c="0.000000" m_d="5.500000" m_tx="-59.000000" m_ty="-376.000000"/>
  </frame>
  <frame idx="2775" w="900" h="1162" x="18.000000" y="-256.000000">
   <element name="images" layername="open" frame="2" z_index="2" m_a="1.000000" m_b="0.000000" m_c="0.000000" m_d="1.000000" m_tx="0.000000" m_ty="0.000000"/>
   <element name="images" layername="point" frame="0" z_index="3" m_a="5.450000" m_b="0.000000" m_c="0.000000" m_d="5.450000" m_tx="-59.000000" m_ty="-376.000000"/>
  </frame>
  <frame idx="2800" w="898" h="1162" x="15.500000" y="-256.000000">
   <element name="images" layername="open" frame="2" z_index="2" m_a="1.000000" m_b="0.000000" m_c="0.000000" m_d="1.000000" m_tx="0.000000" m_ty="0.000000"/>
   <element name="images" layername="point" frame="0" z_index="3" m_a="5.400000" m_b="0.000000" m_c="0.000000" m_d="5.400000" m_tx="-59.000000" m_ty="-376.000000"/>
  </frame>
  <frame idx="2825" w="895" h="1162" x="13.000000" y="-256.000000">
   <element name="images" layername="open" frame="2" z_index="2" m_a="1.000000" m_b="0.000000" m_c="0.000000" m_d="1.000000" m_tx="0.000000" m_ty="0.000000"/>
   <element name="images" layername="point" frame="0" z_index="3" m_a="5.350000" m_b="0.000000" m_c="0.000000" m_d="5.350000" m_tx="-59.000000" m_ty="-376.000000"/>
  </frame>
  <frame idx="2850" w="893" h="1162" x="10.500000" y="-256.000000">
   <element name="images" layername="open" frame="2" z_index="2" m_a="1.000000" m_b="0.000000" m_c="0.000000" m_d="1.000000" m_tx="0.000000" m_ty="0.000000"/>
   <element name="images" layername="point" frame="0" z_index="3" m_a="5.300000" m_b="0.000000" m_c="0.000000" m_d="5.300000" m_tx="-59.000000" m_ty="-376.000000"/>
  </frame>
  <frame idx="2875" w="889" h="1162" x="8.000000" y="-256.000000">
   <element name="images" layername="open" frame="2" z_index="2" m_a="1.000000" m_b="0.000000" m_c="0.000000" m_d="1.000000" m_tx="0.000000" m_ty="0.000000"/>
   <element name="images" layername="point" frame="0" z_index="3" m_a="5.250000" m_b="0.000000" m_c="0.000000" m_d="5.250000" m_tx="-59.000000" m_ty="-376.000000"/>
  </frame>
  <frame idx="2900" w="887" h="1162" x="5.500000" y="-256.000000">
   <element name="images" layername="open" frame="2" z_index="2" m_a="1.000000" m_b="0.000000" m_c="0.000000" m_d="1.000000" m_tx="0.000000" m_ty="0.000000"/>
   <element name="images" layername="point" frame="0" z_index="3" m_a="5.200000" m_b="0.000000" m_c="0.000000" m_d="5.200000" m_tx="-59.000000" m_ty="-376.000000"/>
  </frame>
  <frame idx="2925" w="884" h="1162" x="3.000000" y="-256.000000">
   <element name="images" layername="open" frame="2" z_index="2" m_a="1.000000" m_b="0.000000" m_c="0.000000" m_d="1.000000" m_tx="0.000000" m_ty="0.000000"/>
   <element name="images" layername="point" frame="0" z_index="3" m_a="5.150000" m_b="0.000000" m_c="0.000000" m_d="5.150000" m_tx="-59.000000" m_ty="-376.000000"/>
  </frame>
  <frame idx="2950" w="882" h="1162" x="0.500000" y="-256.000000">
   <element name="images" layername="open" frame="2" z_index="2" m_a="1.000000" m_b="0.000000" m_c="0.000000" m_d="1.000000" m_tx="0.000000" m_ty="0.000000"/>
   <element name="images" layername="point" frame="0" z_index="3" m_a="5.100000" m_b="0.000000" m_c="0.000000" m_d="5.100000" m_tx="-59.000000" m_ty="-376.000000"/>
  </frame>
  <frame idx="2975" w="880" h="1162" x="0.000000" y="-256.000000">
   <element name="images" layername="open" frame="2" z_index="2" m_a="1.000000" m_b="0.000000" m_c="0.000000" m_d="1.000000" m_tx="0.000000" m_ty="0.000000"/>
   <element name="images" layername="point" frame="0" z_index="3" m_a="5.050000" m_b="0.000000" m_c="0.000000" m_d="5.050000" m_tx="-59.000000" m_ty="-376.000000"/>
  </frame>
 </anim>
 <anim name="close" root="zxcatsleftlight" numframes="1000" framerate="40">
  <frame idx="0" w="880" h="1162" x="0.000000" y="-256.000000">
   <element name="images" layername="close" frame="1" z_index="3" m_a="1.000000" m_b="0.000000" m_c="0.000000" m_d="1.000000" m_tx="0.000000" m_ty="0.000000"/>
  </frame>
  <frame idx="25" w="880" h="1162" x="0.000000" y="-256.000000">
   <element name="images" layername="close" frame="1" z_index="3" m_a="1.000000" m_b="0.000000" m_c="0.000000" m_d="1.000000" m_tx="0.000000" m_ty="0.000000"/>
  </frame>
  <frame idx="50" w="880" h="1162" x="0.000000" y="-256.000000">
   <element name="images" layername="close" frame="1" z_index="3" m_a="1.000000" m_b="0.000000" m_c="0.000000" m_d="1.000000" m_tx="0.000000" m_ty="0.000000"/>
  </frame>
  <frame idx="75" w="880" h="1162" x="0.000000" y="-256.000000">
   <element name="images" layername="close" frame="1" z_index="3" m_a="1.000000" m_b="0.000000" m_c="0.000000" m_d="1.000000" m_tx="0.000000" m_ty="0.000000"/>
  </frame>
  <frame idx="100" w="880" h="1162" x="0.000000" y="-256.000000">
   <element name="images" layername="close" frame="1" z_index="3" m_a="1.000000" m_b="0.000000" m_c="0.000000" m_d="1.000000" m_tx="0.000000" m_ty="0.000000"/>
  </frame>
  <frame idx="125" w="880" h="1162" x="0.000000" y="-256.000000">
   <element name="images" layername="close" frame="1" z_index="3" m_a="1.000000" m_b="0.000000" m_c="0.000000" m_d="1.000000" m_tx="0.000000" m_ty="0.000000"/>
  </frame>
  <frame idx="150" w="880" h="1162" x="0.000000" y="-256.000000">
   <element name="images" layername="close" frame="1" z_index="3" m_a="1.000000" m_b="0.000000" m_c="0.000000" m_d="1.000000" m_tx="0.000000" m_ty="0.000000"/>
  </frame>
  <frame idx="175" w="880" h="1162" x="0.000000" y="-256.000000">
   <element name="images" layername="close" frame="1" z_index="3" m_a="1.000000" m_b="0.000000" m_c="0.000000" m_d="1.000000" m_tx="0.000000" m_ty="0.000000"/>
  </frame>
  <frame idx="200" w="880" h="1162" x="0.000000" y="-256.000000">
   <element name="images" layername="close" frame="1" z_index="3" m_a="1.000000" m_b="0.000000" m_c="0.000000" m_d="1.000000" m_tx="0.000000" m_ty="0.000000"/>
  </frame>
  <frame idx="225" w="880" h="1162" x="0.000000" y="-256.000000">
   <element name="images" layername="close" frame="1" z_index="3" m_a="1.000000" m_b="0.000000" m_c="0.000000" m_d="1.000000" m_tx="0.000000" m_ty="0.000000"/>
  </frame>
  <frame idx="250" w="880" h="1162" x="0.000000" y="-256.000000">
   <element name="images" layername="close" frame="1" z_index="3" m_a="1.000000" m_b="0.000000" m_c="0.000000" m_d="1.000000" m_tx="0.000000" m_ty="0.000000"/>
  </frame>
  <frame idx="275" w="880" h="1162" x="0.000000" y="-256.000000">
   <element name="images" layername="close" frame="1" z_index="3" m_a="1.000000" m_b="0.000000" m_c="0.000000" m_d="1.000000" m_tx="0.000000" m_ty="0.000000"/>
  </frame>
  <frame idx="300" w="880" h="1162" x="0.000000" y="-256.000000">
   <element name="images" layername="close" frame="1" z_index="3" m_a="1.000000" m_b="0.000000" m_c="0.000000" m_d="1.000000" m_tx="0.000000" m_ty="0.000000"/>
  </frame>
  <frame idx="325" w="880" h="1162" x="0.000000" y="-256.000000">
   <element name="images" layername="close" frame="1" z_index="3" m_a="1.000000" m_b="0.000000" m_c="0.000000" m_d="1.000000" m_tx="0.000000" m_ty="0.000000"/>
  </frame>
  <frame idx="350" w="880" h="1162" x="0.000000" y="-256.000000">
   <element name="images" layername="close" frame="1" z_index="3" m_a="1.000000" m_b="0.000000" m_c="0.000000" m_d="1.000000" m_tx="0.000000" m_ty="0.000000"/>
  </frame>
  <frame idx="375" w="880" h="1162" x="0.000000" y="-256.000000">
   <element name="images" layername="close" frame="1" z_index="3" m_a="1.000000" m_b="0.000000" m_c="0.000000" m_d="1.000000" m_tx="0.000000" m_ty="0.000000"/>
  </frame>
  <frame idx="400" w="880" h="1162" x="0.000000" y="-256.000000">
   <element name="images" layername="close" frame="1" z_index="3" m_a="1.000000" m_b="0.000000" m_c="0.000000" m_d="1.000000" m_tx="0.000000" m_ty="0.000000"/>
  </frame>
  <frame idx="425" w="880" h="1162" x="0.000000" y="-256.000000">
   <element name="images" layername="close" frame="1" z_index="3" m_a="1.000000" m_b="0.000000" m_c="0.000000" m_d="1.000000" m_tx="0.000000" m_ty="0.000000"/>
  </frame>
  <frame idx="450" w="880" h="1162" x="0.000000" y="-256.000000">
   <element name="images" layername="close" frame="1" z_index="3" m_a="1.000000" m_b="0.000000" m_c="0.000000" m_d="1.000000" m_tx="0.000000" m_ty="0.000000"/>
  </frame>
  <frame idx="475" w="880" h="1162" x="0.000000" y="-256.000000">
   <element name="images" layername="close" frame="1" z_index="3" m_a="1.000000" m_b="0.000000" m_c="0.000000" m_d="1.000000" m_tx="0.000000" m_ty="0.000000"/>
  </frame>
  <frame idx="500" w="880" h="1162" x="0.000000" y="-256.000000">
   <element name="images" layername="close" frame="1" z_index="3" m_a="1.000000" m_b="0.000000" m_c="0.000000" m_d="1.000000" m_tx="0.000000" m_ty="0.000000"/>
  </frame>
  <frame idx="525" w="880" h="1162" x="0.000000" y="-256.000000">
   <element name="images" layername="close" frame="1" z_index="3" m_a="1.000000" m_b="0.000000" m_c="0.000000" m_d="1.000000" m_tx="0.000000" m_ty="0.000000"/>
  </frame>
  <frame idx="550" w="880" h="1162" x="0.000000" y="-256.000000">
   <element name="images" layername="close" frame="1" z_index="3" m_a="1.000000" m_b="0.000000" m_c="0.000000" m_d="1.000000" m_tx="0.000000" m_ty="0.000000"/>
  </frame>
  <frame idx="575" w="880" h="1162" x="0.000000" y="-256.000000">
   <element name="images" layername="close" frame="1" z_index="3" m_a="1.000000" m_b="0.000000" m_c="0.000000" m_d="1.000000" m_tx="0.000000" m_ty="0.000000"/>
  </frame>
  <frame idx="600" w="880" h="1162" x="0.000000" y="-256.000000">
   <element name="images" layername="close" frame="1" z_index="3" m_a="1.000000" m_b="0.000000" m_c="0.000000" m_d="1.000000" m_tx="0.000000" m_ty="0.000000"/>
  </frame>
  <frame idx="625" w="880" h="1162" x="0.000000" y="-256.000000">
   <element name="images" layername="close" frame="1" z_index="3" m_a="1.000000" m_b="0.000000" m_c="0.000000" m_d="1.000000" m_tx="0.000000" m_ty="0.000000"/>
  </frame>
  <frame idx="650" w="880" h="1162" x="0.000000" y="-256.000000">
   <element name="images" layername="close" frame="1" z_index="3" m_a="1.000000" m_b="0.000000" m_c="0.000000" m_d="1.000000" m_tx="0.000000" m_ty="0.000000"/>
  </frame>
  <frame idx="675" w="880" h="1162" x="0.000000" y="-256.000000">
   <element name="images" layername="close" frame="1" z_index="3" m_a="1.000000" m_b="0.000000" m_c="0.000000" m_d="1.000000" m_tx="0.000000" m_ty="0.000000"/>
  </frame>
  <frame idx="700" w="880" h="1162" x="0.000000" y="-256.000000">
   <element name="images" layername="close" frame="1" z_index="3" m_a="1.000000" m_b="0.000000" m_c="0.000000" m_d="1.000000" m_tx="0.000000" m_ty="0.000000"/>
  </frame>
  <frame idx="725" w="880" h="1162" x="0.000000" y="-256.000000">
   <element name="images" layername="close" frame="1" z_index="3" m_a="1.000000" m_b="0.000000" m_c="0.000000" m_d="1.000000" m_tx="0.000000" m_ty="0.000000"/>
  </frame>
  <frame idx="750" w="880" h="1162" x="0.000000" y="-256.000000">
   <element name="images" layername="close" frame="1" z_index="3" m_a="1.000000" m_b="0.000000" m_c="0.000000" m_d="1.000000" m_tx="0.000000" m_ty="0.000000"/>
  </frame>
  <frame idx="775" w="880" h="1162" x="0.000000" y="-256.000000">
   <element name="images" layername="close" frame="1" z_index="3" m_a="1.000000" m_b="0.000000" m_c="0.000000" m_d="1.000000" m_tx="0.000000" m_ty="0.000000"/>
  </frame>
  <frame idx="800" w="880" h="1162" x="0.000000" y="-256.000000">
   <element name="images" layername="close" frame="1" z_index="3" m_a="1.000000" m_b="0.000000" m_c="0.000000" m_d="1.000000" m_tx="0.000000" m_ty="0.000000"/>
  </frame>
  <frame idx="825" w="880" h="1162" x="0.000000" y="-256.000000">
   <element name="images" layername="close" frame="1" z_index="3" m_a="1.000000" m_b="0.000000" m_c="0.000000" m_d="1.000000" m_tx="0.000000" m_ty="0.000000"/>
  </frame>
  <frame idx="850" w="880" h="1162" x="0.000000" y="-256.000000">
   <element name="images" layername="close" frame="1" z_index="3" m_a="1.000000" m_b="0.000000" m_c="0.000000" m_d="1.000000" m_tx="0.000000" m_ty="0.000000"/>
  </frame>
  <frame idx="875" w="880" h="1162" x="0.000000" y="-256.000000">
   <element name="images" layername="close" frame="1" z_index="3" m_a="1.000000" m_b="0.000000" m_c="0.000000" m_d="1.000000" m_tx="0.000000" m_ty="0.000000"/>
  </frame>
  <frame idx="900" w="880" h="1162" x="0.000000" y="-256.000000">
   <element name="images" layername="close" frame="1" z_index="3" m_a="1.000000" m_b="0.000000" m_c="0.000000" m_d="1.000000" m_tx="0.000000" m_ty="0.000000"/>
  </frame>
  <frame idx="925" w="880" h="1162" x="0.000000" y="-256.000000">
   <element name="images" layername="close" frame="1" z_index="3" m_a="1.000000" m_b="0.000000" m_c="0.000000" m_d="1.000000" m_tx="0.000000" m_ty="0.000000"/>
  </frame>
  <frame idx="950" w="880" h="1162" x="0.000000" y="-256.000000">
   <element name="images" layername="close" frame="1" z_index="3" m_a="1.000000" m_b="0.000000" m_c="0.000000" m_d="1.000000" m_tx="0.000000" m_ty="0.000000"/>
  </frame>
  <frame idx="975" w="880" h="1162" x="0.000000" y="-256.000000">
   <element name="images" layername="close" frame="1" z_index="3" m_a="1.000000" m_b="0.000000" m_c="0.000000" m_d="1.000000" m_tx="0.000000" m_ty="0.000000"/>
  </frame>
 </anim>
</Anims>
