<Anims>
 <anim name="idle_down" root="asa_tornado_fxs" numframes="200" framerate="40">
  <frame idx="0" w="110" h="257" x="0.854702" y="1.709404">
   <element name="light" layername="1" frame="0" z_index="6" m_a="1.000000" m_b="0.000000" m_c="0.000000" m_d="1.000000" m_tx="0.854701" m_ty="1.709402"/>
  </frame>
  <frame idx="25" w="110" h="257" x="0.854702" y="1.709404">
   <element name="light" layername="1" frame="0" z_index="6" m_a="1.000000" m_b="0.000000" m_c="0.000000" m_d="1.000000" m_tx="0.854701" m_ty="1.709402"/>
  </frame>
  <frame idx="50" w="110" h="257" x="0.854702" y="1.709404">
   <element name="light" layername="1" frame="1" z_index="6" m_a="1.000000" m_b="0.000000" m_c="0.000000" m_d="1.000000" m_tx="0.854701" m_ty="1.709402"/>
  </frame>
  <frame idx="75" w="110" h="257" x="0.854702" y="1.709404">
   <element name="light" layername="1" frame="1" z_index="6" m_a="1.000000" m_b="0.000000" m_c="0.000000" m_d="1.000000" m_tx="0.854701" m_ty="1.709402"/>
  </frame>
  <frame idx="100" w="110" h="257" x="0.854702" y="1.709404">
   <element name="light" layername="1" frame="2" z_index="6" m_a="1.000000" m_b="0.000000" m_c="0.000000" m_d="1.000000" m_tx="0.854701" m_ty="1.709402"/>
  </frame>
  <frame idx="125" w="110" h="257" x="0.854702" y="1.709404">
   <element name="light" layername="1" frame="3" z_index="6" m_a="1.000000" m_b="0.000000" m_c="0.000000" m_d="1.000000" m_tx="0.854701" m_ty="1.709402"/>
  </frame>
  <frame idx="150" w="110" h="257" x="0.854702" y="1.709404">
   <element name="light" layername="1" frame="3" z_index="6" m_a="1.000000" m_b="0.000000" m_c="0.000000" m_d="1.000000" m_tx="0.854701" m_ty="1.709402"/>
  </frame>
  <frame idx="175" w="110" h="257" x="0.854702" y="1.709404">
   <element name="light" layername="1" frame="4" z_index="6" m_a="1.000000" m_b="0.000000" m_c="0.000000" m_d="1.000000" m_tx="0.854701" m_ty="1.709402"/>
  </frame>
 </anim>
 <anim name="idle_downside" root="asa_tornado_fxs" numframes="200" framerate="40">
  <frame idx="0" w="234" h="370" x="109.084244" y="-51.200073">
   <element name="light" layername="1" frame="0" z_index="6" m_a="0.625162" m_b="-0.780495" m_c="1.101532" m_d="0.882306" m_tx="-1.053035" m_ty="1.594894"/>
  </frame>
  <frame idx="25" w="233" h="370" x="108.792999" y="-50.478333">
   <element name="light" layername="1" frame="0" z_index="6" m_a="0.628676" m_b="-0.777667" m_c="1.097540" m_d="0.887266" m_tx="-1.053035" m_ty="1.594894"/>
  </frame>
  <frame idx="50" w="233" h="370" x="108.602615" y="-50.011612">
   <element name="light" layername="1" frame="1" z_index="6" m_a="0.630946" m_b="-0.775827" m_c="1.094943" m_d="0.890469" m_tx="-1.053035" m_ty="1.594894"/>
  </frame>
  <frame idx="75" w="233" h="370" x="108.567429" y="-49.925751">
   <element name="light" layername="1" frame="1" z_index="6" m_a="0.631363" m_b="-0.775488" m_c="1.094464" m_d="0.891057" m_tx="-1.053035" m_ty="1.594894"/>
  </frame>
  <frame idx="100" w="230" h="372" x="106.064743" y="-44.129318">
   <element name="light" layername="1" frame="2" z_index="6" m_a="0.659314" m_b="-0.751868" m_c="1.061129" m_d="0.930506" m_tx="-1.053035" m_ty="1.594894"/>
  </frame>
  <frame idx="125" w="227" h="372" x="103.649109" y="-39.209015">
   <element name="light" layername="1" frame="3" z_index="6" m_a="0.683556" m_b="-0.729898" m_c="1.030123" m_d="0.964719" m_tx="-1.053035" m_ty="1.413735"/>
  </frame>
  <frame idx="150" w="229" h="373" x="105.061829" y="-43.045609">
   <element name="light" layername="1" frame="3" z_index="6" m_a="0.669671" m_b="-0.742658" m_c="1.048131" m_d="0.945123" m_tx="-1.053035" m_ty="0.507937"/>
  </frame>
  <frame idx="175" w="231" h="372" x="106.961746" y="-47.046478">
   <element name="light" layername="1" frame="4" z_index="6" m_a="0.649663" m_b="-0.760222" m_c="1.072920" m_d="0.916885" m_tx="-1.053035" m_ty="0.689097"/>
  </frame>
 </anim>
 <anim name="idle_side" root="asa_tornado_fxs" numframes="200" framerate="40">
  <frame idx="0" w="271" h="295" x="147.046127" y="-163.012711">
   <element name="light" layername="1" frame="0" z_index="6" m_a="0.011627" m_b="-0.999932" m_c="1.671881" m_d="0.019440" m_tx="0.854701" m_ty="1.709402"/>
  </frame>
  <frame idx="25" w="271" h="295" x="147.046127" y="-163.012711">
   <element name="light" layername="1" frame="0" z_index="6" m_a="0.011627" m_b="-0.999932" m_c="1.671881" m_d="0.019440" m_tx="0.854701" m_ty="1.709402"/>
  </frame>
  <frame idx="50" w="271" h="295" x="147.046127" y="-163.012711">
   <element name="light" layername="1" frame="1" z_index="6" m_a="0.011627" m_b="-0.999932" m_c="1.671881" m_d="0.019440" m_tx="0.854701" m_ty="1.709402"/>
  </frame>
  <frame idx="75" w="271" h="295" x="147.046127" y="-163.012711">
   <element name="light" layername="1" frame="1" z_index="6" m_a="0.011627" m_b="-0.999932" m_c="1.671881" m_d="0.019440" m_tx="0.854701" m_ty="1.709402"/>
  </frame>
  <frame idx="100" w="271" h="295" x="147.046127" y="-163.012711">
   <element name="light" layername="1" frame="2" z_index="6" m_a="0.011627" m_b="-0.999932" m_c="1.671881" m_d="0.019440" m_tx="0.854701" m_ty="1.709402"/>
  </frame>
  <frame idx="125" w="271" h="295" x="147.046127" y="-163.012711">
   <element name="light" layername="1" frame="3" z_index="6" m_a="0.011627" m_b="-0.999932" m_c="1.671881" m_d="0.019440" m_tx="0.854701" m_ty="1.709402"/>
  </frame>
  <frame idx="150" w="271" h="295" x="147.046127" y="-163.012711">
   <element name="light" layername="1" frame="3" z_index="6" m_a="0.011627" m_b="-0.999932" m_c="1.671881" m_d="0.019440" m_tx="0.854701" m_ty="1.709402"/>
  </frame>
  <frame idx="175" w="271" h="295" x="147.046127" y="-163.012711">
   <element name="light" layername="1" frame="4" z_index="6" m_a="0.011627" m_b="-0.999932" m_c="1.671881" m_d="0.019440" m_tx="0.854701" m_ty="1.709402"/>
  </frame>
 </anim>
 <anim name="idle_upside" root="asa_tornado_fxs" numframes="200" framerate="40">
  <frame idx="0" w="297" h="568" x="60.107773" y="-248.819611">
   <element name="light" layername="1" frame="0" z_index="6" m_a="-0.557219" m_b="-0.830366" m_c="1.171915" m_d="-0.786417" m_tx="0.854701" m_ty="1.709402"/>
  </frame>
  <frame idx="25" w="297" h="568" x="60.107773" y="-248.819611">
   <element name="light" layername="1" frame="0" z_index="6" m_a="-0.557219" m_b="-0.830366" m_c="1.171915" m_d="-0.786417" m_tx="0.854701" m_ty="1.709402"/>
  </frame>
  <frame idx="50" w="297" h="568" x="60.107773" y="-248.819611">
   <element name="light" layername="1" frame="1" z_index="6" m_a="-0.557219" m_b="-0.830366" m_c="1.171915" m_d="-0.786417" m_tx="0.854701" m_ty="1.709402"/>
  </frame>
  <frame idx="75" w="297" h="568" x="60.107773" y="-248.819611">
   <element name="light" layername="1" frame="1" z_index="6" m_a="-0.557219" m_b="-0.830366" m_c="1.171915" m_d="-0.786417" m_tx="0.854701" m_ty="1.709402"/>
  </frame>
  <frame idx="100" w="297" h="568" x="60.107773" y="-248.819611">
   <element name="light" layername="1" frame="2" z_index="6" m_a="-0.557219" m_b="-0.830366" m_c="1.171915" m_d="-0.786417" m_tx="0.854701" m_ty="1.709402"/>
  </frame>
  <frame idx="125" w="297" h="568" x="60.107773" y="-248.819611">
   <element name="light" layername="1" frame="3" z_index="6" m_a="-0.557219" m_b="-0.830366" m_c="1.171915" m_d="-0.786417" m_tx="0.854701" m_ty="1.709402"/>
  </frame>
  <frame idx="150" w="297" h="568" x="60.107773" y="-248.819611">
   <element name="light" layername="1" frame="3" z_index="6" m_a="-0.557219" m_b="-0.830366" m_c="1.171915" m_d="-0.786417" m_tx="0.854701" m_ty="1.709402"/>
  </frame>
  <frame idx="175" w="297" h="568" x="60.107773" y="-248.819611">
   <element name="light" layername="1" frame="4" z_index="6" m_a="-0.557219" m_b="-0.830366" m_c="1.171915" m_d="-0.786417" m_tx="0.854701" m_ty="1.709402"/>
  </frame>
 </anim>
 <anim name="idle_up" root="asa_tornado_fxs" numframes="200" framerate="40">
  <frame idx="0" w="220" h="514" x="-99.145302" y="-232.290588">
   <element name="light" layername="1" frame="0" z_index="6" m_a="-1.000000" m_b="0.000000" m_c="-0.000000" m_d="-1.000000" m_tx="0.854701" m_ty="1.709402"/>
  </frame>
  <frame idx="25" w="220" h="514" x="-99.145302" y="-232.290588">
   <element name="light" layername="1" frame="0" z_index="6" m_a="-1.000000" m_b="0.000000" m_c="-0.000000" m_d="-1.000000" m_tx="0.854701" m_ty="1.709402"/>
  </frame>
  <frame idx="50" w="220" h="514" x="-99.145302" y="-232.290588">
   <element name="light" layername="1" frame="1" z_index="6" m_a="-1.000000" m_b="0.000000" m_c="-0.000000" m_d="-1.000000" m_tx="0.854701" m_ty="1.709402"/>
  </frame>
  <frame idx="75" w="220" h="514" x="-99.145302" y="-232.290588">
   <element name="light" layername="1" frame="1" z_index="6" m_a="-1.000000" m_b="0.000000" m_c="-0.000000" m_d="-1.000000" m_tx="0.854701" m_ty="1.709402"/>
  </frame>
  <frame idx="100" w="220" h="514" x="-99.145302" y="-232.290588">
   <element name="light" layername="1" frame="2" z_index="6" m_a="-1.000000" m_b="0.000000" m_c="-0.000000" m_d="-1.000000" m_tx="0.854701" m_ty="1.709402"/>
  </frame>
  <frame idx="125" w="220" h="514" x="-99.145302" y="-232.290588">
   <element name="light" layername="1" frame="3" z_index="6" m_a="-1.000000" m_b="0.000000" m_c="-0.000000" m_d="-1.000000" m_tx="0.854701" m_ty="1.709402"/>
  </frame>
  <frame idx="150" w="220" h="514" x="-99.145302" y="-232.290588">
   <element name="light" layername="1" frame="3" z_index="6" m_a="-1.000000" m_b="0.000000" m_c="-0.000000" m_d="-1.000000" m_tx="0.854701" m_ty="1.709402"/>
  </frame>
  <frame idx="175" w="220" h="514" x="-99.145302" y="-232.290588">
   <element name="light" layername="1" frame="4" z_index="6" m_a="-1.000000" m_b="0.000000" m_c="-0.000000" m_d="-1.000000" m_tx="0.854701" m_ty="1.709402"/>
  </frame>
 </anim>
 <anim name="tornado" root="asa_tornado_fxs" numframes="125" framerate="40">
  <frame idx="0" w="138" h="182" x="3.000000" y="-37.000000">
   <element name="asa_tornado" layername="to" frame="0" z_index="6" m_a="1.000000" m_b="0.000000" m_c="0.000000" m_d="1.000000" m_tx="3.000000" m_ty="-37.000000"/>
  </frame>
  <frame idx="25" w="138" h="182" x="3.000000" y="-37.000000">
   <element name="asa_tornado" layername="to" frame="0" z_index="6" m_a="1.000000" m_b="0.000000" m_c="0.000000" m_d="1.000000" m_tx="3.000000" m_ty="-37.000000"/>
  </frame>
  <frame idx="50" w="142" h="182" x="-0.225807" y="-37.000000">
   <element name="asa_tornado" layername="to" frame="1" z_index="6" m_a="1.000000" m_b="0.000000" m_c="0.000000" m_d="1.000000" m_tx="-0.225806" m_ty="-37.000000"/>
  </frame>
  <frame idx="75" w="141" h="182" x="0.333332" y="-37.000000">
   <element name="asa_tornado" layername="to" frame="2" z_index="6" m_a="1.000000" m_b="0.000000" m_c="0.000000" m_d="1.000000" m_tx="0.333333" m_ty="-37.000000"/>
  </frame>
  <frame idx="100" w="138" h="182" x="3.000000" y="-37.000000">
   <element name="asa_tornado" layername="to" frame="3" z_index="6" m_a="1.000000" m_b="0.000000" m_c="0.000000" m_d="1.000000" m_tx="3.000000" m_ty="-37.000000"/>
  </frame>
 </anim>
</Anims>
