<Anims>
 <anim name="anim" root="asa_vizard" numframes="50" framerate="40">
  <frame idx="0" w="340" h="338" x="-33.464600" y="-31.697754">
   <element name="swap_hat" layername="swap_hat" frame="3" z_index="1" m_a="0.762711" m_b="0.000000" m_c="0.000000" m_d="0.762695" m_tx="0.902987" m_ty="-3.287456"/>
  </frame>
  <frame idx="25" w="340" h="338" x="-33.464600" y="-31.697754">
   <element name="swap_hat" layername="swap_hat" frame="3" z_index="1" m_a="0.762711" m_b="0.000000" m_c="0.000000" m_d="0.762695" m_tx="0.902987" m_ty="-3.287456"/>
  </frame>
 </anim>
</Anims>
