<Anims>
 <anim name="idle" root="ice_flowerhat" numframes="50" framerate="40">
  <frame idx="0" w="350" h="351" x="-42.955246" y="-43.651443">
   <element name="ice_flowerhat" layername="ice_flowerhat" frame="3" z_index="1" m_a="0.762711" m_b="0.000000" m_c="0.000000" m_d="0.762695" m_tx="1.995258" m_ty="-0.001980"/>
  </frame>
  <frame idx="25" w="350" h="351" x="-42.955246" y="-43.651443">
   <element name="ice_flowerhat" layername="ice_flowerhat" frame="3" z_index="1" m_a="0.762711" m_b="0.000000" m_c="0.000000" m_d="0.762695" m_tx="1.995258" m_ty="-0.001980"/>
  </frame>
 </anim>
</Anims>
