<Anims>
 <anim name="BUILD" root="swap_asa_blade3" numframes="1000" framerate="40">
  <frame idx="0" w="373" h="563" x="-49.500015" y="-78.000015">
   <element name="swap_asa_blade2" layername="swap_asa_blade-9" frame="0" z_index="3" m_a="1.000000" m_b="0.000000" m_c="0.000000" m_d="1.000000" m_tx="-169.000000" m_ty="106.000000"/>
   <element name="swap_asa_blade2" layername="swap_asa_blade-" frame="1" z_index="2" m_a="1.000000" m_b="0.000000" m_c="0.000000" m_d="1.000000" m_tx="-40.000000" m_ty="81.000000"/>
   <element name="swap_asa_blade2" layername="swap_asa_blade" frame="2" z_index="1" m_a="1.000000" m_b="0.000000" m_c="0.000000" m_d="1.000000" m_tx="60.000000" m_ty="90.000000"/>
  </frame>
  <frame idx="25" w="373" h="563" x="-49.500015" y="-78.000015">
   <element name="swap_asa_blade2" layername="swap_asa_blade-9" frame="0" z_index="3" m_a="1.000000" m_b="0.000000" m_c="0.000000" m_d="1.000000" m_tx="-169.000000" m_ty="106.000000"/>
   <element name="swap_asa_blade2" layername="swap_asa_blade-" frame="1" z_index="2" m_a="1.000000" m_b="0.000000" m_c="0.000000" m_d="1.000000" m_tx="-40.000000" m_ty="81.000000"/>
   <element name="swap_asa_blade2" layername="swap_asa_blade" frame="2" z_index="1" m_a="1.000000" m_b="0.000000" m_c="0.000000" m_d="1.000000" m_tx="60.000000" m_ty="90.000000"/>
  </frame>
  <frame idx="50" w="373" h="563" x="-49.500015" y="-78.000015">
   <element name="swap_asa_blade2" layername="swap_asa_blade-9" frame="0" z_index="3" m_a="1.000000" m_b="0.000000" m_c="0.000000" m_d="1.000000" m_tx="-169.000000" m_ty="106.000000"/>
   <element name="swap_asa_blade2" layername="swap_asa_blade-" frame="1" z_index="2" m_a="1.000000" m_b="0.000000" m_c="0.000000" m_d="1.000000" m_tx="-40.000000" m_ty="81.000000"/>
   <element name="swap_asa_blade2" layername="swap_asa_blade" frame="2" z_index="1" m_a="1.000000" m_b="0.000000" m_c="0.000000" m_d="1.000000" m_tx="60.000000" m_ty="90.000000"/>
  </frame>
  <frame idx="75" w="373" h="563" x="-49.500015" y="-78.000015">
   <element name="swap_asa_blade2" layername="swap_asa_blade-9" frame="0" z_index="3" m_a="1.000000" m_b="0.000000" m_c="0.000000" m_d="1.000000" m_tx="-169.000000" m_ty="106.000000"/>
   <element name="swap_asa_blade2" layername="swap_asa_blade-" frame="1" z_index="2" m_a="1.000000" m_b="0.000000" m_c="0.000000" m_d="1.000000" m_tx="-40.000000" m_ty="81.000000"/>
   <element name="swap_asa_blade2" layername="swap_asa_blade" frame="2" z_index="1" m_a="1.000000" m_b="0.000000" m_c="0.000000" m_d="1.000000" m_tx="60.000000" m_ty="90.000000"/>
  </frame>
  <frame idx="100" w="373" h="563" x="-49.500015" y="-78.000015">
   <element name="swap_asa_blade2" layername="swap_asa_blade-9" frame="0" z_index="3" m_a="1.000000" m_b="0.000000" m_c="0.000000" m_d="1.000000" m_tx="-169.000000" m_ty="106.000000"/>
   <element name="swap_asa_blade2" layername="swap_asa_blade-" frame="1" z_index="2" m_a="1.000000" m_b="0.000000" m_c="0.000000" m_d="1.000000" m_tx="-40.000000" m_ty="81.000000"/>
   <element name="swap_asa_blade2" layername="swap_asa_blade" frame="2" z_index="1" m_a="1.000000" m_b="0.000000" m_c="0.000000" m_d="1.000000" m_tx="60.000000" m_ty="90.000000"/>
  </frame>
  <frame idx="125" w="373" h="563" x="-49.500015" y="-78.000015">
   <element name="swap_asa_blade2" layername="swap_asa_blade-9" frame="0" z_index="3" m_a="1.000000" m_b="0.000000" m_c="0.000000" m_d="1.000000" m_tx="-169.000000" m_ty="106.000000"/>
   <element name="swap_asa_blade2" layername="swap_asa_blade-" frame="1" z_index="2" m_a="1.000000" m_b="0.000000" m_c="0.000000" m_d="1.000000" m_tx="-40.000000" m_ty="81.000000"/>
   <element name="swap_asa_blade2" layername="swap_asa_blade" frame="2" z_index="1" m_a="1.000000" m_b="0.000000" m_c="0.000000" m_d="1.000000" m_tx="60.000000" m_ty="90.000000"/>
  </frame>
  <frame idx="150" w="373" h="563" x="-49.500015" y="-78.000015">
   <element name="swap_asa_blade2" layername="swap_asa_blade-9" frame="0" z_index="3" m_a="1.000000" m_b="0.000000" m_c="0.000000" m_d="1.000000" m_tx="-169.000000" m_ty="106.000000"/>
   <element name="swap_asa_blade2" layername="swap_asa_blade-" frame="1" z_index="2" m_a="1.000000" m_b="0.000000" m_c="0.000000" m_d="1.000000" m_tx="-40.000000" m_ty="81.000000"/>
   <element name="swap_asa_blade2" layername="swap_asa_blade" frame="2" z_index="1" m_a="1.000000" m_b="0.000000" m_c="0.000000" m_d="1.000000" m_tx="60.000000" m_ty="90.000000"/>
  </frame>
  <frame idx="175" w="373" h="563" x="-49.500015" y="-78.000015">
   <element name="swap_asa_blade2" layername="swap_asa_blade-9" frame="0" z_index="3" m_a="1.000000" m_b="0.000000" m_c="0.000000" m_d="1.000000" m_tx="-169.000000" m_ty="106.000000"/>
   <element name="swap_asa_blade2" layername="swap_asa_blade-" frame="1" z_index="2" m_a="1.000000" m_b="0.000000" m_c="0.000000" m_d="1.000000" m_tx="-40.000000" m_ty="81.000000"/>
   <element name="swap_asa_blade2" layername="swap_asa_blade" frame="2" z_index="1" m_a="1.000000" m_b="0.000000" m_c="0.000000" m_d="1.000000" m_tx="60.000000" m_ty="90.000000"/>
  </frame>
  <frame idx="200" w="373" h="563" x="-49.500015" y="-78.000015">
   <element name="swap_asa_blade2" layername="swap_asa_blade-9" frame="0" z_index="3" m_a="1.000000" m_b="0.000000" m_c="0.000000" m_d="1.000000" m_tx="-169.000000" m_ty="106.000000"/>
   <element name="swap_asa_blade2" layername="swap_asa_blade-" frame="1" z_index="2" m_a="1.000000" m_b="0.000000" m_c="0.000000" m_d="1.000000" m_tx="-40.000000" m_ty="81.000000"/>
   <element name="swap_asa_blade2" layername="swap_asa_blade" frame="2" z_index="1" m_a="1.000000" m_b="0.000000" m_c="0.000000" m_d="1.000000" m_tx="60.000000" m_ty="90.000000"/>
  </frame>
  <frame idx="225" w="373" h="563" x="-49.500015" y="-78.000015">
   <element name="swap_asa_blade2" layername="swap_asa_blade-9" frame="0" z_index="3" m_a="1.000000" m_b="0.000000" m_c="0.000000" m_d="1.000000" m_tx="-169.000000" m_ty="106.000000"/>
   <element name="swap_asa_blade2" layername="swap_asa_blade-" frame="1" z_index="2" m_a="1.000000" m_b="0.000000" m_c="0.000000" m_d="1.000000" m_tx="-40.000000" m_ty="81.000000"/>
   <element name="swap_asa_blade2" layername="swap_asa_blade" frame="2" z_index="1" m_a="1.000000" m_b="0.000000" m_c="0.000000" m_d="1.000000" m_tx="60.000000" m_ty="90.000000"/>
  </frame>
  <frame idx="250" w="373" h="563" x="-49.500015" y="-78.000015">
   <element name="swap_asa_blade2" layername="swap_asa_blade-9" frame="0" z_index="3" m_a="1.000000" m_b="0.000000" m_c="0.000000" m_d="1.000000" m_tx="-169.000000" m_ty="106.000000"/>
   <element name="swap_asa_blade2" layername="swap_asa_blade-" frame="1" z_index="2" m_a="1.000000" m_b="0.000000" m_c="0.000000" m_d="1.000000" m_tx="-40.000000" m_ty="81.000000"/>
   <element name="swap_asa_blade2" layername="swap_asa_blade" frame="2" z_index="1" m_a="1.000000" m_b="0.000000" m_c="0.000000" m_d="1.000000" m_tx="60.000000" m_ty="90.000000"/>
  </frame>
  <frame idx="275" w="373" h="563" x="-49.500015" y="-78.000015">
   <element name="swap_asa_blade2" layername="swap_asa_blade-9" frame="0" z_index="3" m_a="1.000000" m_b="0.000000" m_c="0.000000" m_d="1.000000" m_tx="-169.000000" m_ty="106.000000"/>
   <element name="swap_asa_blade2" layername="swap_asa_blade-" frame="1" z_index="2" m_a="1.000000" m_b="0.000000" m_c="0.000000" m_d="1.000000" m_tx="-40.000000" m_ty="81.000000"/>
   <element name="swap_asa_blade2" layername="swap_asa_blade" frame="2" z_index="1" m_a="1.000000" m_b="0.000000" m_c="0.000000" m_d="1.000000" m_tx="60.000000" m_ty="90.000000"/>
  </frame>
  <frame idx="300" w="373" h="563" x="-49.500015" y="-78.000015">
   <element name="swap_asa_blade2" layername="swap_asa_blade-9" frame="0" z_index="3" m_a="1.000000" m_b="0.000000" m_c="0.000000" m_d="1.000000" m_tx="-169.000000" m_ty="106.000000"/>
   <element name="swap_asa_blade2" layername="swap_asa_blade-" frame="1" z_index="2" m_a="1.000000" m_b="0.000000" m_c="0.000000" m_d="1.000000" m_tx="-40.000000" m_ty="81.000000"/>
   <element name="swap_asa_blade2" layername="swap_asa_blade" frame="2" z_index="1" m_a="1.000000" m_b="0.000000" m_c="0.000000" m_d="1.000000" m_tx="60.000000" m_ty="90.000000"/>
  </frame>
  <frame idx="325" w="373" h="563" x="-49.500015" y="-78.000015">
   <element name="swap_asa_blade2" layername="swap_asa_blade-9" frame="0" z_index="3" m_a="1.000000" m_b="0.000000" m_c="0.000000" m_d="1.000000" m_tx="-169.000000" m_ty="106.000000"/>
   <element name="swap_asa_blade2" layername="swap_asa_blade-" frame="1" z_index="2" m_a="1.000000" m_b="0.000000" m_c="0.000000" m_d="1.000000" m_tx="-40.000000" m_ty="81.000000"/>
   <element name="swap_asa_blade2" layername="swap_asa_blade" frame="2" z_index="1" m_a="1.000000" m_b="0.000000" m_c="0.000000" m_d="1.000000" m_tx="60.000000" m_ty="90.000000"/>
  </frame>
  <frame idx="350" w="373" h="563" x="-49.500015" y="-78.000015">
   <element name="swap_asa_blade2" layername="swap_asa_blade-9" frame="0" z_index="3" m_a="1.000000" m_b="0.000000" m_c="0.000000" m_d="1.000000" m_tx="-169.000000" m_ty="106.000000"/>
   <element name="swap_asa_blade2" layername="swap_asa_blade-" frame="1" z_index="2" m_a="1.000000" m_b="0.000000" m_c="0.000000" m_d="1.000000" m_tx="-40.000000" m_ty="81.000000"/>
   <element name="swap_asa_blade2" layername="swap_asa_blade" frame="2" z_index="1" m_a="1.000000" m_b="0.000000" m_c="0.000000" m_d="1.000000" m_tx="60.000000" m_ty="90.000000"/>
  </frame>
  <frame idx="375" w="373" h="563" x="-49.500015" y="-78.000015">
   <element name="swap_asa_blade2" layername="swap_asa_blade-9" frame="0" z_index="3" m_a="1.000000" m_b="0.000000" m_c="0.000000" m_d="1.000000" m_tx="-169.000000" m_ty="106.000000"/>
   <element name="swap_asa_blade2" layername="swap_asa_blade-" frame="1" z_index="2" m_a="1.000000" m_b="0.000000" m_c="0.000000" m_d="1.000000" m_tx="-40.000000" m_ty="81.000000"/>
   <element name="swap_asa_blade2" layername="swap_asa_blade" frame="2" z_index="1" m_a="1.000000" m_b="0.000000" m_c="0.000000" m_d="1.000000" m_tx="60.000000" m_ty="90.000000"/>
  </frame>
  <frame idx="400" w="373" h="563" x="-49.500015" y="-78.000015">
   <element name="swap_asa_blade2" layername="swap_asa_blade-9" frame="0" z_index="3" m_a="1.000000" m_b="0.000000" m_c="0.000000" m_d="1.000000" m_tx="-169.000000" m_ty="106.000000"/>
   <element name="swap_asa_blade2" layername="swap_asa_blade-" frame="1" z_index="2" m_a="1.000000" m_b="0.000000" m_c="0.000000" m_d="1.000000" m_tx="-40.000000" m_ty="81.000000"/>
   <element name="swap_asa_blade2" layername="swap_asa_blade" frame="2" z_index="1" m_a="1.000000" m_b="0.000000" m_c="0.000000" m_d="1.000000" m_tx="60.000000" m_ty="90.000000"/>
  </frame>
  <frame idx="425" w="373" h="563" x="-49.500015" y="-78.000015">
   <element name="swap_asa_blade2" layername="swap_asa_blade-9" frame="0" z_index="3" m_a="1.000000" m_b="0.000000" m_c="0.000000" m_d="1.000000" m_tx="-169.000000" m_ty="106.000000"/>
   <element name="swap_asa_blade2" layername="swap_asa_blade-" frame="1" z_index="2" m_a="1.000000" m_b="0.000000" m_c="0.000000" m_d="1.000000" m_tx="-40.000000" m_ty="81.000000"/>
   <element name="swap_asa_blade2" layername="swap_asa_blade" frame="2" z_index="1" m_a="1.000000" m_b="0.000000" m_c="0.000000" m_d="1.000000" m_tx="60.000000" m_ty="90.000000"/>
  </frame>
  <frame idx="450" w="373" h="563" x="-49.500015" y="-78.000015">
   <element name="swap_asa_blade2" layername="swap_asa_blade-9" frame="0" z_index="3" m_a="1.000000" m_b="0.000000" m_c="0.000000" m_d="1.000000" m_tx="-169.000000" m_ty="106.000000"/>
   <element name="swap_asa_blade2" layername="swap_asa_blade-" frame="1" z_index="2" m_a="1.000000" m_b="0.000000" m_c="0.000000" m_d="1.000000" m_tx="-40.000000" m_ty="81.000000"/>
   <element name="swap_asa_blade2" layername="swap_asa_blade" frame="2" z_index="1" m_a="1.000000" m_b="0.000000" m_c="0.000000" m_d="1.000000" m_tx="60.000000" m_ty="90.000000"/>
  </frame>
  <frame idx="475" w="373" h="563" x="-49.500015" y="-78.000015">
   <element name="swap_asa_blade2" layername="swap_asa_blade-9" frame="0" z_index="3" m_a="1.000000" m_b="0.000000" m_c="0.000000" m_d="1.000000" m_tx="-169.000000" m_ty="106.000000"/>
   <element name="swap_asa_blade2" layername="swap_asa_blade-" frame="1" z_index="2" m_a="1.000000" m_b="0.000000" m_c="0.000000" m_d="1.000000" m_tx="-40.000000" m_ty="81.000000"/>
   <element name="swap_asa_blade2" layername="swap_asa_blade" frame="2" z_index="1" m_a="1.000000" m_b="0.000000" m_c="0.000000" m_d="1.000000" m_tx="60.000000" m_ty="90.000000"/>
  </frame>
  <frame idx="500" w="373" h="563" x="-49.500015" y="-78.000015">
   <element name="swap_asa_blade2" layername="swap_asa_blade-9" frame="0" z_index="3" m_a="1.000000" m_b="0.000000" m_c="0.000000" m_d="1.000000" m_tx="-169.000000" m_ty="106.000000"/>
   <element name="swap_asa_blade2" layername="swap_asa_blade-" frame="1" z_index="2" m_a="1.000000" m_b="0.000000" m_c="0.000000" m_d="1.000000" m_tx="-40.000000" m_ty="81.000000"/>
   <element name="swap_asa_blade2" layername="swap_asa_blade" frame="2" z_index="1" m_a="1.000000" m_b="0.000000" m_c="0.000000" m_d="1.000000" m_tx="60.000000" m_ty="90.000000"/>
  </frame>
  <frame idx="525" w="373" h="563" x="-49.500015" y="-78.000015">
   <element name="swap_asa_blade2" layername="swap_asa_blade-9" frame="0" z_index="3" m_a="1.000000" m_b="0.000000" m_c="0.000000" m_d="1.000000" m_tx="-169.000000" m_ty="106.000000"/>
   <element name="swap_asa_blade2" layername="swap_asa_blade-" frame="1" z_index="2" m_a="1.000000" m_b="0.000000" m_c="0.000000" m_d="1.000000" m_tx="-40.000000" m_ty="81.000000"/>
   <element name="swap_asa_blade2" layername="swap_asa_blade" frame="2" z_index="1" m_a="1.000000" m_b="0.000000" m_c="0.000000" m_d="1.000000" m_tx="60.000000" m_ty="90.000000"/>
  </frame>
  <frame idx="550" w="373" h="563" x="-49.500015" y="-78.000015">
   <element name="swap_asa_blade2" layername="swap_asa_blade-9" frame="0" z_index="3" m_a="1.000000" m_b="0.000000" m_c="0.000000" m_d="1.000000" m_tx="-169.000000" m_ty="106.000000"/>
   <element name="swap_asa_blade2" layername="swap_asa_blade-" frame="1" z_index="2" m_a="1.000000" m_b="0.000000" m_c="0.000000" m_d="1.000000" m_tx="-40.000000" m_ty="81.000000"/>
   <element name="swap_asa_blade2" layername="swap_asa_blade" frame="2" z_index="1" m_a="1.000000" m_b="0.000000" m_c="0.000000" m_d="1.000000" m_tx="60.000000" m_ty="90.000000"/>
  </frame>
  <frame idx="575" w="373" h="563" x="-49.500015" y="-78.000015">
   <element name="swap_asa_blade2" layername="swap_asa_blade-9" frame="0" z_index="3" m_a="1.000000" m_b="0.000000" m_c="0.000000" m_d="1.000000" m_tx="-169.000000" m_ty="106.000000"/>
   <element name="swap_asa_blade2" layername="swap_asa_blade-" frame="1" z_index="2" m_a="1.000000" m_b="0.000000" m_c="0.000000" m_d="1.000000" m_tx="-40.000000" m_ty="81.000000"/>
   <element name="swap_asa_blade2" layername="swap_asa_blade" frame="2" z_index="1" m_a="1.000000" m_b="0.000000" m_c="0.000000" m_d="1.000000" m_tx="60.000000" m_ty="90.000000"/>
  </frame>
  <frame idx="600" w="373" h="563" x="-49.500015" y="-78.000015">
   <element name="swap_asa_blade2" layername="swap_asa_blade-9" frame="0" z_index="3" m_a="1.000000" m_b="0.000000" m_c="0.000000" m_d="1.000000" m_tx="-169.000000" m_ty="106.000000"/>
   <element name="swap_asa_blade2" layername="swap_asa_blade-" frame="1" z_index="2" m_a="1.000000" m_b="0.000000" m_c="0.000000" m_d="1.000000" m_tx="-40.000000" m_ty="81.000000"/>
   <element name="swap_asa_blade2" layername="swap_asa_blade" frame="2" z_index="1" m_a="1.000000" m_b="0.000000" m_c="0.000000" m_d="1.000000" m_tx="60.000000" m_ty="90.000000"/>
  </frame>
  <frame idx="625" w="373" h="563" x="-49.500015" y="-78.000015">
   <element name="swap_asa_blade2" layername="swap_asa_blade-9" frame="0" z_index="3" m_a="1.000000" m_b="0.000000" m_c="0.000000" m_d="1.000000" m_tx="-169.000000" m_ty="106.000000"/>
   <element name="swap_asa_blade2" layername="swap_asa_blade-" frame="1" z_index="2" m_a="1.000000" m_b="0.000000" m_c="0.000000" m_d="1.000000" m_tx="-40.000000" m_ty="81.000000"/>
   <element name="swap_asa_blade2" layername="swap_asa_blade" frame="2" z_index="1" m_a="1.000000" m_b="0.000000" m_c="0.000000" m_d="1.000000" m_tx="60.000000" m_ty="90.000000"/>
  </frame>
  <frame idx="650" w="373" h="563" x="-49.500015" y="-78.000015">
   <element name="swap_asa_blade2" layername="swap_asa_blade-9" frame="0" z_index="3" m_a="1.000000" m_b="0.000000" m_c="0.000000" m_d="1.000000" m_tx="-169.000000" m_ty="106.000000"/>
   <element name="swap_asa_blade2" layername="swap_asa_blade-" frame="1" z_index="2" m_a="1.000000" m_b="0.000000" m_c="0.000000" m_d="1.000000" m_tx="-40.000000" m_ty="81.000000"/>
   <element name="swap_asa_blade2" layername="swap_asa_blade" frame="2" z_index="1" m_a="1.000000" m_b="0.000000" m_c="0.000000" m_d="1.000000" m_tx="60.000000" m_ty="90.000000"/>
  </frame>
  <frame idx="675" w="373" h="563" x="-49.500015" y="-78.000015">
   <element name="swap_asa_blade2" layername="swap_asa_blade-9" frame="0" z_index="3" m_a="1.000000" m_b="0.000000" m_c="0.000000" m_d="1.000000" m_tx="-169.000000" m_ty="106.000000"/>
   <element name="swap_asa_blade2" layername="swap_asa_blade-" frame="1" z_index="2" m_a="1.000000" m_b="0.000000" m_c="0.000000" m_d="1.000000" m_tx="-40.000000" m_ty="81.000000"/>
   <element name="swap_asa_blade2" layername="swap_asa_blade" frame="2" z_index="1" m_a="1.000000" m_b="0.000000" m_c="0.000000" m_d="1.000000" m_tx="60.000000" m_ty="90.000000"/>
  </frame>
  <frame idx="700" w="373" h="563" x="-49.500015" y="-78.000015">
   <element name="swap_asa_blade2" layername="swap_asa_blade-9" frame="0" z_index="3" m_a="1.000000" m_b="0.000000" m_c="0.000000" m_d="1.000000" m_tx="-169.000000" m_ty="106.000000"/>
   <element name="swap_asa_blade2" layername="swap_asa_blade-" frame="1" z_index="2" m_a="1.000000" m_b="0.000000" m_c="0.000000" m_d="1.000000" m_tx="-40.000000" m_ty="81.000000"/>
   <element name="swap_asa_blade2" layername="swap_asa_blade" frame="2" z_index="1" m_a="1.000000" m_b="0.000000" m_c="0.000000" m_d="1.000000" m_tx="60.000000" m_ty="90.000000"/>
  </frame>
  <frame idx="725" w="373" h="563" x="-49.500015" y="-78.000015">
   <element name="swap_asa_blade2" layername="swap_asa_blade-9" frame="0" z_index="3" m_a="1.000000" m_b="0.000000" m_c="0.000000" m_d="1.000000" m_tx="-169.000000" m_ty="106.000000"/>
   <element name="swap_asa_blade2" layername="swap_asa_blade-" frame="1" z_index="2" m_a="1.000000" m_b="0.000000" m_c="0.000000" m_d="1.000000" m_tx="-40.000000" m_ty="81.000000"/>
   <element name="swap_asa_blade2" layername="swap_asa_blade" frame="2" z_index="1" m_a="1.000000" m_b="0.000000" m_c="0.000000" m_d="1.000000" m_tx="60.000000" m_ty="90.000000"/>
  </frame>
  <frame idx="750" w="373" h="563" x="-49.500015" y="-78.000015">
   <element name="swap_asa_blade2" layername="swap_asa_blade-9" frame="0" z_index="3" m_a="1.000000" m_b="0.000000" m_c="0.000000" m_d="1.000000" m_tx="-169.000000" m_ty="106.000000"/>
   <element name="swap_asa_blade2" layername="swap_asa_blade-" frame="1" z_index="2" m_a="1.000000" m_b="0.000000" m_c="0.000000" m_d="1.000000" m_tx="-40.000000" m_ty="81.000000"/>
   <element name="swap_asa_blade2" layername="swap_asa_blade" frame="2" z_index="1" m_a="1.000000" m_b="0.000000" m_c="0.000000" m_d="1.000000" m_tx="60.000000" m_ty="90.000000"/>
  </frame>
  <frame idx="775" w="373" h="563" x="-49.500015" y="-78.000015">
   <element name="swap_asa_blade2" layername="swap_asa_blade-9" frame="0" z_index="3" m_a="1.000000" m_b="0.000000" m_c="0.000000" m_d="1.000000" m_tx="-169.000000" m_ty="106.000000"/>
   <element name="swap_asa_blade2" layername="swap_asa_blade-" frame="1" z_index="2" m_a="1.000000" m_b="0.000000" m_c="0.000000" m_d="1.000000" m_tx="-40.000000" m_ty="81.000000"/>
   <element name="swap_asa_blade2" layername="swap_asa_blade" frame="2" z_index="1" m_a="1.000000" m_b="0.000000" m_c="0.000000" m_d="1.000000" m_tx="60.000000" m_ty="90.000000"/>
  </frame>
  <frame idx="800" w="373" h="563" x="-49.500015" y="-78.000015">
   <element name="swap_asa_blade2" layername="swap_asa_blade-9" frame="0" z_index="3" m_a="1.000000" m_b="0.000000" m_c="0.000000" m_d="1.000000" m_tx="-169.000000" m_ty="106.000000"/>
   <element name="swap_asa_blade2" layername="swap_asa_blade-" frame="1" z_index="2" m_a="1.000000" m_b="0.000000" m_c="0.000000" m_d="1.000000" m_tx="-40.000000" m_ty="81.000000"/>
   <element name="swap_asa_blade2" layername="swap_asa_blade" frame="2" z_index="1" m_a="1.000000" m_b="0.000000" m_c="0.000000" m_d="1.000000" m_tx="60.000000" m_ty="90.000000"/>
  </frame>
  <frame idx="825" w="373" h="563" x="-49.500015" y="-78.000015">
   <element name="swap_asa_blade2" layername="swap_asa_blade-9" frame="0" z_index="3" m_a="1.000000" m_b="0.000000" m_c="0.000000" m_d="1.000000" m_tx="-169.000000" m_ty="106.000000"/>
   <element name="swap_asa_blade2" layername="swap_asa_blade-" frame="1" z_index="2" m_a="1.000000" m_b="0.000000" m_c="0.000000" m_d="1.000000" m_tx="-40.000000" m_ty="81.000000"/>
   <element name="swap_asa_blade2" layername="swap_asa_blade" frame="2" z_index="1" m_a="1.000000" m_b="0.000000" m_c="0.000000" m_d="1.000000" m_tx="60.000000" m_ty="90.000000"/>
  </frame>
  <frame idx="850" w="373" h="563" x="-49.500015" y="-78.000015">
   <element name="swap_asa_blade2" layername="swap_asa_blade-9" frame="0" z_index="3" m_a="1.000000" m_b="0.000000" m_c="0.000000" m_d="1.000000" m_tx="-169.000000" m_ty="106.000000"/>
   <element name="swap_asa_blade2" layername="swap_asa_blade-" frame="1" z_index="2" m_a="1.000000" m_b="0.000000" m_c="0.000000" m_d="1.000000" m_tx="-40.000000" m_ty="81.000000"/>
   <element name="swap_asa_blade2" layername="swap_asa_blade" frame="2" z_index="1" m_a="1.000000" m_b="0.000000" m_c="0.000000" m_d="1.000000" m_tx="60.000000" m_ty="90.000000"/>
  </frame>
  <frame idx="875" w="373" h="563" x="-49.500015" y="-78.000015">
   <element name="swap_asa_blade2" layername="swap_asa_blade-9" frame="0" z_index="3" m_a="1.000000" m_b="0.000000" m_c="0.000000" m_d="1.000000" m_tx="-169.000000" m_ty="106.000000"/>
   <element name="swap_asa_blade2" layername="swap_asa_blade-" frame="1" z_index="2" m_a="1.000000" m_b="0.000000" m_c="0.000000" m_d="1.000000" m_tx="-40.000000" m_ty="81.000000"/>
   <element name="swap_asa_blade2" layername="swap_asa_blade" frame="2" z_index="1" m_a="1.000000" m_b="0.000000" m_c="0.000000" m_d="1.000000" m_tx="60.000000" m_ty="90.000000"/>
  </frame>
  <frame idx="900" w="373" h="563" x="-49.500015" y="-78.000015">
   <element name="swap_asa_blade2" layername="swap_asa_blade-9" frame="0" z_index="3" m_a="1.000000" m_b="0.000000" m_c="0.000000" m_d="1.000000" m_tx="-169.000000" m_ty="106.000000"/>
   <element name="swap_asa_blade2" layername="swap_asa_blade-" frame="1" z_index="2" m_a="1.000000" m_b="0.000000" m_c="0.000000" m_d="1.000000" m_tx="-40.000000" m_ty="81.000000"/>
   <element name="swap_asa_blade2" layername="swap_asa_blade" frame="2" z_index="1" m_a="1.000000" m_b="0.000000" m_c="0.000000" m_d="1.000000" m_tx="60.000000" m_ty="90.000000"/>
  </frame>
  <frame idx="925" w="373" h="563" x="-49.500015" y="-78.000015">
   <element name="swap_asa_blade2" layername="swap_asa_blade-9" frame="0" z_index="3" m_a="1.000000" m_b="0.000000" m_c="0.000000" m_d="1.000000" m_tx="-169.000000" m_ty="106.000000"/>
   <element name="swap_asa_blade2" layername="swap_asa_blade-" frame="1" z_index="2" m_a="1.000000" m_b="0.000000" m_c="0.000000" m_d="1.000000" m_tx="-40.000000" m_ty="81.000000"/>
   <element name="swap_asa_blade2" layername="swap_asa_blade" frame="2" z_index="1" m_a="1.000000" m_b="0.000000" m_c="0.000000" m_d="1.000000" m_tx="60.000000" m_ty="90.000000"/>
  </frame>
  <frame idx="950" w="373" h="563" x="-49.500015" y="-78.000015">
   <element name="swap_asa_blade2" layername="swap_asa_blade-9" frame="0" z_index="3" m_a="1.000000" m_b="0.000000" m_c="0.000000" m_d="1.000000" m_tx="-169.000000" m_ty="106.000000"/>
   <element name="swap_asa_blade2" layername="swap_asa_blade-" frame="1" z_index="2" m_a="1.000000" m_b="0.000000" m_c="0.000000" m_d="1.000000" m_tx="-40.000000" m_ty="81.000000"/>
   <element name="swap_asa_blade2" layername="swap_asa_blade" frame="2" z_index="1" m_a="1.000000" m_b="0.000000" m_c="0.000000" m_d="1.000000" m_tx="60.000000" m_ty="90.000000"/>
  </frame>
  <frame idx="975" w="373" h="563" x="-49.500015" y="-78.000015">
   <element name="swap_asa_blade2" layername="swap_asa_blade-9" frame="0" z_index="3" m_a="1.000000" m_b="0.000000" m_c="0.000000" m_d="1.000000" m_tx="-169.000000" m_ty="106.000000"/>
   <element name="swap_asa_blade2" layername="swap_asa_blade-" frame="1" z_index="2" m_a="1.000000" m_b="0.000000" m_c="0.000000" m_d="1.000000" m_tx="-40.000000" m_ty="81.000000"/>
   <element name="swap_asa_blade2" layername="swap_asa_blade" frame="2" z_index="1" m_a="1.000000" m_b="0.000000" m_c="0.000000" m_d="1.000000" m_tx="60.000000" m_ty="90.000000"/>
  </frame>
 </anim>
</Anims>
