<Anims>
 <anim name="anim" root="asa_power" numframes="1000" framerate="40">
  <frame idx="0" w="692" h="392" x="39.959290" y="-11.881073">
   <element name="frame" layername="frame" frame="0" z_index="12" m_a="0.971808" m_b="0.000000" m_c="0.000000" m_d="0.971808" m_tx="90.337746" m_ty="72.410599"/>
   <element name="power" layername="0" frame="4" z_index="10" m_a="0.214461" m_b="0.000000" m_c="0.000000" m_d="0.214461" m_tx="-9.821429" m_ty="33.774834"/>
   <element name="power" layername="0_000" frame="4" z_index="9" m_a="0.214461" m_b="0.000000" m_c="0.000000" m_d="0.214461" m_tx="27.498810" m_ty="33.774834"/>
   <element name="power" layername="0_0" frame="4" z_index="8" m_a="0.214461" m_b="0.000000" m_c="0.000000" m_d="0.214461" m_tx="64.732140" m_ty="33.774834"/>
   <element name="power" layername="0_002" frame="4" z_index="7" m_a="0.214461" m_b="0.000000" m_c="0.000000" m_d="0.214461" m_tx="101.798813" m_ty="33.774834"/>
   <element name="power" layername="0_003" frame="4" z_index="6" m_a="0.214461" m_b="0.000000" m_c="0.000000" m_d="0.214461" m_tx="138.298813" m_ty="33.774834"/>
   <element name="power" layername="0_004" frame="4" z_index="5" m_a="0.214461" m_b="0.000000" m_c="0.000000" m_d="0.214461" m_tx="174.798813" m_ty="33.254002"/>
   <element name="power" layername="0_005" frame="4" z_index="4" m_a="0.214461" m_b="0.000000" m_c="0.000000" m_d="0.214461" m_tx="210.819641" m_ty="33.168774"/>
   <element name="power" layername="0_006" frame="4" z_index="3" m_a="0.214461" m_b="0.000000" m_c="0.000000" m_d="0.214461" m_tx="247.277969" m_ty="33.774834"/>
   <element name="power" layername="0_007" frame="4" z_index="2" m_a="0.214461" m_b="0.000000" m_c="0.000000" m_d="0.214461" m_tx="284.298798" m_ty="33.774834"/>
   <element name="power" layername="0_008" frame="4" z_index="1" m_a="0.279905" m_b="0.000000" m_c="0.000000" m_d="0.279905" m_tx="326.432892" m_ty="35.568130"/>
   <element name="power" layername="2" frame="1" z_index="11" m_a="0.129745" m_b="-0.071842" m_c="0.071842" m_d="0.129745" m_tx="-112.447624" m_ty="29.693201"/>
  </frame>
  <frame idx="25" w="692" h="392" x="39.959290" y="-11.950867">
   <element name="frame" layername="frame" frame="0" z_index="12" m_a="0.971808" m_b="0.000000" m_c="0.000000" m_d="0.971808" m_tx="90.337746" m_ty="72.410599"/>
   <element name="power" layername="0" frame="4" z_index="10" m_a="0.214461" m_b="0.000000" m_c="0.000000" m_d="0.214461" m_tx="-9.821429" m_ty="33.774834"/>
   <element name="power" layername="0_000" frame="4" z_index="9" m_a="0.214461" m_b="0.000000" m_c="0.000000" m_d="0.214461" m_tx="27.498810" m_ty="33.774834"/>
   <element name="power" layername="0_0" frame="4" z_index="8" m_a="0.214461" m_b="0.000000" m_c="0.000000" m_d="0.214461" m_tx="64.732140" m_ty="33.774834"/>
   <element name="power" layername="0_002" frame="4" z_index="7" m_a="0.214461" m_b="0.000000" m_c="0.000000" m_d="0.214461" m_tx="101.798813" m_ty="33.774834"/>
   <element name="power" layername="0_003" frame="4" z_index="6" m_a="0.214461" m_b="0.000000" m_c="0.000000" m_d="0.214461" m_tx="138.298813" m_ty="33.774834"/>
   <element name="power" layername="0_004" frame="4" z_index="5" m_a="0.214461" m_b="0.000000" m_c="0.000000" m_d="0.214461" m_tx="174.798813" m_ty="33.254002"/>
   <element name="power" layername="0_005" frame="4" z_index="4" m_a="0.214461" m_b="0.000000" m_c="0.000000" m_d="0.214461" m_tx="210.819641" m_ty="33.370792"/>
   <element name="power" layername="0_006" frame="4" z_index="3" m_a="0.214461" m_b="0.000000" m_c="0.000000" m_d="0.214461" m_tx="247.277969" m_ty="33.774834"/>
   <element name="power" layername="0_007" frame="4" z_index="2" m_a="0.214461" m_b="0.000000" m_c="0.000000" m_d="0.214461" m_tx="284.298798" m_ty="33.774834"/>
   <element name="power" layername="0_008" frame="4" z_index="1" m_a="0.279905" m_b="0.000000" m_c="0.000000" m_d="0.279905" m_tx="326.432892" m_ty="35.568130"/>
   <element name="power" layername="2" frame="1" z_index="11" m_a="0.134420" m_b="-0.072225" m_c="0.072225" m_d="0.134420" m_tx="-112.447624" m_ty="29.693201"/>
  </frame>
  <frame idx="50" w="692" h="392" x="39.959290" y="-12.001160">
   <element name="frame" layername="frame" frame="0" z_index="12" m_a="0.971808" m_b="0.000000" m_c="0.000000" m_d="0.971808" m_tx="90.337746" m_ty="72.410599"/>
   <element name="power" layername="0" frame="4" z_index="10" m_a="0.214461" m_b="0.000000" m_c="0.000000" m_d="0.214461" m_tx="-9.821429" m_ty="33.774834"/>
   <element name="power" layername="0_000" frame="4" z_index="9" m_a="0.214461" m_b="0.000000" m_c="0.000000" m_d="0.214461" m_tx="27.498810" m_ty="33.774834"/>
   <element name="power" layername="0_0" frame="4" z_index="8" m_a="0.214461" m_b="0.000000" m_c="0.000000" m_d="0.214461" m_tx="64.732140" m_ty="33.774834"/>
   <element name="power" layername="0_002" frame="4" z_index="7" m_a="0.214461" m_b="0.000000" m_c="0.000000" m_d="0.214461" m_tx="101.798813" m_ty="33.774834"/>
   <element name="power" layername="0_003" frame="4" z_index="6" m_a="0.214461" m_b="0.000000" m_c="0.000000" m_d="0.214461" m_tx="138.298813" m_ty="33.774834"/>
   <element name="power" layername="0_004" frame="4" z_index="5" m_a="0.214461" m_b="0.000000" m_c="0.000000" m_d="0.214461" m_tx="174.798813" m_ty="33.254002"/>
   <element name="power" layername="0_005" frame="4" z_index="4" m_a="0.214461" m_b="0.000000" m_c="0.000000" m_d="0.214461" m_tx="210.819641" m_ty="33.572815"/>
   <element name="power" layername="0_006" frame="4" z_index="3" m_a="0.214461" m_b="0.000000" m_c="0.000000" m_d="0.214461" m_tx="247.277969" m_ty="33.774834"/>
   <element name="power" layername="0_007" frame="4" z_index="2" m_a="0.214461" m_b="0.000000" m_c="0.000000" m_d="0.214461" m_tx="284.298798" m_ty="33.774834"/>
   <element name="power" layername="0_008" frame="4" z_index="1" m_a="0.279905" m_b="0.000000" m_c="0.000000" m_d="0.279905" m_tx="326.432892" m_ty="35.568130"/>
   <element name="power" layername="2" frame="1" z_index="11" m_a="0.139124" m_b="-0.072502" m_c="0.072502" m_d="0.139124" m_tx="-112.447624" m_ty="29.693201"/>
  </frame>
  <frame idx="75" w="692" h="392" x="39.959290" y="-12.031860">
   <element name="frame" layername="frame" frame="0" z_index="12" m_a="0.971808" m_b="0.000000" m_c="0.000000" m_d="0.971808" m_tx="90.337746" m_ty="72.410599"/>
   <element name="power" layername="0" frame="3" z_index="11" m_a="0.214461" m_b="0.000000" m_c="0.000000" m_d="0.214461" m_tx="-9.821429" m_ty="33.774834"/>
   <element name="power" layername="0_000" frame="4" z_index="9" m_a="0.214461" m_b="0.000000" m_c="0.000000" m_d="0.214461" m_tx="27.498810" m_ty="33.774834"/>
   <element name="power" layername="0_0" frame="4" z_index="8" m_a="0.214461" m_b="0.000000" m_c="0.000000" m_d="0.214461" m_tx="64.732140" m_ty="33.774834"/>
   <element name="power" layername="0_002" frame="4" z_index="7" m_a="0.214461" m_b="0.000000" m_c="0.000000" m_d="0.214461" m_tx="101.798813" m_ty="33.774834"/>
   <element name="power" layername="0_003" frame="4" z_index="6" m_a="0.214461" m_b="0.000000" m_c="0.000000" m_d="0.214461" m_tx="138.298813" m_ty="33.774834"/>
   <element name="power" layername="0_004" frame="4" z_index="5" m_a="0.214461" m_b="0.000000" m_c="0.000000" m_d="0.214461" m_tx="174.798813" m_ty="33.254002"/>
   <element name="power" layername="0_005" frame="4" z_index="4" m_a="0.214461" m_b="0.000000" m_c="0.000000" m_d="0.214461" m_tx="210.819641" m_ty="33.774834"/>
   <element name="power" layername="0_006" frame="4" z_index="3" m_a="0.214461" m_b="0.000000" m_c="0.000000" m_d="0.214461" m_tx="247.277969" m_ty="33.774834"/>
   <element name="power" layername="0_007" frame="4" z_index="2" m_a="0.214461" m_b="0.000000" m_c="0.000000" m_d="0.214461" m_tx="284.298798" m_ty="33.774834"/>
   <element name="power" layername="0_008" frame="4" z_index="1" m_a="0.279905" m_b="0.000000" m_c="0.000000" m_d="0.279905" m_tx="326.432892" m_ty="35.568130"/>
   <element name="power" layername="2" frame="1" z_index="11" m_a="0.143857" m_b="-0.072670" m_c="0.072670" m_d="0.143857" m_tx="-112.447624" m_ty="29.693201"/>
  </frame>
  <frame idx="100" w="692" h="392" x="39.959290" y="-12.042847">
   <element name="frame" layername="frame" frame="0" z_index="12" m_a="0.971808" m_b="0.000000" m_c="0.000000" m_d="0.971808" m_tx="90.337746" m_ty="72.410599"/>
   <element name="power" layername="0" frame="3" z_index="11" m_a="0.214461" m_b="0.000000" m_c="0.000000" m_d="0.214461" m_tx="-9.821429" m_ty="33.774834"/>
   <element name="power" layername="0_000" frame="4" z_index="9" m_a="0.214461" m_b="0.000000" m_c="0.000000" m_d="0.214461" m_tx="27.498810" m_ty="33.774834"/>
   <element name="power" layername="0_0" frame="4" z_index="8" m_a="0.214461" m_b="0.000000" m_c="0.000000" m_d="0.214461" m_tx="64.732140" m_ty="33.774834"/>
   <element name="power" layername="0_002" frame="4" z_index="7" m_a="0.214461" m_b="0.000000" m_c="0.000000" m_d="0.214461" m_tx="101.798813" m_ty="33.774834"/>
   <element name="power" layername="0_003" frame="4" z_index="6" m_a="0.214461" m_b="0.000000" m_c="0.000000" m_d="0.214461" m_tx="138.298813" m_ty="33.774834"/>
   <element name="power" layername="0_004" frame="4" z_index="5" m_a="0.214461" m_b="0.000000" m_c="0.000000" m_d="0.214461" m_tx="174.798813" m_ty="33.254002"/>
   <element name="power" layername="0_005" frame="4" z_index="4" m_a="0.214461" m_b="0.000000" m_c="0.000000" m_d="0.214461" m_tx="210.819641" m_ty="33.774834"/>
   <element name="power" layername="0_006" frame="4" z_index="3" m_a="0.214461" m_b="0.000000" m_c="0.000000" m_d="0.214461" m_tx="247.277969" m_ty="33.774834"/>
   <element name="power" layername="0_007" frame="4" z_index="2" m_a="0.214461" m_b="0.000000" m_c="0.000000" m_d="0.214461" m_tx="284.298798" m_ty="33.774834"/>
   <element name="power" layername="0_008" frame="4" z_index="1" m_a="0.279905" m_b="0.000000" m_c="0.000000" m_d="0.279905" m_tx="326.432892" m_ty="35.568130"/>
   <element name="power" layername="2" frame="1" z_index="11" m_a="0.148615" m_b="-0.072731" m_c="0.072731" m_d="0.148615" m_tx="-112.447624" m_ty="29.693201"/>
  </frame>
  <frame idx="125" w="692" h="392" x="39.959290" y="-12.033966">
   <element name="frame" layername="frame" frame="0" z_index="12" m_a="0.971808" m_b="0.000000" m_c="0.000000" m_d="0.971808" m_tx="90.337746" m_ty="72.410599"/>
   <element name="power" layername="0" frame="3" z_index="11" m_a="0.214461" m_b="0.000000" m_c="0.000000" m_d="0.214461" m_tx="-9.821429" m_ty="33.774834"/>
   <element name="power" layername="0_000" frame="4" z_index="9" m_a="0.214461" m_b="0.000000" m_c="0.000000" m_d="0.214461" m_tx="27.498810" m_ty="33.774834"/>
   <element name="power" layername="0_0" frame="4" z_index="8" m_a="0.214461" m_b="0.000000" m_c="0.000000" m_d="0.214461" m_tx="64.732140" m_ty="33.774834"/>
   <element name="power" layername="0_002" frame="4" z_index="7" m_a="0.214461" m_b="0.000000" m_c="0.000000" m_d="0.214461" m_tx="101.798813" m_ty="33.774834"/>
   <element name="power" layername="0_003" frame="4" z_index="6" m_a="0.214461" m_b="0.000000" m_c="0.000000" m_d="0.214461" m_tx="138.298813" m_ty="33.774834"/>
   <element name="power" layername="0_004" frame="4" z_index="5" m_a="0.214461" m_b="0.000000" m_c="0.000000" m_d="0.214461" m_tx="174.798813" m_ty="33.254002"/>
   <element name="power" layername="0_005" frame="4" z_index="4" m_a="0.214461" m_b="0.000000" m_c="0.000000" m_d="0.214461" m_tx="210.819641" m_ty="33.774834"/>
   <element name="power" layername="0_006" frame="4" z_index="3" m_a="0.214461" m_b="0.000000" m_c="0.000000" m_d="0.214461" m_tx="247.277969" m_ty="33.774834"/>
   <element name="power" layername="0_007" frame="4" z_index="2" m_a="0.214461" m_b="0.000000" m_c="0.000000" m_d="0.214461" m_tx="284.298798" m_ty="33.774834"/>
   <element name="power" layername="0_008" frame="4" z_index="1" m_a="0.279905" m_b="0.000000" m_c="0.000000" m_d="0.279905" m_tx="326.432892" m_ty="35.568130"/>
   <element name="power" layername="2" frame="1" z_index="11" m_a="0.153398" m_b="-0.072682" m_c="0.072682" m_d="0.153398" m_tx="-112.447624" m_ty="29.693201"/>
  </frame>
  <frame idx="150" w="692" h="392" x="39.959290" y="-12.005157">
   <element name="frame" layername="frame" frame="0" z_index="12" m_a="0.971808" m_b="0.000000" m_c="0.000000" m_d="0.971808" m_tx="90.337746" m_ty="72.410599"/>
   <element name="power" layername="0" frame="3" z_index="11" m_a="0.214461" m_b="0.000000" m_c="0.000000" m_d="0.214461" m_tx="-9.821429" m_ty="33.774834"/>
   <element name="power" layername="0_000" frame="4" z_index="9" m_a="0.214461" m_b="0.000000" m_c="0.000000" m_d="0.214461" m_tx="27.498810" m_ty="33.774834"/>
   <element name="power" layername="0_0" frame="4" z_index="8" m_a="0.214461" m_b="0.000000" m_c="0.000000" m_d="0.214461" m_tx="64.732140" m_ty="33.774834"/>
   <element name="power" layername="0_002" frame="4" z_index="7" m_a="0.214461" m_b="0.000000" m_c="0.000000" m_d="0.214461" m_tx="101.798813" m_ty="33.774834"/>
   <element name="power" layername="0_003" frame="4" z_index="6" m_a="0.214461" m_b="0.000000" m_c="0.000000" m_d="0.214461" m_tx="138.298813" m_ty="33.774834"/>
   <element name="power" layername="0_004" frame="4" z_index="5" m_a="0.214461" m_b="0.000000" m_c="0.000000" m_d="0.214461" m_tx="174.798813" m_ty="33.254002"/>
   <element name="power" layername="0_005" frame="4" z_index="4" m_a="0.214461" m_b="0.000000" m_c="0.000000" m_d="0.214461" m_tx="210.819641" m_ty="33.774834"/>
   <element name="power" layername="0_006" frame="4" z_index="3" m_a="0.214461" m_b="0.000000" m_c="0.000000" m_d="0.214461" m_tx="247.277969" m_ty="33.774834"/>
   <element name="power" layername="0_007" frame="4" z_index="2" m_a="0.214461" m_b="0.000000" m_c="0.000000" m_d="0.214461" m_tx="284.298798" m_ty="33.774834"/>
   <element name="power" layername="0_008" frame="4" z_index="1" m_a="0.279905" m_b="0.000000" m_c="0.000000" m_d="0.279905" m_tx="326.432892" m_ty="35.568130"/>
   <element name="power" layername="2" frame="1" z_index="11" m_a="0.158202" m_b="-0.072524" m_c="0.072524" m_d="0.158202" m_tx="-112.447624" m_ty="29.693201"/>
  </frame>
  <frame idx="175" w="692" h="392" x="39.959290" y="-11.956314">
   <element name="frame" layername="frame" frame="0" z_index="12" m_a="0.971808" m_b="0.000000" m_c="0.000000" m_d="0.971808" m_tx="90.337746" m_ty="72.410599"/>
   <element name="power" layername="0" frame="3" z_index="11" m_a="0.214461" m_b="0.000000" m_c="0.000000" m_d="0.214461" m_tx="-9.821429" m_ty="33.774834"/>
   <element name="power" layername="0_000" frame="3" z_index="10" m_a="0.214461" m_b="0.000000" m_c="0.000000" m_d="0.214461" m_tx="27.498810" m_ty="33.774834"/>
   <element name="power" layername="0_0" frame="4" z_index="8" m_a="0.214461" m_b="0.000000" m_c="0.000000" m_d="0.214461" m_tx="64.732140" m_ty="33.774834"/>
   <element name="power" layername="0_002" frame="4" z_index="7" m_a="0.214461" m_b="0.000000" m_c="0.000000" m_d="0.214461" m_tx="101.798813" m_ty="33.774834"/>
   <element name="power" layername="0_003" frame="4" z_index="6" m_a="0.214461" m_b="0.000000" m_c="0.000000" m_d="0.214461" m_tx="138.298813" m_ty="33.774834"/>
   <element name="power" layername="0_004" frame="4" z_index="5" m_a="0.214461" m_b="0.000000" m_c="0.000000" m_d="0.214461" m_tx="174.798813" m_ty="33.254002"/>
   <element name="power" layername="0_005" frame="4" z_index="4" m_a="0.214461" m_b="0.000000" m_c="0.000000" m_d="0.214461" m_tx="210.819641" m_ty="33.774834"/>
   <element name="power" layername="0_006" frame="4" z_index="3" m_a="0.214461" m_b="0.000000" m_c="0.000000" m_d="0.214461" m_tx="247.277969" m_ty="33.774834"/>
   <element name="power" layername="0_007" frame="4" z_index="2" m_a="0.214461" m_b="0.000000" m_c="0.000000" m_d="0.214461" m_tx="284.298798" m_ty="33.774834"/>
   <element name="power" layername="0_008" frame="4" z_index="1" m_a="0.279905" m_b="0.000000" m_c="0.000000" m_d="0.279905" m_tx="326.432892" m_ty="35.568130"/>
   <element name="power" layername="2" frame="1" z_index="11" m_a="0.163026" m_b="-0.072255" m_c="0.072255" m_d="0.163026" m_tx="-112.447624" m_ty="29.693201"/>
  </frame>
  <frame idx="200" w="692" h="392" x="39.959290" y="-11.887329">
   <element name="frame" layername="frame" frame="0" z_index="12" m_a="0.971808" m_b="0.000000" m_c="0.000000" m_d="0.971808" m_tx="90.337746" m_ty="72.410599"/>
   <element name="power" layername="0" frame="3" z_index="11" m_a="0.214461" m_b="0.000000" m_c="0.000000" m_d="0.214461" m_tx="-9.821429" m_ty="33.774834"/>
   <element name="power" layername="0_000" frame="3" z_index="10" m_a="0.214461" m_b="0.000000" m_c="0.000000" m_d="0.214461" m_tx="27.498810" m_ty="33.774834"/>
   <element name="power" layername="0_0" frame="4" z_index="8" m_a="0.214461" m_b="0.000000" m_c="0.000000" m_d="0.214461" m_tx="64.732140" m_ty="33.774834"/>
   <element name="power" layername="0_002" frame="4" z_index="7" m_a="0.214461" m_b="0.000000" m_c="0.000000" m_d="0.214461" m_tx="101.798813" m_ty="33.774834"/>
   <element name="power" layername="0_003" frame="4" z_index="6" m_a="0.214461" m_b="0.000000" m_c="0.000000" m_d="0.214461" m_tx="138.298813" m_ty="33.774834"/>
   <element name="power" layername="0_004" frame="4" z_index="5" m_a="0.214461" m_b="0.000000" m_c="0.000000" m_d="0.214461" m_tx="174.798813" m_ty="33.254002"/>
   <element name="power" layername="0_005" frame="4" z_index="4" m_a="0.214461" m_b="0.000000" m_c="0.000000" m_d="0.214461" m_tx="210.819641" m_ty="33.774834"/>
   <element name="power" layername="0_006" frame="4" z_index="3" m_a="0.214461" m_b="0.000000" m_c="0.000000" m_d="0.214461" m_tx="247.277969" m_ty="33.774834"/>
   <element name="power" layername="0_007" frame="4" z_index="2" m_a="0.214461" m_b="0.000000" m_c="0.000000" m_d="0.214461" m_tx="284.298798" m_ty="33.774834"/>
   <element name="power" layername="0_008" frame="4" z_index="1" m_a="0.279905" m_b="0.000000" m_c="0.000000" m_d="0.279905" m_tx="326.432892" m_ty="35.568130"/>
   <element name="power" layername="2" frame="1" z_index="11" m_a="0.167868" m_b="-0.071876" m_c="0.071876" m_d="0.167868" m_tx="-112.447624" m_ty="29.693201"/>
  </frame>
  <frame idx="225" w="692" h="391" x="39.959290" y="-11.798096">
   <element name="frame" layername="frame" frame="0" z_index="12" m_a="0.971808" m_b="0.000000" m_c="0.000000" m_d="0.971808" m_tx="90.337746" m_ty="72.410599"/>
   <element name="power" layername="0" frame="3" z_index="11" m_a="0.214461" m_b="0.000000" m_c="0.000000" m_d="0.214461" m_tx="-9.821429" m_ty="33.774834"/>
   <element name="power" layername="0_000" frame="3" z_index="10" m_a="0.214461" m_b="0.000000" m_c="0.000000" m_d="0.214461" m_tx="27.498810" m_ty="33.774834"/>
   <element name="power" layername="0_0" frame="4" z_index="8" m_a="0.214461" m_b="0.000000" m_c="0.000000" m_d="0.214461" m_tx="64.732140" m_ty="33.774834"/>
   <element name="power" layername="0_002" frame="4" z_index="7" m_a="0.214461" m_b="0.000000" m_c="0.000000" m_d="0.214461" m_tx="101.798813" m_ty="33.774834"/>
   <element name="power" layername="0_003" frame="4" z_index="6" m_a="0.214461" m_b="0.000000" m_c="0.000000" m_d="0.214461" m_tx="138.298813" m_ty="33.774834"/>
   <element name="power" layername="0_004" frame="4" z_index="5" m_a="0.214461" m_b="0.000000" m_c="0.000000" m_d="0.214461" m_tx="174.798813" m_ty="33.254002"/>
   <element name="power" layername="0_005" frame="4" z_index="4" m_a="0.214461" m_b="0.000000" m_c="0.000000" m_d="0.214461" m_tx="210.819641" m_ty="33.774834"/>
   <element name="power" layername="0_006" frame="4" z_index="3" m_a="0.214461" m_b="0.000000" m_c="0.000000" m_d="0.214461" m_tx="247.277969" m_ty="33.774834"/>
   <element name="power" layername="0_007" frame="4" z_index="2" m_a="0.214461" m_b="0.000000" m_c="0.000000" m_d="0.214461" m_tx="284.298798" m_ty="33.774834"/>
   <element name="power" layername="0_008" frame="4" z_index="1" m_a="0.279905" m_b="0.000000" m_c="0.000000" m_d="0.279905" m_tx="326.432892" m_ty="35.568130"/>
   <element name="power" layername="2" frame="1" z_index="11" m_a="0.172726" m_b="-0.071386" m_c="0.071386" m_d="0.172726" m_tx="-112.447624" m_ty="29.693201"/>
  </frame>
  <frame idx="250" w="692" h="391" x="39.959290" y="-11.688568">
   <element name="frame" layername="frame" frame="0" z_index="12" m_a="0.971808" m_b="0.000000" m_c="0.000000" m_d="0.971808" m_tx="90.337746" m_ty="72.410599"/>
   <element name="power" layername="0" frame="3" z_index="11" m_a="0.214461" m_b="0.000000" m_c="0.000000" m_d="0.214461" m_tx="-9.821429" m_ty="33.774834"/>
   <element name="power" layername="0_000" frame="3" z_index="10" m_a="0.214461" m_b="0.000000" m_c="0.000000" m_d="0.214461" m_tx="27.498810" m_ty="33.774834"/>
   <element name="power" layername="0_0" frame="4" z_index="8" m_a="0.214461" m_b="0.000000" m_c="0.000000" m_d="0.214461" m_tx="64.732140" m_ty="33.774834"/>
   <element name="power" layername="0_002" frame="4" z_index="7" m_a="0.214461" m_b="0.000000" m_c="0.000000" m_d="0.214461" m_tx="101.798813" m_ty="33.774834"/>
   <element name="power" layername="0_003" frame="4" z_index="6" m_a="0.214461" m_b="0.000000" m_c="0.000000" m_d="0.214461" m_tx="138.298813" m_ty="33.774834"/>
   <element name="power" layername="0_004" frame="4" z_index="5" m_a="0.214461" m_b="0.000000" m_c="0.000000" m_d="0.214461" m_tx="174.798813" m_ty="33.254002"/>
   <element name="power" layername="0_005" frame="4" z_index="4" m_a="0.214461" m_b="0.000000" m_c="0.000000" m_d="0.214461" m_tx="210.819641" m_ty="33.774834"/>
   <element name="power" layername="0_006" frame="4" z_index="3" m_a="0.214461" m_b="0.000000" m_c="0.000000" m_d="0.214461" m_tx="247.277969" m_ty="33.774834"/>
   <element name="power" layername="0_007" frame="4" z_index="2" m_a="0.214461" m_b="0.000000" m_c="0.000000" m_d="0.214461" m_tx="284.298798" m_ty="33.774834"/>
   <element name="power" layername="0_008" frame="4" z_index="1" m_a="0.279905" m_b="0.000000" m_c="0.000000" m_d="0.279905" m_tx="326.432892" m_ty="35.568130"/>
   <element name="power" layername="2" frame="1" z_index="11" m_a="0.177597" m_b="-0.070784" m_c="0.070784" m_d="0.177597" m_tx="-112.447624" m_ty="29.693201"/>
  </frame>
  <frame idx="275" w="692" h="391" x="39.959290" y="-11.558655">
   <element name="frame" layername="frame" frame="0" z_index="12" m_a="0.971808" m_b="0.000000" m_c="0.000000" m_d="0.971808" m_tx="90.337746" m_ty="72.410599"/>
   <element name="power" layername="0" frame="3" z_index="11" m_a="0.214461" m_b="0.000000" m_c="0.000000" m_d="0.214461" m_tx="-9.821429" m_ty="33.774834"/>
   <element name="power" layername="0_000" frame="3" z_index="10" m_a="0.214461" m_b="0.000000" m_c="0.000000" m_d="0.214461" m_tx="27.498810" m_ty="33.774834"/>
   <element name="power" layername="0_0" frame="3" z_index="9" m_a="0.214461" m_b="0.000000" m_c="0.000000" m_d="0.214461" m_tx="64.732140" m_ty="33.774834"/>
   <element name="power" layername="0_002" frame="4" z_index="7" m_a="0.214461" m_b="0.000000" m_c="0.000000" m_d="0.214461" m_tx="101.798813" m_ty="33.774834"/>
   <element name="power" layername="0_003" frame="4" z_index="6" m_a="0.214461" m_b="0.000000" m_c="0.000000" m_d="0.214461" m_tx="138.298813" m_ty="33.774834"/>
   <element name="power" layername="0_004" frame="4" z_index="5" m_a="0.214461" m_b="0.000000" m_c="0.000000" m_d="0.214461" m_tx="174.798813" m_ty="33.254002"/>
   <element name="power" layername="0_005" frame="4" z_index="4" m_a="0.214461" m_b="0.000000" m_c="0.000000" m_d="0.214461" m_tx="210.819641" m_ty="33.774834"/>
   <element name="power" layername="0_006" frame="4" z_index="3" m_a="0.214461" m_b="0.000000" m_c="0.000000" m_d="0.214461" m_tx="247.277969" m_ty="33.774834"/>
   <element name="power" layername="0_007" frame="4" z_index="2" m_a="0.214461" m_b="0.000000" m_c="0.000000" m_d="0.214461" m_tx="284.298798" m_ty="33.774834"/>
   <element name="power" layername="0_008" frame="4" z_index="1" m_a="0.279905" m_b="0.000000" m_c="0.000000" m_d="0.279905" m_tx="326.432892" m_ty="35.568130"/>
   <element name="power" layername="2" frame="1" z_index="11" m_a="0.182481" m_b="-0.070070" m_c="0.070070" m_d="0.182481" m_tx="-112.447624" m_ty="29.693201"/>
  </frame>
  <frame idx="300" w="692" h="390" x="39.959290" y="-11.408264">
   <element name="frame" layername="frame" frame="0" z_index="12" m_a="0.971808" m_b="0.000000" m_c="0.000000" m_d="0.971808" m_tx="90.337746" m_ty="72.410599"/>
   <element name="power" layername="0" frame="3" z_index="11" m_a="0.214461" m_b="0.000000" m_c="0.000000" m_d="0.214461" m_tx="-9.821429" m_ty="33.774834"/>
   <element name="power" layername="0_000" frame="3" z_index="10" m_a="0.214461" m_b="0.000000" m_c="0.000000" m_d="0.214461" m_tx="27.498810" m_ty="33.774834"/>
   <element name="power" layername="0_0" frame="3" z_index="9" m_a="0.214461" m_b="0.000000" m_c="0.000000" m_d="0.214461" m_tx="64.732140" m_ty="33.774834"/>
   <element name="power" layername="0_002" frame="4" z_index="7" m_a="0.214461" m_b="0.000000" m_c="0.000000" m_d="0.214461" m_tx="101.798813" m_ty="33.774834"/>
   <element name="power" layername="0_003" frame="4" z_index="6" m_a="0.214461" m_b="0.000000" m_c="0.000000" m_d="0.214461" m_tx="138.298813" m_ty="33.774834"/>
   <element name="power" layername="0_004" frame="4" z_index="5" m_a="0.214461" m_b="0.000000" m_c="0.000000" m_d="0.214461" m_tx="174.798813" m_ty="33.254002"/>
   <element name="power" layername="0_005" frame="4" z_index="4" m_a="0.214461" m_b="0.000000" m_c="0.000000" m_d="0.214461" m_tx="210.819641" m_ty="33.774834"/>
   <element name="power" layername="0_006" frame="4" z_index="3" m_a="0.214461" m_b="0.000000" m_c="0.000000" m_d="0.214461" m_tx="247.277969" m_ty="33.774834"/>
   <element name="power" layername="0_007" frame="4" z_index="2" m_a="0.214461" m_b="0.000000" m_c="0.000000" m_d="0.214461" m_tx="284.298798" m_ty="33.774834"/>
   <element name="power" layername="0_008" frame="4" z_index="1" m_a="0.279905" m_b="0.000000" m_c="0.000000" m_d="0.279905" m_tx="326.432892" m_ty="35.568130"/>
   <element name="power" layername="2" frame="1" z_index="11" m_a="0.187374" m_b="-0.069244" m_c="0.069244" m_d="0.187374" m_tx="-112.447624" m_ty="29.693201"/>
  </frame>
  <frame idx="325" w="692" h="390" x="39.959290" y="-11.237366">
   <element name="frame" layername="frame" frame="0" z_index="12" m_a="0.971808" m_b="0.000000" m_c="0.000000" m_d="0.971808" m_tx="90.337746" m_ty="72.410599"/>
   <element name="power" layername="0" frame="3" z_index="11" m_a="0.214461" m_b="0.000000" m_c="0.000000" m_d="0.214461" m_tx="-9.821429" m_ty="33.774834"/>
   <element name="power" layername="0_000" frame="3" z_index="10" m_a="0.214461" m_b="0.000000" m_c="0.000000" m_d="0.214461" m_tx="27.498810" m_ty="33.774834"/>
   <element name="power" layername="0_0" frame="3" z_index="9" m_a="0.214461" m_b="0.000000" m_c="0.000000" m_d="0.214461" m_tx="64.732140" m_ty="33.774834"/>
   <element name="power" layername="0_002" frame="4" z_index="7" m_a="0.214461" m_b="0.000000" m_c="0.000000" m_d="0.214461" m_tx="101.798813" m_ty="33.774834"/>
   <element name="power" layername="0_003" frame="4" z_index="6" m_a="0.214461" m_b="0.000000" m_c="0.000000" m_d="0.214461" m_tx="138.298813" m_ty="33.774834"/>
   <element name="power" layername="0_004" frame="4" z_index="5" m_a="0.214461" m_b="0.000000" m_c="0.000000" m_d="0.214461" m_tx="174.798813" m_ty="33.254002"/>
   <element name="power" layername="0_005" frame="4" z_index="4" m_a="0.214461" m_b="0.000000" m_c="0.000000" m_d="0.214461" m_tx="210.819641" m_ty="33.774834"/>
   <element name="power" layername="0_006" frame="4" z_index="3" m_a="0.214461" m_b="0.000000" m_c="0.000000" m_d="0.214461" m_tx="247.277969" m_ty="33.774834"/>
   <element name="power" layername="0_007" frame="4" z_index="2" m_a="0.214461" m_b="0.000000" m_c="0.000000" m_d="0.214461" m_tx="284.298798" m_ty="33.774834"/>
   <element name="power" layername="0_008" frame="4" z_index="1" m_a="0.279905" m_b="0.000000" m_c="0.000000" m_d="0.279905" m_tx="326.432892" m_ty="35.568130"/>
   <element name="power" layername="2" frame="1" z_index="11" m_a="0.192274" m_b="-0.068305" m_c="0.068305" m_d="0.192274" m_tx="-112.447624" m_ty="29.693201"/>
  </frame>
  <frame idx="350" w="692" h="389" x="39.959290" y="-11.045898">
   <element name="frame" layername="frame" frame="0" z_index="12" m_a="0.971808" m_b="0.000000" m_c="0.000000" m_d="0.971808" m_tx="90.337746" m_ty="72.410599"/>
   <element name="power" layername="0" frame="3" z_index="11" m_a="0.214461" m_b="0.000000" m_c="0.000000" m_d="0.214461" m_tx="-9.821429" m_ty="33.774834"/>
   <element name="power" layername="0_000" frame="3" z_index="10" m_a="0.214461" m_b="0.000000" m_c="0.000000" m_d="0.214461" m_tx="27.498810" m_ty="33.774834"/>
   <element name="power" layername="0_0" frame="3" z_index="9" m_a="0.214461" m_b="0.000000" m_c="0.000000" m_d="0.214461" m_tx="64.732140" m_ty="33.774834"/>
   <element name="power" layername="0_002" frame="4" z_index="7" m_a="0.214461" m_b="0.000000" m_c="0.000000" m_d="0.214461" m_tx="101.798813" m_ty="33.774834"/>
   <element name="power" layername="0_003" frame="4" z_index="6" m_a="0.214461" m_b="0.000000" m_c="0.000000" m_d="0.214461" m_tx="138.298813" m_ty="33.774834"/>
   <element name="power" layername="0_004" frame="4" z_index="5" m_a="0.214461" m_b="0.000000" m_c="0.000000" m_d="0.214461" m_tx="174.798813" m_ty="33.254002"/>
   <element name="power" layername="0_005" frame="4" z_index="4" m_a="0.214461" m_b="0.000000" m_c="0.000000" m_d="0.214461" m_tx="210.819641" m_ty="33.774834"/>
   <element name="power" layername="0_006" frame="4" z_index="3" m_a="0.214461" m_b="0.000000" m_c="0.000000" m_d="0.214461" m_tx="247.277969" m_ty="33.774834"/>
   <element name="power" layername="0_007" frame="4" z_index="2" m_a="0.214461" m_b="0.000000" m_c="0.000000" m_d="0.214461" m_tx="284.298798" m_ty="33.774834"/>
   <element name="power" layername="0_008" frame="4" z_index="1" m_a="0.279905" m_b="0.000000" m_c="0.000000" m_d="0.279905" m_tx="326.432892" m_ty="35.568130"/>
   <element name="power" layername="2" frame="1" z_index="11" m_a="0.197181" m_b="-0.067253" m_c="0.067253" m_d="0.197181" m_tx="-112.447624" m_ty="29.693201"/>
  </frame>
  <frame idx="375" w="692" h="388" x="39.959290" y="-10.833786">
   <element name="frame" layername="frame" frame="0" z_index="12" m_a="0.971808" m_b="0.000000" m_c="0.000000" m_d="0.971808" m_tx="90.337746" m_ty="72.410599"/>
   <element name="power" layername="0" frame="3" z_index="11" m_a="0.214461" m_b="0.000000" m_c="0.000000" m_d="0.214461" m_tx="-9.821429" m_ty="33.774834"/>
   <element name="power" layername="0_000" frame="3" z_index="10" m_a="0.214461" m_b="0.000000" m_c="0.000000" m_d="0.214461" m_tx="27.498810" m_ty="33.774834"/>
   <element name="power" layername="0_0" frame="3" z_index="9" m_a="0.214461" m_b="0.000000" m_c="0.000000" m_d="0.214461" m_tx="64.732140" m_ty="33.774834"/>
   <element name="power" layername="0_002" frame="3" z_index="8" m_a="0.214461" m_b="0.000000" m_c="0.000000" m_d="0.214461" m_tx="101.798813" m_ty="33.774834"/>
   <element name="power" layername="0_003" frame="4" z_index="6" m_a="0.214461" m_b="0.000000" m_c="0.000000" m_d="0.214461" m_tx="138.298813" m_ty="33.774834"/>
   <element name="power" layername="0_004" frame="4" z_index="5" m_a="0.214461" m_b="0.000000" m_c="0.000000" m_d="0.214461" m_tx="174.798813" m_ty="33.254002"/>
   <element name="power" layername="0_005" frame="4" z_index="4" m_a="0.214461" m_b="0.000000" m_c="0.000000" m_d="0.214461" m_tx="210.819641" m_ty="33.774834"/>
   <element name="power" layername="0_006" frame="4" z_index="3" m_a="0.214461" m_b="0.000000" m_c="0.000000" m_d="0.214461" m_tx="247.277969" m_ty="33.774834"/>
   <element name="power" layername="0_007" frame="4" z_index="2" m_a="0.214461" m_b="0.000000" m_c="0.000000" m_d="0.214461" m_tx="284.298798" m_ty="33.774834"/>
   <element name="power" layername="0_008" frame="4" z_index="1" m_a="0.279905" m_b="0.000000" m_c="0.000000" m_d="0.279905" m_tx="326.432892" m_ty="35.568130"/>
   <element name="power" layername="2" frame="1" z_index="11" m_a="0.202090" m_b="-0.066088" m_c="0.066088" m_d="0.202090" m_tx="-112.447624" m_ty="29.693201"/>
  </frame>
  <frame idx="400" w="692" h="388" x="39.959290" y="-10.601013">
   <element name="frame" layername="frame" frame="0" z_index="12" m_a="0.971808" m_b="0.000000" m_c="0.000000" m_d="0.971808" m_tx="90.337746" m_ty="72.410599"/>
   <element name="power" layername="0" frame="3" z_index="11" m_a="0.214461" m_b="0.000000" m_c="0.000000" m_d="0.214461" m_tx="-9.821429" m_ty="33.774834"/>
   <element name="power" layername="0_000" frame="3" z_index="10" m_a="0.214461" m_b="0.000000" m_c="0.000000" m_d="0.214461" m_tx="27.498810" m_ty="33.774834"/>
   <element name="power" layername="0_0" frame="3" z_index="9" m_a="0.214461" m_b="0.000000" m_c="0.000000" m_d="0.214461" m_tx="64.732140" m_ty="33.774834"/>
   <element name="power" layername="0_002" frame="3" z_index="8" m_a="0.214461" m_b="0.000000" m_c="0.000000" m_d="0.214461" m_tx="101.798813" m_ty="33.774834"/>
   <element name="power" layername="0_003" frame="4" z_index="6" m_a="0.214461" m_b="0.000000" m_c="0.000000" m_d="0.214461" m_tx="138.298813" m_ty="33.774834"/>
   <element name="power" layername="0_004" frame="4" z_index="5" m_a="0.214461" m_b="0.000000" m_c="0.000000" m_d="0.214461" m_tx="174.798813" m_ty="33.254002"/>
   <element name="power" layername="0_005" frame="4" z_index="4" m_a="0.214461" m_b="0.000000" m_c="0.000000" m_d="0.214461" m_tx="210.819641" m_ty="33.774834"/>
   <element name="power" layername="0_006" frame="4" z_index="3" m_a="0.214461" m_b="0.000000" m_c="0.000000" m_d="0.214461" m_tx="247.277969" m_ty="33.774834"/>
   <element name="power" layername="0_007" frame="4" z_index="2" m_a="0.214461" m_b="0.000000" m_c="0.000000" m_d="0.214461" m_tx="284.298798" m_ty="33.774834"/>
   <element name="power" layername="0_008" frame="4" z_index="1" m_a="0.279905" m_b="0.000000" m_c="0.000000" m_d="0.279905" m_tx="326.432892" m_ty="35.568130"/>
   <element name="power" layername="2" frame="1" z_index="11" m_a="0.207001" m_b="-0.064809" m_c="0.064809" m_d="0.207001" m_tx="-112.447624" m_ty="29.693201"/>
  </frame>
  <frame idx="425" w="692" h="387" x="39.959290" y="-10.347504">
   <element name="frame" layername="frame" frame="0" z_index="12" m_a="0.971808" m_b="0.000000" m_c="0.000000" m_d="0.971808" m_tx="90.337746" m_ty="72.410599"/>
   <element name="power" layername="0" frame="3" z_index="11" m_a="0.214461" m_b="0.000000" m_c="0.000000" m_d="0.214461" m_tx="-9.821429" m_ty="33.774834"/>
   <element name="power" layername="0_000" frame="3" z_index="10" m_a="0.214461" m_b="0.000000" m_c="0.000000" m_d="0.214461" m_tx="27.498810" m_ty="33.774834"/>
   <element name="power" layername="0_0" frame="3" z_index="9" m_a="0.214461" m_b="0.000000" m_c="0.000000" m_d="0.214461" m_tx="64.732140" m_ty="33.774834"/>
   <element name="power" layername="0_002" frame="3" z_index="8" m_a="0.214461" m_b="0.000000" m_c="0.000000" m_d="0.214461" m_tx="101.798813" m_ty="33.774834"/>
   <element name="power" layername="0_003" frame="4" z_index="6" m_a="0.214461" m_b="0.000000" m_c="0.000000" m_d="0.214461" m_tx="138.298813" m_ty="33.774834"/>
   <element name="power" layername="0_004" frame="4" z_index="5" m_a="0.214461" m_b="0.000000" m_c="0.000000" m_d="0.214461" m_tx="174.798813" m_ty="33.254002"/>
   <element name="power" layername="0_005" frame="4" z_index="4" m_a="0.214461" m_b="0.000000" m_c="0.000000" m_d="0.214461" m_tx="210.819641" m_ty="33.774834"/>
   <element name="power" layername="0_006" frame="4" z_index="3" m_a="0.214461" m_b="0.000000" m_c="0.000000" m_d="0.214461" m_tx="247.277969" m_ty="33.774834"/>
   <element name="power" layername="0_007" frame="4" z_index="2" m_a="0.214461" m_b="0.000000" m_c="0.000000" m_d="0.214461" m_tx="284.298798" m_ty="33.774834"/>
   <element name="power" layername="0_008" frame="4" z_index="1" m_a="0.279905" m_b="0.000000" m_c="0.000000" m_d="0.279905" m_tx="326.432892" m_ty="35.568130"/>
   <element name="power" layername="2" frame="1" z_index="11" m_a="0.211912" m_b="-0.063416" m_c="0.063416" m_d="0.211912" m_tx="-112.447624" m_ty="29.693201"/>
  </frame>
  <frame idx="450" w="692" h="385" x="39.959290" y="-10.073257">
   <element name="frame" layername="frame" frame="0" z_index="12" m_a="0.971808" m_b="0.000000" m_c="0.000000" m_d="0.971808" m_tx="90.337746" m_ty="72.410599"/>
   <element name="power" layername="0" frame="3" z_index="11" m_a="0.214461" m_b="0.000000" m_c="0.000000" m_d="0.214461" m_tx="-9.821429" m_ty="33.774834"/>
   <element name="power" layername="0_000" frame="3" z_index="10" m_a="0.214461" m_b="0.000000" m_c="0.000000" m_d="0.214461" m_tx="27.498810" m_ty="33.774834"/>
   <element name="power" layername="0_0" frame="3" z_index="9" m_a="0.214461" m_b="0.000000" m_c="0.000000" m_d="0.214461" m_tx="64.732140" m_ty="33.774834"/>
   <element name="power" layername="0_002" frame="3" z_index="8" m_a="0.214461" m_b="0.000000" m_c="0.000000" m_d="0.214461" m_tx="101.798813" m_ty="33.774834"/>
   <element name="power" layername="0_003" frame="4" z_index="6" m_a="0.214461" m_b="0.000000" m_c="0.000000" m_d="0.214461" m_tx="138.298813" m_ty="33.774834"/>
   <element name="power" layername="0_004" frame="4" z_index="5" m_a="0.214461" m_b="0.000000" m_c="0.000000" m_d="0.214461" m_tx="174.798813" m_ty="33.254002"/>
   <element name="power" layername="0_005" frame="4" z_index="4" m_a="0.214461" m_b="0.000000" m_c="0.000000" m_d="0.214461" m_tx="210.819641" m_ty="33.774834"/>
   <element name="power" layername="0_006" frame="4" z_index="3" m_a="0.214461" m_b="0.000000" m_c="0.000000" m_d="0.214461" m_tx="247.277969" m_ty="33.774834"/>
   <element name="power" layername="0_007" frame="4" z_index="2" m_a="0.214461" m_b="0.000000" m_c="0.000000" m_d="0.214461" m_tx="284.298798" m_ty="33.774834"/>
   <element name="power" layername="0_008" frame="4" z_index="1" m_a="0.279905" m_b="0.000000" m_c="0.000000" m_d="0.279905" m_tx="326.432892" m_ty="35.568130"/>
   <element name="power" layername="2" frame="1" z_index="11" m_a="0.216820" m_b="-0.061909" m_c="0.061909" m_d="0.216820" m_tx="-112.447624" m_ty="29.693201"/>
  </frame>
  <frame idx="475" w="692" h="384" x="39.959290" y="-9.778244">
   <element name="frame" layername="frame" frame="0" z_index="12" m_a="0.971808" m_b="0.000000" m_c="0.000000" m_d="0.971808" m_tx="90.337746" m_ty="72.410599"/>
   <element name="power" layername="0" frame="3" z_index="11" m_a="0.214461" m_b="0.000000" m_c="0.000000" m_d="0.214461" m_tx="-9.821429" m_ty="33.774834"/>
   <element name="power" layername="0_000" frame="3" z_index="10" m_a="0.214461" m_b="0.000000" m_c="0.000000" m_d="0.214461" m_tx="27.498810" m_ty="33.774834"/>
   <element name="power" layername="0_0" frame="3" z_index="9" m_a="0.214461" m_b="0.000000" m_c="0.000000" m_d="0.214461" m_tx="64.732140" m_ty="33.774834"/>
   <element name="power" layername="0_002" frame="3" z_index="8" m_a="0.214461" m_b="0.000000" m_c="0.000000" m_d="0.214461" m_tx="101.798813" m_ty="33.774834"/>
   <element name="power" layername="0_003" frame="3" z_index="7" m_a="0.214461" m_b="0.000000" m_c="0.000000" m_d="0.214461" m_tx="138.298813" m_ty="33.774834"/>
   <element name="power" layername="0_004" frame="4" z_index="5" m_a="0.214461" m_b="0.000000" m_c="0.000000" m_d="0.214461" m_tx="174.798813" m_ty="33.254002"/>
   <element name="power" layername="0_005" frame="4" z_index="4" m_a="0.214461" m_b="0.000000" m_c="0.000000" m_d="0.214461" m_tx="210.819641" m_ty="33.774834"/>
   <element name="power" layername="0_006" frame="4" z_index="3" m_a="0.214461" m_b="0.000000" m_c="0.000000" m_d="0.214461" m_tx="247.277969" m_ty="33.774834"/>
   <element name="power" layername="0_007" frame="4" z_index="2" m_a="0.214461" m_b="0.000000" m_c="0.000000" m_d="0.214461" m_tx="284.298798" m_ty="33.774834"/>
   <element name="power" layername="0_008" frame="4" z_index="1" m_a="0.279905" m_b="0.000000" m_c="0.000000" m_d="0.279905" m_tx="326.432892" m_ty="35.568130"/>
   <element name="power" layername="2" frame="1" z_index="11" m_a="0.221722" m_b="-0.060288" m_c="0.060288" m_d="0.221722" m_tx="-112.447624" m_ty="29.693201"/>
  </frame>
  <frame idx="500" w="692" h="383" x="39.959290" y="-9.462433">
   <element name="frame" layername="frame" frame="0" z_index="12" m_a="0.971808" m_b="0.000000" m_c="0.000000" m_d="0.971808" m_tx="90.337746" m_ty="72.410599"/>
   <element name="power" layername="0" frame="3" z_index="11" m_a="0.214461" m_b="0.000000" m_c="0.000000" m_d="0.214461" m_tx="-9.821429" m_ty="33.774834"/>
   <element name="power" layername="0_000" frame="3" z_index="10" m_a="0.214461" m_b="0.000000" m_c="0.000000" m_d="0.214461" m_tx="27.498810" m_ty="33.774834"/>
   <element name="power" layername="0_0" frame="3" z_index="9" m_a="0.214461" m_b="0.000000" m_c="0.000000" m_d="0.214461" m_tx="64.732140" m_ty="33.774834"/>
   <element name="power" layername="0_002" frame="3" z_index="8" m_a="0.214461" m_b="0.000000" m_c="0.000000" m_d="0.214461" m_tx="101.798813" m_ty="33.774834"/>
   <element name="power" layername="0_003" frame="3" z_index="7" m_a="0.214461" m_b="0.000000" m_c="0.000000" m_d="0.214461" m_tx="138.298813" m_ty="33.774834"/>
   <element name="power" layername="0_004" frame="4" z_index="5" m_a="0.214461" m_b="0.000000" m_c="0.000000" m_d="0.214461" m_tx="174.798813" m_ty="33.254002"/>
   <element name="power" layername="0_005" frame="4" z_index="4" m_a="0.214461" m_b="0.000000" m_c="0.000000" m_d="0.214461" m_tx="210.819641" m_ty="33.774834"/>
   <element name="power" layername="0_006" frame="4" z_index="3" m_a="0.214461" m_b="0.000000" m_c="0.000000" m_d="0.214461" m_tx="247.277969" m_ty="33.774834"/>
   <element name="power" layername="0_007" frame="4" z_index="2" m_a="0.214461" m_b="0.000000" m_c="0.000000" m_d="0.214461" m_tx="284.298798" m_ty="33.774834"/>
   <element name="power" layername="0_008" frame="4" z_index="1" m_a="0.279905" m_b="0.000000" m_c="0.000000" m_d="0.279905" m_tx="326.432892" m_ty="35.568130"/>
   <element name="power" layername="2" frame="1" z_index="11" m_a="0.226618" m_b="-0.058553" m_c="0.058553" m_d="0.226618" m_tx="-112.447624" m_ty="29.693201"/>
  </frame>
  <frame idx="525" w="692" h="382" x="39.959290" y="-9.125824">
   <element name="frame" layername="frame" frame="0" z_index="12" m_a="0.971808" m_b="0.000000" m_c="0.000000" m_d="0.971808" m_tx="90.337746" m_ty="72.410599"/>
   <element name="power" layername="0" frame="3" z_index="11" m_a="0.214461" m_b="0.000000" m_c="0.000000" m_d="0.214461" m_tx="-9.821429" m_ty="33.774834"/>
   <element name="power" layername="0_000" frame="3" z_index="10" m_a="0.214461" m_b="0.000000" m_c="0.000000" m_d="0.214461" m_tx="27.498810" m_ty="33.774834"/>
   <element name="power" layername="0_0" frame="3" z_index="9" m_a="0.214461" m_b="0.000000" m_c="0.000000" m_d="0.214461" m_tx="64.732140" m_ty="33.774834"/>
   <element name="power" layername="0_002" frame="3" z_index="8" m_a="0.214461" m_b="0.000000" m_c="0.000000" m_d="0.214461" m_tx="101.798813" m_ty="33.774834"/>
   <element name="power" layername="0_003" frame="3" z_index="7" m_a="0.214461" m_b="0.000000" m_c="0.000000" m_d="0.214461" m_tx="138.298813" m_ty="33.774834"/>
   <element name="power" layername="0_004" frame="4" z_index="5" m_a="0.214461" m_b="0.000000" m_c="0.000000" m_d="0.214461" m_tx="174.798813" m_ty="33.254002"/>
   <element name="power" layername="0_005" frame="4" z_index="4" m_a="0.214461" m_b="0.000000" m_c="0.000000" m_d="0.214461" m_tx="210.819641" m_ty="33.774834"/>
   <element name="power" layername="0_006" frame="4" z_index="3" m_a="0.214461" m_b="0.000000" m_c="0.000000" m_d="0.214461" m_tx="247.277969" m_ty="33.774834"/>
   <element name="power" layername="0_007" frame="4" z_index="2" m_a="0.214461" m_b="0.000000" m_c="0.000000" m_d="0.214461" m_tx="284.298798" m_ty="33.774834"/>
   <element name="power" layername="0_008" frame="4" z_index="1" m_a="0.279905" m_b="0.000000" m_c="0.000000" m_d="0.279905" m_tx="326.432892" m_ty="35.568130"/>
   <element name="power" layername="2" frame="1" z_index="11" m_a="0.231505" m_b="-0.056703" m_c="0.056703" m_d="0.231505" m_tx="-112.447624" m_ty="29.693201"/>
  </frame>
  <frame idx="550" w="692" h="381" x="39.959290" y="-8.768387">
   <element name="frame" layername="frame" frame="0" z_index="12" m_a="0.971808" m_b="0.000000" m_c="0.000000" m_d="0.971808" m_tx="90.337746" m_ty="72.410599"/>
   <element name="power" layername="0" frame="3" z_index="11" m_a="0.214461" m_b="0.000000" m_c="0.000000" m_d="0.214461" m_tx="-9.821429" m_ty="33.774834"/>
   <element name="power" layername="0_000" frame="3" z_index="10" m_a="0.214461" m_b="0.000000" m_c="0.000000" m_d="0.214461" m_tx="27.498810" m_ty="33.774834"/>
   <element name="power" layername="0_0" frame="3" z_index="9" m_a="0.214461" m_b="0.000000" m_c="0.000000" m_d="0.214461" m_tx="64.732140" m_ty="33.774834"/>
   <element name="power" layername="0_002" frame="3" z_index="8" m_a="0.214461" m_b="0.000000" m_c="0.000000" m_d="0.214461" m_tx="101.798813" m_ty="33.774834"/>
   <element name="power" layername="0_003" frame="3" z_index="7" m_a="0.214461" m_b="0.000000" m_c="0.000000" m_d="0.214461" m_tx="138.298813" m_ty="33.774834"/>
   <element name="power" layername="0_004" frame="3" z_index="6" m_a="0.214461" m_b="0.000000" m_c="0.000000" m_d="0.214461" m_tx="174.798813" m_ty="33.254002"/>
   <element name="power" layername="0_005" frame="4" z_index="4" m_a="0.214461" m_b="0.000000" m_c="0.000000" m_d="0.214461" m_tx="210.819641" m_ty="33.774834"/>
   <element name="power" layername="0_006" frame="4" z_index="3" m_a="0.214461" m_b="0.000000" m_c="0.000000" m_d="0.214461" m_tx="247.277969" m_ty="33.774834"/>
   <element name="power" layername="0_007" frame="4" z_index="2" m_a="0.214461" m_b="0.000000" m_c="0.000000" m_d="0.214461" m_tx="284.298798" m_ty="33.774834"/>
   <element name="power" layername="0_008" frame="4" z_index="1" m_a="0.279905" m_b="0.000000" m_c="0.000000" m_d="0.279905" m_tx="326.432892" m_ty="35.568130"/>
   <element name="power" layername="2" frame="2" z_index="5" m_a="0.236380" m_b="-0.054739" m_c="0.054739" m_d="0.236380" m_tx="-112.447624" m_ty="29.693201"/>
  </frame>
  <frame idx="575" w="692" h="380" x="39.959290" y="-8.390137">
   <element name="frame" layername="frame" frame="0" z_index="12" m_a="0.971808" m_b="0.000000" m_c="0.000000" m_d="0.971808" m_tx="90.337746" m_ty="72.410599"/>
   <element name="power" layername="0" frame="3" z_index="11" m_a="0.214461" m_b="0.000000" m_c="0.000000" m_d="0.214461" m_tx="-9.821429" m_ty="33.774834"/>
   <element name="power" layername="0_000" frame="3" z_index="10" m_a="0.214461" m_b="0.000000" m_c="0.000000" m_d="0.214461" m_tx="27.498810" m_ty="33.774834"/>
   <element name="power" layername="0_0" frame="3" z_index="9" m_a="0.214461" m_b="0.000000" m_c="0.000000" m_d="0.214461" m_tx="64.732140" m_ty="33.774834"/>
   <element name="power" layername="0_002" frame="3" z_index="8" m_a="0.214461" m_b="0.000000" m_c="0.000000" m_d="0.214461" m_tx="101.798813" m_ty="33.774834"/>
   <element name="power" layername="0_003" frame="3" z_index="7" m_a="0.214461" m_b="0.000000" m_c="0.000000" m_d="0.214461" m_tx="138.298813" m_ty="33.774834"/>
   <element name="power" layername="0_004" frame="3" z_index="6" m_a="0.214461" m_b="0.000000" m_c="0.000000" m_d="0.214461" m_tx="174.798813" m_ty="33.254002"/>
   <element name="power" layername="0_005" frame="4" z_index="4" m_a="0.214461" m_b="0.000000" m_c="0.000000" m_d="0.214461" m_tx="210.819641" m_ty="33.774834"/>
   <element name="power" layername="0_006" frame="4" z_index="3" m_a="0.214461" m_b="0.000000" m_c="0.000000" m_d="0.214461" m_tx="247.277969" m_ty="33.774834"/>
   <element name="power" layername="0_007" frame="4" z_index="2" m_a="0.214461" m_b="0.000000" m_c="0.000000" m_d="0.214461" m_tx="284.298798" m_ty="33.774834"/>
   <element name="power" layername="0_008" frame="4" z_index="1" m_a="0.279905" m_b="0.000000" m_c="0.000000" m_d="0.279905" m_tx="326.432892" m_ty="35.568130"/>
   <element name="power" layername="2" frame="2" z_index="5" m_a="0.241242" m_b="-0.052661" m_c="0.052661" m_d="0.241242" m_tx="-112.447624" m_ty="29.693201"/>
  </frame>
  <frame idx="600" w="692" h="379" x="39.959290" y="-7.991089">
   <element name="frame" layername="frame" frame="0" z_index="12" m_a="0.971808" m_b="0.000000" m_c="0.000000" m_d="0.971808" m_tx="90.337746" m_ty="72.410599"/>
   <element name="power" layername="0" frame="3" z_index="11" m_a="0.214461" m_b="0.000000" m_c="0.000000" m_d="0.214461" m_tx="-9.821429" m_ty="33.774834"/>
   <element name="power" layername="0_000" frame="3" z_index="10" m_a="0.214461" m_b="0.000000" m_c="0.000000" m_d="0.214461" m_tx="27.498810" m_ty="33.774834"/>
   <element name="power" layername="0_0" frame="3" z_index="9" m_a="0.214461" m_b="0.000000" m_c="0.000000" m_d="0.214461" m_tx="64.732140" m_ty="33.774834"/>
   <element name="power" layername="0_002" frame="3" z_index="8" m_a="0.214461" m_b="0.000000" m_c="0.000000" m_d="0.214461" m_tx="101.798813" m_ty="33.774834"/>
   <element name="power" layername="0_003" frame="3" z_index="7" m_a="0.214461" m_b="0.000000" m_c="0.000000" m_d="0.214461" m_tx="138.298813" m_ty="33.774834"/>
   <element name="power" layername="0_004" frame="3" z_index="6" m_a="0.214461" m_b="0.000000" m_c="0.000000" m_d="0.214461" m_tx="174.798813" m_ty="33.254002"/>
   <element name="power" layername="0_005" frame="4" z_index="4" m_a="0.214461" m_b="0.000000" m_c="0.000000" m_d="0.214461" m_tx="210.819641" m_ty="33.774834"/>
   <element name="power" layername="0_006" frame="4" z_index="3" m_a="0.214461" m_b="0.000000" m_c="0.000000" m_d="0.214461" m_tx="247.277969" m_ty="33.774834"/>
   <element name="power" layername="0_007" frame="4" z_index="2" m_a="0.214461" m_b="0.000000" m_c="0.000000" m_d="0.214461" m_tx="284.298798" m_ty="33.774834"/>
   <element name="power" layername="0_008" frame="4" z_index="1" m_a="0.279905" m_b="0.000000" m_c="0.000000" m_d="0.279905" m_tx="326.432892" m_ty="35.568130"/>
   <element name="power" layername="2" frame="2" z_index="5" m_a="0.246089" m_b="-0.050468" m_c="0.050468" m_d="0.246089" m_tx="-112.447624" m_ty="29.693201"/>
  </frame>
  <frame idx="625" w="692" h="378" x="39.959290" y="-7.571259">
   <element name="frame" layername="frame" frame="0" z_index="12" m_a="0.971808" m_b="0.000000" m_c="0.000000" m_d="0.971808" m_tx="90.337746" m_ty="72.410599"/>
   <element name="power" layername="0" frame="3" z_index="11" m_a="0.214461" m_b="0.000000" m_c="0.000000" m_d="0.214461" m_tx="-9.821429" m_ty="33.774834"/>
   <element name="power" layername="0_000" frame="3" z_index="10" m_a="0.214461" m_b="0.000000" m_c="0.000000" m_d="0.214461" m_tx="27.498810" m_ty="33.774834"/>
   <element name="power" layername="0_0" frame="3" z_index="9" m_a="0.214461" m_b="0.000000" m_c="0.000000" m_d="0.214461" m_tx="64.732140" m_ty="33.774834"/>
   <element name="power" layername="0_002" frame="3" z_index="8" m_a="0.214461" m_b="0.000000" m_c="0.000000" m_d="0.214461" m_tx="101.798813" m_ty="33.774834"/>
   <element name="power" layername="0_003" frame="3" z_index="7" m_a="0.214461" m_b="0.000000" m_c="0.000000" m_d="0.214461" m_tx="138.298813" m_ty="33.774834"/>
   <element name="power" layername="0_004" frame="3" z_index="6" m_a="0.214461" m_b="0.000000" m_c="0.000000" m_d="0.214461" m_tx="174.798813" m_ty="33.254002"/>
   <element name="power" layername="0_005" frame="4" z_index="4" m_a="0.214461" m_b="0.000000" m_c="0.000000" m_d="0.214461" m_tx="210.819641" m_ty="33.774834"/>
   <element name="power" layername="0_006" frame="4" z_index="3" m_a="0.214461" m_b="0.000000" m_c="0.000000" m_d="0.214461" m_tx="247.277969" m_ty="33.774834"/>
   <element name="power" layername="0_007" frame="4" z_index="2" m_a="0.214461" m_b="0.000000" m_c="0.000000" m_d="0.214461" m_tx="284.298798" m_ty="33.774834"/>
   <element name="power" layername="0_008" frame="4" z_index="1" m_a="0.279905" m_b="0.000000" m_c="0.000000" m_d="0.279905" m_tx="326.432892" m_ty="35.568130"/>
   <element name="power" layername="2" frame="2" z_index="5" m_a="0.250918" m_b="-0.048161" m_c="0.048161" m_d="0.250918" m_tx="-112.447624" m_ty="29.693201"/>
  </frame>
  <frame idx="650" w="692" h="376" x="39.959290" y="-7.130615">
   <element name="frame" layername="frame" frame="0" z_index="12" m_a="0.971808" m_b="0.000000" m_c="0.000000" m_d="0.971808" m_tx="90.337746" m_ty="72.410599"/>
   <element name="power" layername="0" frame="3" z_index="11" m_a="0.214461" m_b="0.000000" m_c="0.000000" m_d="0.214461" m_tx="-9.821429" m_ty="33.774834"/>
   <element name="power" layername="0_000" frame="3" z_index="10" m_a="0.214461" m_b="0.000000" m_c="0.000000" m_d="0.214461" m_tx="27.498810" m_ty="33.774834"/>
   <element name="power" layername="0_0" frame="3" z_index="9" m_a="0.214461" m_b="0.000000" m_c="0.000000" m_d="0.214461" m_tx="64.732140" m_ty="33.774834"/>
   <element name="power" layername="0_002" frame="3" z_index="8" m_a="0.214461" m_b="0.000000" m_c="0.000000" m_d="0.214461" m_tx="101.798813" m_ty="33.774834"/>
   <element name="power" layername="0_003" frame="3" z_index="7" m_a="0.214461" m_b="0.000000" m_c="0.000000" m_d="0.214461" m_tx="138.298813" m_ty="33.774834"/>
   <element name="power" layername="0_004" frame="3" z_index="6" m_a="0.214461" m_b="0.000000" m_c="0.000000" m_d="0.214461" m_tx="174.798813" m_ty="33.254002"/>
   <element name="power" layername="0_005" frame="3" z_index="5" m_a="0.214461" m_b="0.000000" m_c="0.000000" m_d="0.214461" m_tx="210.819641" m_ty="33.774834"/>
   <element name="power" layername="0_006" frame="4" z_index="3" m_a="0.214461" m_b="0.000000" m_c="0.000000" m_d="0.214461" m_tx="247.277969" m_ty="33.774834"/>
   <element name="power" layername="0_007" frame="4" z_index="2" m_a="0.214461" m_b="0.000000" m_c="0.000000" m_d="0.214461" m_tx="284.298798" m_ty="33.774834"/>
   <element name="power" layername="0_008" frame="4" z_index="1" m_a="0.279905" m_b="0.000000" m_c="0.000000" m_d="0.279905" m_tx="326.432892" m_ty="35.568130"/>
   <element name="power" layername="2" frame="2" z_index="5" m_a="0.255728" m_b="-0.045740" m_c="0.045740" m_d="0.255728" m_tx="-112.447624" m_ty="29.693201"/>
  </frame>
  <frame idx="675" w="692" h="374" x="39.959290" y="-6.669250">
   <element name="frame" layername="frame" frame="0" z_index="12" m_a="0.971808" m_b="0.000000" m_c="0.000000" m_d="0.971808" m_tx="90.337746" m_ty="72.410599"/>
   <element name="power" layername="0" frame="3" z_index="11" m_a="0.214461" m_b="0.000000" m_c="0.000000" m_d="0.214461" m_tx="-9.821429" m_ty="33.774834"/>
   <element name="power" layername="0_000" frame="3" z_index="10" m_a="0.214461" m_b="0.000000" m_c="0.000000" m_d="0.214461" m_tx="27.498810" m_ty="33.774834"/>
   <element name="power" layername="0_0" frame="3" z_index="9" m_a="0.214461" m_b="0.000000" m_c="0.000000" m_d="0.214461" m_tx="64.732140" m_ty="33.774834"/>
   <element name="power" layername="0_002" frame="3" z_index="8" m_a="0.214461" m_b="0.000000" m_c="0.000000" m_d="0.214461" m_tx="101.798813" m_ty="33.774834"/>
   <element name="power" layername="0_003" frame="3" z_index="7" m_a="0.214461" m_b="0.000000" m_c="0.000000" m_d="0.214461" m_tx="138.298813" m_ty="33.774834"/>
   <element name="power" layername="0_004" frame="3" z_index="6" m_a="0.214461" m_b="0.000000" m_c="0.000000" m_d="0.214461" m_tx="174.798813" m_ty="33.254002"/>
   <element name="power" layername="0_005" frame="3" z_index="5" m_a="0.214461" m_b="0.000000" m_c="0.000000" m_d="0.214461" m_tx="210.819641" m_ty="33.774834"/>
   <element name="power" layername="0_006" frame="4" z_index="3" m_a="0.214461" m_b="0.000000" m_c="0.000000" m_d="0.214461" m_tx="247.277969" m_ty="33.774834"/>
   <element name="power" layername="0_007" frame="4" z_index="2" m_a="0.214461" m_b="0.000000" m_c="0.000000" m_d="0.214461" m_tx="284.298798" m_ty="33.774834"/>
   <element name="power" layername="0_008" frame="4" z_index="1" m_a="0.279905" m_b="0.000000" m_c="0.000000" m_d="0.279905" m_tx="326.432892" m_ty="35.568130"/>
   <element name="power" layername="2" frame="2" z_index="5" m_a="0.260516" m_b="-0.043205" m_c="0.043205" m_d="0.260516" m_tx="-112.447624" m_ty="29.693201"/>
  </frame>
  <frame idx="700" w="692" h="372" x="39.959290" y="-6.187134">
   <element name="frame" layername="frame" frame="0" z_index="12" m_a="0.971808" m_b="0.000000" m_c="0.000000" m_d="0.971808" m_tx="90.337746" m_ty="72.410599"/>
   <element name="power" layername="0" frame="3" z_index="11" m_a="0.214461" m_b="0.000000" m_c="0.000000" m_d="0.214461" m_tx="-9.821429" m_ty="33.774834"/>
   <element name="power" layername="0_000" frame="3" z_index="10" m_a="0.214461" m_b="0.000000" m_c="0.000000" m_d="0.214461" m_tx="27.498810" m_ty="33.774834"/>
   <element name="power" layername="0_0" frame="3" z_index="9" m_a="0.214461" m_b="0.000000" m_c="0.000000" m_d="0.214461" m_tx="64.732140" m_ty="33.774834"/>
   <element name="power" layername="0_002" frame="3" z_index="8" m_a="0.214461" m_b="0.000000" m_c="0.000000" m_d="0.214461" m_tx="101.798813" m_ty="33.774834"/>
   <element name="power" layername="0_003" frame="3" z_index="7" m_a="0.214461" m_b="0.000000" m_c="0.000000" m_d="0.214461" m_tx="138.298813" m_ty="33.774834"/>
   <element name="power" layername="0_004" frame="3" z_index="6" m_a="0.214461" m_b="0.000000" m_c="0.000000" m_d="0.214461" m_tx="174.798813" m_ty="33.254002"/>
   <element name="power" layername="0_005" frame="3" z_index="5" m_a="0.214461" m_b="0.000000" m_c="0.000000" m_d="0.214461" m_tx="210.819641" m_ty="33.774834"/>
   <element name="power" layername="0_006" frame="4" z_index="3" m_a="0.214461" m_b="0.000000" m_c="0.000000" m_d="0.214461" m_tx="247.277969" m_ty="33.774834"/>
   <element name="power" layername="0_007" frame="4" z_index="2" m_a="0.214461" m_b="0.000000" m_c="0.000000" m_d="0.214461" m_tx="284.298798" m_ty="33.774834"/>
   <element name="power" layername="0_008" frame="4" z_index="1" m_a="0.279905" m_b="0.000000" m_c="0.000000" m_d="0.279905" m_tx="326.432892" m_ty="35.568130"/>
   <element name="power" layername="2" frame="2" z_index="5" m_a="0.265279" m_b="-0.040557" m_c="0.040557" m_d="0.265279" m_tx="-112.447624" m_ty="29.693201"/>
  </frame>
  <frame idx="725" w="692" h="371" x="39.959290" y="-5.684357">
   <element name="frame" layername="frame" frame="0" z_index="12" m_a="0.971808" m_b="0.000000" m_c="0.000000" m_d="0.971808" m_tx="90.337746" m_ty="72.410599"/>
   <element name="power" layername="0" frame="3" z_index="11" m_a="0.214461" m_b="0.000000" m_c="0.000000" m_d="0.214461" m_tx="-9.821429" m_ty="33.774834"/>
   <element name="power" layername="0_000" frame="3" z_index="10" m_a="0.214461" m_b="0.000000" m_c="0.000000" m_d="0.214461" m_tx="27.498810" m_ty="33.774834"/>
   <element name="power" layername="0_0" frame="3" z_index="9" m_a="0.214461" m_b="0.000000" m_c="0.000000" m_d="0.214461" m_tx="64.732140" m_ty="33.774834"/>
   <element name="power" layername="0_002" frame="3" z_index="8" m_a="0.214461" m_b="0.000000" m_c="0.000000" m_d="0.214461" m_tx="101.798813" m_ty="33.774834"/>
   <element name="power" layername="0_003" frame="3" z_index="7" m_a="0.214461" m_b="0.000000" m_c="0.000000" m_d="0.214461" m_tx="138.298813" m_ty="33.774834"/>
   <element name="power" layername="0_004" frame="3" z_index="6" m_a="0.214461" m_b="0.000000" m_c="0.000000" m_d="0.214461" m_tx="174.798813" m_ty="33.254002"/>
   <element name="power" layername="0_005" frame="3" z_index="5" m_a="0.214461" m_b="0.000000" m_c="0.000000" m_d="0.214461" m_tx="210.819641" m_ty="33.774834"/>
   <element name="power" layername="0_006" frame="4" z_index="3" m_a="0.214461" m_b="0.000000" m_c="0.000000" m_d="0.214461" m_tx="247.277969" m_ty="33.774834"/>
   <element name="power" layername="0_007" frame="4" z_index="2" m_a="0.214461" m_b="0.000000" m_c="0.000000" m_d="0.214461" m_tx="284.298798" m_ty="33.774834"/>
   <element name="power" layername="0_008" frame="4" z_index="1" m_a="0.279905" m_b="0.000000" m_c="0.000000" m_d="0.279905" m_tx="326.432892" m_ty="35.568130"/>
   <element name="power" layername="2" frame="2" z_index="5" m_a="0.270017" m_b="-0.037794" m_c="0.037794" m_d="0.270017" m_tx="-112.447624" m_ty="29.693201"/>
  </frame>
  <frame idx="750" w="692" h="369" x="39.959290" y="-5.160934">
   <element name="frame" layername="frame" frame="0" z_index="12" m_a="0.971808" m_b="0.000000" m_c="0.000000" m_d="0.971808" m_tx="90.337746" m_ty="72.410599"/>
   <element name="power" layername="0" frame="3" z_index="11" m_a="0.214461" m_b="0.000000" m_c="0.000000" m_d="0.214461" m_tx="-9.821429" m_ty="33.774834"/>
   <element name="power" layername="0_000" frame="3" z_index="10" m_a="0.214461" m_b="0.000000" m_c="0.000000" m_d="0.214461" m_tx="27.498810" m_ty="33.774834"/>
   <element name="power" layername="0_0" frame="3" z_index="9" m_a="0.214461" m_b="0.000000" m_c="0.000000" m_d="0.214461" m_tx="64.732140" m_ty="33.774834"/>
   <element name="power" layername="0_002" frame="3" z_index="8" m_a="0.214461" m_b="0.000000" m_c="0.000000" m_d="0.214461" m_tx="101.798813" m_ty="33.774834"/>
   <element name="power" layername="0_003" frame="3" z_index="7" m_a="0.214461" m_b="0.000000" m_c="0.000000" m_d="0.214461" m_tx="138.298813" m_ty="33.774834"/>
   <element name="power" layername="0_004" frame="3" z_index="6" m_a="0.214461" m_b="0.000000" m_c="0.000000" m_d="0.214461" m_tx="174.798813" m_ty="33.254002"/>
   <element name="power" layername="0_005" frame="3" z_index="5" m_a="0.214461" m_b="0.000000" m_c="0.000000" m_d="0.214461" m_tx="210.819641" m_ty="33.774834"/>
   <element name="power" layername="0_006" frame="3" z_index="4" m_a="0.214461" m_b="0.000000" m_c="0.000000" m_d="0.214461" m_tx="247.277969" m_ty="33.774834"/>
   <element name="power" layername="0_007" frame="4" z_index="2" m_a="0.214461" m_b="0.000000" m_c="0.000000" m_d="0.214461" m_tx="284.298798" m_ty="33.774834"/>
   <element name="power" layername="0_008" frame="4" z_index="1" m_a="0.279905" m_b="0.000000" m_c="0.000000" m_d="0.279905" m_tx="326.432892" m_ty="35.568130"/>
   <element name="power" layername="2" frame="2" z_index="5" m_a="0.274727" m_b="-0.034918" m_c="0.034918" m_d="0.274727" m_tx="-112.447624" m_ty="29.693201"/>
  </frame>
  <frame idx="775" w="692" h="368" x="39.959290" y="-4.616928">
   <element name="frame" layername="frame" frame="0" z_index="12" m_a="0.971808" m_b="0.000000" m_c="0.000000" m_d="0.971808" m_tx="90.337746" m_ty="72.410599"/>
   <element name="power" layername="0" frame="3" z_index="11" m_a="0.214461" m_b="0.000000" m_c="0.000000" m_d="0.214461" m_tx="-9.821429" m_ty="33.774834"/>
   <element name="power" layername="0_000" frame="3" z_index="10" m_a="0.214461" m_b="0.000000" m_c="0.000000" m_d="0.214461" m_tx="27.498810" m_ty="33.774834"/>
   <element name="power" layername="0_0" frame="3" z_index="9" m_a="0.214461" m_b="0.000000" m_c="0.000000" m_d="0.214461" m_tx="64.732140" m_ty="33.774834"/>
   <element name="power" layername="0_002" frame="3" z_index="8" m_a="0.214461" m_b="0.000000" m_c="0.000000" m_d="0.214461" m_tx="101.798813" m_ty="33.774834"/>
   <element name="power" layername="0_003" frame="3" z_index="7" m_a="0.214461" m_b="0.000000" m_c="0.000000" m_d="0.214461" m_tx="138.298813" m_ty="33.774834"/>
   <element name="power" layername="0_004" frame="3" z_index="6" m_a="0.214461" m_b="0.000000" m_c="0.000000" m_d="0.214461" m_tx="174.798813" m_ty="33.254002"/>
   <element name="power" layername="0_005" frame="3" z_index="5" m_a="0.214461" m_b="0.000000" m_c="0.000000" m_d="0.214461" m_tx="210.819641" m_ty="33.774834"/>
   <element name="power" layername="0_006" frame="3" z_index="4" m_a="0.214461" m_b="0.000000" m_c="0.000000" m_d="0.214461" m_tx="247.277969" m_ty="33.774834"/>
   <element name="power" layername="0_007" frame="4" z_index="2" m_a="0.214461" m_b="0.000000" m_c="0.000000" m_d="0.214461" m_tx="284.298798" m_ty="33.774834"/>
   <element name="power" layername="0_008" frame="4" z_index="1" m_a="0.279905" m_b="0.000000" m_c="0.000000" m_d="0.279905" m_tx="326.432892" m_ty="35.568130"/>
   <element name="power" layername="2" frame="2" z_index="5" m_a="0.279406" m_b="-0.031929" m_c="0.031929" m_d="0.279406" m_tx="-112.447624" m_ty="29.693201"/>
  </frame>
  <frame idx="800" w="692" h="366" x="39.959290" y="-4.052383">
   <element name="frame" layername="frame" frame="0" z_index="12" m_a="0.971808" m_b="0.000000" m_c="0.000000" m_d="0.971808" m_tx="90.337746" m_ty="72.410599"/>
   <element name="power" layername="0" frame="3" z_index="11" m_a="0.214461" m_b="0.000000" m_c="0.000000" m_d="0.214461" m_tx="-9.821429" m_ty="33.774834"/>
   <element name="power" layername="0_000" frame="3" z_index="10" m_a="0.214461" m_b="0.000000" m_c="0.000000" m_d="0.214461" m_tx="27.498810" m_ty="33.774834"/>
   <element name="power" layername="0_0" frame="3" z_index="9" m_a="0.214461" m_b="0.000000" m_c="0.000000" m_d="0.214461" m_tx="64.732140" m_ty="33.774834"/>
   <element name="power" layername="0_002" frame="3" z_index="8" m_a="0.214461" m_b="0.000000" m_c="0.000000" m_d="0.214461" m_tx="101.798813" m_ty="33.774834"/>
   <element name="power" layername="0_003" frame="3" z_index="7" m_a="0.214461" m_b="0.000000" m_c="0.000000" m_d="0.214461" m_tx="138.298813" m_ty="33.774834"/>
   <element name="power" layername="0_004" frame="3" z_index="6" m_a="0.214461" m_b="0.000000" m_c="0.000000" m_d="0.214461" m_tx="174.798813" m_ty="33.254002"/>
   <element name="power" layername="0_005" frame="3" z_index="5" m_a="0.214461" m_b="0.000000" m_c="0.000000" m_d="0.214461" m_tx="210.819641" m_ty="33.774834"/>
   <element name="power" layername="0_006" frame="3" z_index="4" m_a="0.214461" m_b="0.000000" m_c="0.000000" m_d="0.214461" m_tx="247.277969" m_ty="33.774834"/>
   <element name="power" layername="0_007" frame="4" z_index="2" m_a="0.214461" m_b="0.000000" m_c="0.000000" m_d="0.214461" m_tx="284.298798" m_ty="33.774834"/>
   <element name="power" layername="0_008" frame="4" z_index="1" m_a="0.279905" m_b="0.000000" m_c="0.000000" m_d="0.279905" m_tx="326.432892" m_ty="35.568130"/>
   <element name="power" layername="2" frame="2" z_index="5" m_a="0.284053" m_b="-0.028827" m_c="0.028827" m_d="0.284053" m_tx="-112.447624" m_ty="29.693201"/>
  </frame>
  <frame idx="825" w="692" h="363" x="39.959290" y="-3.467377">
   <element name="frame" layername="frame" frame="0" z_index="12" m_a="0.971808" m_b="0.000000" m_c="0.000000" m_d="0.971808" m_tx="90.337746" m_ty="72.410599"/>
   <element name="power" layername="0" frame="3" z_index="11" m_a="0.214461" m_b="0.000000" m_c="0.000000" m_d="0.214461" m_tx="-9.821429" m_ty="33.774834"/>
   <element name="power" layername="0_000" frame="3" z_index="10" m_a="0.214461" m_b="0.000000" m_c="0.000000" m_d="0.214461" m_tx="27.498810" m_ty="33.774834"/>
   <element name="power" layername="0_0" frame="3" z_index="9" m_a="0.214461" m_b="0.000000" m_c="0.000000" m_d="0.214461" m_tx="64.732140" m_ty="33.774834"/>
   <element name="power" layername="0_002" frame="3" z_index="8" m_a="0.214461" m_b="0.000000" m_c="0.000000" m_d="0.214461" m_tx="101.798813" m_ty="33.774834"/>
   <element name="power" layername="0_003" frame="3" z_index="7" m_a="0.214461" m_b="0.000000" m_c="0.000000" m_d="0.214461" m_tx="138.298813" m_ty="33.774834"/>
   <element name="power" layername="0_004" frame="3" z_index="6" m_a="0.214461" m_b="0.000000" m_c="0.000000" m_d="0.214461" m_tx="174.798813" m_ty="33.254002"/>
   <element name="power" layername="0_005" frame="3" z_index="5" m_a="0.214461" m_b="0.000000" m_c="0.000000" m_d="0.214461" m_tx="210.819641" m_ty="33.774834"/>
   <element name="power" layername="0_006" frame="3" z_index="4" m_a="0.214461" m_b="0.000000" m_c="0.000000" m_d="0.214461" m_tx="247.277969" m_ty="33.774834"/>
   <element name="power" layername="0_007" frame="3" z_index="3" m_a="0.214461" m_b="0.000000" m_c="0.000000" m_d="0.214461" m_tx="284.298798" m_ty="33.774834"/>
   <element name="power" layername="0_008" frame="4" z_index="1" m_a="0.279905" m_b="0.000000" m_c="0.000000" m_d="0.279905" m_tx="326.432892" m_ty="35.568130"/>
   <element name="power" layername="2" frame="2" z_index="5" m_a="0.288666" m_b="-0.025613" m_c="0.025613" m_d="0.288666" m_tx="-112.447624" m_ty="29.693201"/>
  </frame>
  <frame idx="850" w="692" h="361" x="39.959290" y="-2.861969">
   <element name="frame" layername="frame" frame="0" z_index="12" m_a="0.971808" m_b="0.000000" m_c="0.000000" m_d="0.971808" m_tx="90.337746" m_ty="72.410599"/>
   <element name="power" layername="0" frame="3" z_index="11" m_a="0.214461" m_b="0.000000" m_c="0.000000" m_d="0.214461" m_tx="-9.821429" m_ty="33.774834"/>
   <element name="power" layername="0_000" frame="3" z_index="10" m_a="0.214461" m_b="0.000000" m_c="0.000000" m_d="0.214461" m_tx="27.498810" m_ty="33.774834"/>
   <element name="power" layername="0_0" frame="3" z_index="9" m_a="0.214461" m_b="0.000000" m_c="0.000000" m_d="0.214461" m_tx="64.732140" m_ty="33.774834"/>
   <element name="power" layername="0_002" frame="3" z_index="8" m_a="0.214461" m_b="0.000000" m_c="0.000000" m_d="0.214461" m_tx="101.798813" m_ty="33.774834"/>
   <element name="power" layername="0_003" frame="3" z_index="7" m_a="0.214461" m_b="0.000000" m_c="0.000000" m_d="0.214461" m_tx="138.298813" m_ty="33.774834"/>
   <element name="power" layername="0_004" frame="3" z_index="6" m_a="0.214461" m_b="0.000000" m_c="0.000000" m_d="0.214461" m_tx="174.798813" m_ty="33.254002"/>
   <element name="power" layername="0_005" frame="3" z_index="5" m_a="0.214461" m_b="0.000000" m_c="0.000000" m_d="0.214461" m_tx="210.819641" m_ty="33.774834"/>
   <element name="power" layername="0_006" frame="3" z_index="4" m_a="0.214461" m_b="0.000000" m_c="0.000000" m_d="0.214461" m_tx="247.277969" m_ty="33.774834"/>
   <element name="power" layername="0_007" frame="3" z_index="3" m_a="0.214461" m_b="0.000000" m_c="0.000000" m_d="0.214461" m_tx="284.298798" m_ty="33.774834"/>
   <element name="power" layername="0_008" frame="4" z_index="1" m_a="0.279905" m_b="0.000000" m_c="0.000000" m_d="0.279905" m_tx="326.432892" m_ty="35.568130"/>
   <element name="power" layername="2" frame="2" z_index="5" m_a="0.293242" m_b="-0.022286" m_c="0.022286" m_d="0.293242" m_tx="-112.447624" m_ty="29.693201"/>
  </frame>
  <frame idx="875" w="692" h="360" x="39.959290" y="-2.236237">
   <element name="frame" layername="frame" frame="0" z_index="12" m_a="0.971808" m_b="0.000000" m_c="0.000000" m_d="0.971808" m_tx="90.337746" m_ty="72.410599"/>
   <element name="power" layername="0" frame="3" z_index="11" m_a="0.214461" m_b="0.000000" m_c="0.000000" m_d="0.214461" m_tx="-9.821429" m_ty="33.774834"/>
   <element name="power" layername="0_000" frame="3" z_index="10" m_a="0.214461" m_b="0.000000" m_c="0.000000" m_d="0.214461" m_tx="27.498810" m_ty="33.774834"/>
   <element name="power" layername="0_0" frame="3" z_index="9" m_a="0.214461" m_b="0.000000" m_c="0.000000" m_d="0.214461" m_tx="64.732140" m_ty="33.774834"/>
   <element name="power" layername="0_002" frame="3" z_index="8" m_a="0.214461" m_b="0.000000" m_c="0.000000" m_d="0.214461" m_tx="101.798813" m_ty="33.774834"/>
   <element name="power" layername="0_003" frame="3" z_index="7" m_a="0.214461" m_b="0.000000" m_c="0.000000" m_d="0.214461" m_tx="138.298813" m_ty="33.774834"/>
   <element name="power" layername="0_004" frame="3" z_index="6" m_a="0.214461" m_b="0.000000" m_c="0.000000" m_d="0.214461" m_tx="174.798813" m_ty="33.254002"/>
   <element name="power" layername="0_005" frame="3" z_index="5" m_a="0.214461" m_b="0.000000" m_c="0.000000" m_d="0.214461" m_tx="210.819641" m_ty="33.774834"/>
   <element name="power" layername="0_006" frame="3" z_index="4" m_a="0.214461" m_b="0.000000" m_c="0.000000" m_d="0.214461" m_tx="247.277969" m_ty="33.774834"/>
   <element name="power" layername="0_007" frame="3" z_index="3" m_a="0.214461" m_b="0.000000" m_c="0.000000" m_d="0.214461" m_tx="284.298798" m_ty="33.774834"/>
   <element name="power" layername="0_008" frame="4" z_index="1" m_a="0.279905" m_b="0.000000" m_c="0.000000" m_d="0.279905" m_tx="326.432892" m_ty="35.568130"/>
   <element name="power" layername="2" frame="2" z_index="5" m_a="0.297780" m_b="-0.018848" m_c="0.018848" m_d="0.297780" m_tx="-112.447624" m_ty="29.693201"/>
  </frame>
  <frame idx="900" w="692" h="358" x="39.959290" y="-1.590256">
   <element name="frame" layername="frame" frame="0" z_index="12" m_a="0.971808" m_b="0.000000" m_c="0.000000" m_d="0.971808" m_tx="90.337746" m_ty="72.410599"/>
   <element name="power" layername="0" frame="3" z_index="11" m_a="0.214461" m_b="0.000000" m_c="0.000000" m_d="0.214461" m_tx="-9.821429" m_ty="33.774834"/>
   <element name="power" layername="0_000" frame="3" z_index="10" m_a="0.214461" m_b="0.000000" m_c="0.000000" m_d="0.214461" m_tx="27.498810" m_ty="33.774834"/>
   <element name="power" layername="0_0" frame="3" z_index="9" m_a="0.214461" m_b="0.000000" m_c="0.000000" m_d="0.214461" m_tx="64.732140" m_ty="33.774834"/>
   <element name="power" layername="0_002" frame="3" z_index="8" m_a="0.214461" m_b="0.000000" m_c="0.000000" m_d="0.214461" m_tx="101.798813" m_ty="33.774834"/>
   <element name="power" layername="0_003" frame="3" z_index="7" m_a="0.214461" m_b="0.000000" m_c="0.000000" m_d="0.214461" m_tx="138.298813" m_ty="33.774834"/>
   <element name="power" layername="0_004" frame="3" z_index="6" m_a="0.214461" m_b="0.000000" m_c="0.000000" m_d="0.214461" m_tx="174.798813" m_ty="33.254002"/>
   <element name="power" layername="0_005" frame="3" z_index="5" m_a="0.214461" m_b="0.000000" m_c="0.000000" m_d="0.214461" m_tx="210.819641" m_ty="33.774834"/>
   <element name="power" layername="0_006" frame="3" z_index="4" m_a="0.214461" m_b="0.000000" m_c="0.000000" m_d="0.214461" m_tx="247.277969" m_ty="33.774834"/>
   <element name="power" layername="0_007" frame="3" z_index="3" m_a="0.214461" m_b="0.000000" m_c="0.000000" m_d="0.214461" m_tx="284.298798" m_ty="33.774834"/>
   <element name="power" layername="0_008" frame="4" z_index="1" m_a="0.279905" m_b="0.000000" m_c="0.000000" m_d="0.279905" m_tx="326.432892" m_ty="35.568130"/>
   <element name="power" layername="2" frame="2" z_index="5" m_a="0.302276" m_b="-0.015299" m_c="0.015299" m_d="0.302276" m_tx="-112.447624" m_ty="29.693201"/>
  </frame>
  <frame idx="925" w="692" h="356" x="39.959290" y="-0.924133">
   <element name="frame" layername="frame" frame="0" z_index="12" m_a="0.971808" m_b="0.000000" m_c="0.000000" m_d="0.971808" m_tx="90.337746" m_ty="72.410599"/>
   <element name="power" layername="0" frame="3" z_index="11" m_a="0.214461" m_b="0.000000" m_c="0.000000" m_d="0.214461" m_tx="-9.821429" m_ty="33.774834"/>
   <element name="power" layername="0_000" frame="3" z_index="10" m_a="0.214461" m_b="0.000000" m_c="0.000000" m_d="0.214461" m_tx="27.498810" m_ty="33.774834"/>
   <element name="power" layername="0_0" frame="3" z_index="9" m_a="0.214461" m_b="0.000000" m_c="0.000000" m_d="0.214461" m_tx="64.732140" m_ty="33.774834"/>
   <element name="power" layername="0_002" frame="3" z_index="8" m_a="0.214461" m_b="0.000000" m_c="0.000000" m_d="0.214461" m_tx="101.798813" m_ty="33.774834"/>
   <element name="power" layername="0_003" frame="3" z_index="7" m_a="0.214461" m_b="0.000000" m_c="0.000000" m_d="0.214461" m_tx="138.298813" m_ty="33.774834"/>
   <element name="power" layername="0_004" frame="3" z_index="6" m_a="0.214461" m_b="0.000000" m_c="0.000000" m_d="0.214461" m_tx="174.798813" m_ty="33.254002"/>
   <element name="power" layername="0_005" frame="3" z_index="5" m_a="0.214461" m_b="0.000000" m_c="0.000000" m_d="0.214461" m_tx="210.819641" m_ty="33.774834"/>
   <element name="power" layername="0_006" frame="3" z_index="4" m_a="0.214461" m_b="0.000000" m_c="0.000000" m_d="0.214461" m_tx="247.277969" m_ty="33.774834"/>
   <element name="power" layername="0_007" frame="3" z_index="3" m_a="0.214461" m_b="0.000000" m_c="0.000000" m_d="0.214461" m_tx="284.298798" m_ty="33.774834"/>
   <element name="power" layername="0_008" frame="3" z_index="2" m_a="0.279905" m_b="0.000000" m_c="0.000000" m_d="0.279905" m_tx="326.432892" m_ty="35.568130"/>
   <element name="power" layername="2" frame="2" z_index="5" m_a="0.306730" m_b="-0.011639" m_c="0.011639" m_d="0.306730" m_tx="-112.447624" m_ty="29.693201"/>
  </frame>
  <frame idx="950" w="692" h="354" x="39.959290" y="-0.237961">
   <element name="frame" layername="frame" frame="0" z_index="12" m_a="0.971808" m_b="0.000000" m_c="0.000000" m_d="0.971808" m_tx="90.337746" m_ty="72.410599"/>
   <element name="power" layername="0" frame="3" z_index="11" m_a="0.214461" m_b="0.000000" m_c="0.000000" m_d="0.214461" m_tx="-9.821429" m_ty="33.774834"/>
   <element name="power" layername="0_000" frame="3" z_index="10" m_a="0.214461" m_b="0.000000" m_c="0.000000" m_d="0.214461" m_tx="27.498810" m_ty="33.774834"/>
   <element name="power" layername="0_0" frame="3" z_index="9" m_a="0.214461" m_b="0.000000" m_c="0.000000" m_d="0.214461" m_tx="64.732140" m_ty="33.774834"/>
   <element name="power" layername="0_002" frame="3" z_index="8" m_a="0.214461" m_b="0.000000" m_c="0.000000" m_d="0.214461" m_tx="101.798813" m_ty="33.774834"/>
   <element name="power" layername="0_003" frame="3" z_index="7" m_a="0.214461" m_b="0.000000" m_c="0.000000" m_d="0.214461" m_tx="138.298813" m_ty="33.774834"/>
   <element name="power" layername="0_004" frame="3" z_index="6" m_a="0.214461" m_b="0.000000" m_c="0.000000" m_d="0.214461" m_tx="174.798813" m_ty="33.254002"/>
   <element name="power" layername="0_005" frame="3" z_index="5" m_a="0.214461" m_b="0.000000" m_c="0.000000" m_d="0.214461" m_tx="210.819641" m_ty="33.774834"/>
   <element name="power" layername="0_006" frame="3" z_index="4" m_a="0.214461" m_b="0.000000" m_c="0.000000" m_d="0.214461" m_tx="247.277969" m_ty="33.774834"/>
   <element name="power" layername="0_007" frame="3" z_index="3" m_a="0.214461" m_b="0.000000" m_c="0.000000" m_d="0.214461" m_tx="284.298798" m_ty="33.774834"/>
   <element name="power" layername="0_008" frame="3" z_index="2" m_a="0.279905" m_b="0.000000" m_c="0.000000" m_d="0.279905" m_tx="326.432892" m_ty="35.568130"/>
   <element name="power" layername="2" frame="2" z_index="5" m_a="0.311139" m_b="-0.007869" m_c="0.007869" m_d="0.311139" m_tx="-112.447624" m_ty="29.693201"/>
  </frame>
  <frame idx="975" w="692" h="350" x="39.959290" y="0.468170">
   <element name="frame" layername="frame" frame="0" z_index="12" m_a="0.971808" m_b="0.000000" m_c="0.000000" m_d="0.971808" m_tx="90.337746" m_ty="72.410599"/>
   <element name="power" layername="0" frame="3" z_index="11" m_a="0.214461" m_b="0.000000" m_c="0.000000" m_d="0.214461" m_tx="-9.821429" m_ty="33.774834"/>
   <element name="power" layername="0_000" frame="3" z_index="10" m_a="0.214461" m_b="0.000000" m_c="0.000000" m_d="0.214461" m_tx="27.498810" m_ty="33.774834"/>
   <element name="power" layername="0_0" frame="3" z_index="9" m_a="0.214461" m_b="0.000000" m_c="0.000000" m_d="0.214461" m_tx="64.732140" m_ty="33.774834"/>
   <element name="power" layername="0_002" frame="3" z_index="8" m_a="0.214461" m_b="0.000000" m_c="0.000000" m_d="0.214461" m_tx="101.798813" m_ty="33.774834"/>
   <element name="power" layername="0_003" frame="3" z_index="7" m_a="0.214461" m_b="0.000000" m_c="0.000000" m_d="0.214461" m_tx="138.298813" m_ty="33.774834"/>
   <element name="power" layername="0_004" frame="3" z_index="6" m_a="0.214461" m_b="0.000000" m_c="0.000000" m_d="0.214461" m_tx="174.798813" m_ty="33.254002"/>
   <element name="power" layername="0_005" frame="3" z_index="5" m_a="0.214461" m_b="0.000000" m_c="0.000000" m_d="0.214461" m_tx="210.819641" m_ty="33.774834"/>
   <element name="power" layername="0_006" frame="3" z_index="4" m_a="0.214461" m_b="0.000000" m_c="0.000000" m_d="0.214461" m_tx="247.277969" m_ty="33.774834"/>
   <element name="power" layername="0_007" frame="3" z_index="3" m_a="0.214461" m_b="0.000000" m_c="0.000000" m_d="0.214461" m_tx="284.298798" m_ty="33.774834"/>
   <element name="power" layername="0_008" frame="3" z_index="2" m_a="0.279905" m_b="0.000000" m_c="0.000000" m_d="0.279905" m_tx="326.432892" m_ty="35.568130"/>
   <element name="power" layername="2" frame="2" z_index="5" m_a="0.315501" m_b="-0.003989" m_c="0.003989" m_d="0.315501" m_tx="-112.447624" m_ty="29.693201"/>
  </frame>
 </anim>
</Anims>
