<Anims>
 <anim name="close" root="zxlogstoreforest" numframes="1000" framerate="40">
  <frame idx="0" w="530" h="741" x="25.850662" y="-153.276398">
   <element name="images" layername="main" frame="0" z_index="6" m_a="1.000000" m_b="0.000000" m_c="0.000000" m_d="1.000000" m_tx="0.000000" m_ty="0.000000"/>
   <element name="images" layername="door" frame="1" z_index="5" m_a="1.000000" m_b="0.000000" m_c="0.000000" m_d="1.000000" m_tx="-61.764706" m_ty="29.411764"/>
   <element name="images" layername="decorate" frame="2" z_index="4" m_a="1.000000" m_b="0.000000" m_c="0.000000" m_d="1.000000" m_tx="-20.000000" m_ty="-327.000000"/>
  </frame>
  <frame idx="25" w="530" h="741" x="25.850662" y="-153.276398">
   <element name="images" layername="main" frame="0" z_index="6" m_a="1.000000" m_b="0.000000" m_c="0.000000" m_d="1.000000" m_tx="0.000000" m_ty="0.000000"/>
   <element name="images" layername="door" frame="1" z_index="5" m_a="1.000000" m_b="0.000000" m_c="0.000000" m_d="1.000000" m_tx="-61.764706" m_ty="29.411764"/>
   <element name="images" layername="decorate" frame="2" z_index="4" m_a="1.000000" m_b="0.000000" m_c="0.000000" m_d="1.000000" m_tx="-20.000000" m_ty="-327.000000"/>
  </frame>
  <frame idx="50" w="530" h="741" x="25.850662" y="-153.276398">
   <element name="images" layername="main" frame="0" z_index="6" m_a="1.000000" m_b="0.000000" m_c="0.000000" m_d="1.000000" m_tx="0.000000" m_ty="0.000000"/>
   <element name="images" layername="door" frame="1" z_index="5" m_a="1.000000" m_b="0.000000" m_c="0.000000" m_d="1.000000" m_tx="-61.764706" m_ty="29.411764"/>
   <element name="images" layername="decorate" frame="2" z_index="4" m_a="1.000000" m_b="0.000000" m_c="0.000000" m_d="1.000000" m_tx="-20.000000" m_ty="-327.000000"/>
  </frame>
  <frame idx="75" w="530" h="741" x="25.850662" y="-153.276398">
   <element name="images" layername="main" frame="0" z_index="6" m_a="1.000000" m_b="0.000000" m_c="0.000000" m_d="1.000000" m_tx="0.000000" m_ty="0.000000"/>
   <element name="images" layername="door" frame="1" z_index="5" m_a="1.000000" m_b="0.000000" m_c="0.000000" m_d="1.000000" m_tx="-61.764706" m_ty="29.411764"/>
   <element name="images" layername="decorate" frame="2" z_index="4" m_a="1.000000" m_b="0.000000" m_c="0.000000" m_d="1.000000" m_tx="-20.000000" m_ty="-327.000000"/>
  </frame>
  <frame idx="100" w="530" h="741" x="25.850662" y="-153.276398">
   <element name="images" layername="main" frame="0" z_index="6" m_a="1.000000" m_b="0.000000" m_c="0.000000" m_d="1.000000" m_tx="0.000000" m_ty="0.000000"/>
   <element name="images" layername="door" frame="1" z_index="5" m_a="1.000000" m_b="0.000000" m_c="0.000000" m_d="1.000000" m_tx="-61.764706" m_ty="29.411764"/>
   <element name="images" layername="decorate" frame="2" z_index="4" m_a="1.000000" m_b="0.000000" m_c="0.000000" m_d="1.000000" m_tx="-20.000000" m_ty="-327.000000"/>
  </frame>
  <frame idx="125" w="530" h="741" x="25.850662" y="-153.276398">
   <element name="images" layername="main" frame="0" z_index="6" m_a="1.000000" m_b="0.000000" m_c="0.000000" m_d="1.000000" m_tx="0.000000" m_ty="0.000000"/>
   <element name="images" layername="door" frame="1" z_index="5" m_a="1.000000" m_b="0.000000" m_c="0.000000" m_d="1.000000" m_tx="-61.764706" m_ty="29.411764"/>
   <element name="images" layername="decorate" frame="2" z_index="4" m_a="1.000000" m_b="0.000000" m_c="0.000000" m_d="1.000000" m_tx="-20.000000" m_ty="-327.000000"/>
  </frame>
  <frame idx="150" w="530" h="741" x="25.850662" y="-153.276398">
   <element name="images" layername="main" frame="0" z_index="6" m_a="1.000000" m_b="0.000000" m_c="0.000000" m_d="1.000000" m_tx="0.000000" m_ty="0.000000"/>
   <element name="images" layername="door" frame="1" z_index="5" m_a="1.000000" m_b="0.000000" m_c="0.000000" m_d="1.000000" m_tx="-61.764706" m_ty="29.411764"/>
   <element name="images" layername="decorate" frame="2" z_index="4" m_a="1.000000" m_b="0.000000" m_c="0.000000" m_d="1.000000" m_tx="-20.000000" m_ty="-327.000000"/>
  </frame>
  <frame idx="175" w="530" h="741" x="25.850662" y="-153.276398">
   <element name="images" layername="main" frame="0" z_index="6" m_a="1.000000" m_b="0.000000" m_c="0.000000" m_d="1.000000" m_tx="0.000000" m_ty="0.000000"/>
   <element name="images" layername="door" frame="1" z_index="5" m_a="1.000000" m_b="0.000000" m_c="0.000000" m_d="1.000000" m_tx="-61.764706" m_ty="29.411764"/>
   <element name="images" layername="decorate" frame="2" z_index="4" m_a="1.000000" m_b="0.000000" m_c="0.000000" m_d="1.000000" m_tx="-20.000000" m_ty="-327.000000"/>
  </frame>
  <frame idx="200" w="530" h="741" x="25.850662" y="-153.276398">
   <element name="images" layername="main" frame="0" z_index="6" m_a="1.000000" m_b="0.000000" m_c="0.000000" m_d="1.000000" m_tx="0.000000" m_ty="0.000000"/>
   <element name="images" layername="door" frame="1" z_index="5" m_a="1.000000" m_b="0.000000" m_c="0.000000" m_d="1.000000" m_tx="-61.764706" m_ty="29.411764"/>
   <element name="images" layername="decorate" frame="2" z_index="4" m_a="1.000000" m_b="0.000000" m_c="0.000000" m_d="1.000000" m_tx="-20.000000" m_ty="-327.000000"/>
  </frame>
  <frame idx="225" w="530" h="741" x="25.850662" y="-153.276398">
   <element name="images" layername="main" frame="0" z_index="6" m_a="1.000000" m_b="0.000000" m_c="0.000000" m_d="1.000000" m_tx="0.000000" m_ty="0.000000"/>
   <element name="images" layername="door" frame="1" z_index="5" m_a="1.000000" m_b="0.000000" m_c="0.000000" m_d="1.000000" m_tx="-61.764706" m_ty="29.411764"/>
   <element name="images" layername="decorate" frame="2" z_index="4" m_a="1.000000" m_b="0.000000" m_c="0.000000" m_d="1.000000" m_tx="-20.000000" m_ty="-327.000000"/>
  </frame>
  <frame idx="250" w="530" h="741" x="25.850662" y="-153.276398">
   <element name="images" layername="main" frame="0" z_index="6" m_a="1.000000" m_b="0.000000" m_c="0.000000" m_d="1.000000" m_tx="0.000000" m_ty="0.000000"/>
   <element name="images" layername="door" frame="1" z_index="5" m_a="1.000000" m_b="0.000000" m_c="0.000000" m_d="1.000000" m_tx="-61.764706" m_ty="29.411764"/>
   <element name="images" layername="decorate" frame="2" z_index="4" m_a="1.000000" m_b="0.000000" m_c="0.000000" m_d="1.000000" m_tx="-20.000000" m_ty="-327.000000"/>
  </frame>
  <frame idx="275" w="530" h="741" x="25.850662" y="-153.276398">
   <element name="images" layername="main" frame="0" z_index="6" m_a="1.000000" m_b="0.000000" m_c="0.000000" m_d="1.000000" m_tx="0.000000" m_ty="0.000000"/>
   <element name="images" layername="door" frame="1" z_index="5" m_a="1.000000" m_b="0.000000" m_c="0.000000" m_d="1.000000" m_tx="-61.764706" m_ty="29.411764"/>
   <element name="images" layername="decorate" frame="2" z_index="4" m_a="1.000000" m_b="0.000000" m_c="0.000000" m_d="1.000000" m_tx="-20.000000" m_ty="-327.000000"/>
  </frame>
  <frame idx="300" w="530" h="741" x="25.850662" y="-153.276398">
   <element name="images" layername="main" frame="0" z_index="6" m_a="1.000000" m_b="0.000000" m_c="0.000000" m_d="1.000000" m_tx="0.000000" m_ty="0.000000"/>
   <element name="images" layername="door" frame="1" z_index="5" m_a="1.000000" m_b="0.000000" m_c="0.000000" m_d="1.000000" m_tx="-61.764706" m_ty="29.411764"/>
   <element name="images" layername="decorate" frame="2" z_index="4" m_a="1.000000" m_b="0.000000" m_c="0.000000" m_d="1.000000" m_tx="-20.000000" m_ty="-327.000000"/>
  </frame>
  <frame idx="325" w="530" h="741" x="25.850662" y="-153.276398">
   <element name="images" layername="main" frame="0" z_index="6" m_a="1.000000" m_b="0.000000" m_c="0.000000" m_d="1.000000" m_tx="0.000000" m_ty="0.000000"/>
   <element name="images" layername="door" frame="1" z_index="5" m_a="1.000000" m_b="0.000000" m_c="0.000000" m_d="1.000000" m_tx="-61.764706" m_ty="29.411764"/>
   <element name="images" layername="decorate" frame="2" z_index="4" m_a="1.000000" m_b="0.000000" m_c="0.000000" m_d="1.000000" m_tx="-20.000000" m_ty="-327.000000"/>
  </frame>
  <frame idx="350" w="530" h="741" x="25.850662" y="-153.276398">
   <element name="images" layername="main" frame="0" z_index="6" m_a="1.000000" m_b="0.000000" m_c="0.000000" m_d="1.000000" m_tx="0.000000" m_ty="0.000000"/>
   <element name="images" layername="door" frame="1" z_index="5" m_a="1.000000" m_b="0.000000" m_c="0.000000" m_d="1.000000" m_tx="-61.764706" m_ty="29.411764"/>
   <element name="images" layername="decorate" frame="2" z_index="4" m_a="1.000000" m_b="0.000000" m_c="0.000000" m_d="1.000000" m_tx="-20.000000" m_ty="-327.000000"/>
  </frame>
  <frame idx="375" w="530" h="741" x="25.850662" y="-153.276398">
   <element name="images" layername="main" frame="0" z_index="6" m_a="1.000000" m_b="0.000000" m_c="0.000000" m_d="1.000000" m_tx="0.000000" m_ty="0.000000"/>
   <element name="images" layername="door" frame="1" z_index="5" m_a="1.000000" m_b="0.000000" m_c="0.000000" m_d="1.000000" m_tx="-61.764706" m_ty="29.411764"/>
   <element name="images" layername="decorate" frame="2" z_index="4" m_a="1.000000" m_b="0.000000" m_c="0.000000" m_d="1.000000" m_tx="-20.000000" m_ty="-327.000000"/>
  </frame>
  <frame idx="400" w="530" h="741" x="25.850662" y="-153.276398">
   <element name="images" layername="main" frame="0" z_index="6" m_a="1.000000" m_b="0.000000" m_c="0.000000" m_d="1.000000" m_tx="0.000000" m_ty="0.000000"/>
   <element name="images" layername="door" frame="1" z_index="5" m_a="1.000000" m_b="0.000000" m_c="0.000000" m_d="1.000000" m_tx="-61.764706" m_ty="29.411764"/>
   <element name="images" layername="decorate" frame="2" z_index="4" m_a="1.000000" m_b="0.000000" m_c="0.000000" m_d="1.000000" m_tx="-20.000000" m_ty="-327.000000"/>
  </frame>
  <frame idx="425" w="530" h="741" x="25.850662" y="-153.276398">
   <element name="images" layername="main" frame="0" z_index="6" m_a="1.000000" m_b="0.000000" m_c="0.000000" m_d="1.000000" m_tx="0.000000" m_ty="0.000000"/>
   <element name="images" layername="door" frame="1" z_index="5" m_a="1.000000" m_b="0.000000" m_c="0.000000" m_d="1.000000" m_tx="-61.764706" m_ty="29.411764"/>
   <element name="images" layername="decorate" frame="2" z_index="4" m_a="1.000000" m_b="0.000000" m_c="0.000000" m_d="1.000000" m_tx="-20.000000" m_ty="-327.000000"/>
  </frame>
  <frame idx="450" w="530" h="741" x="25.850662" y="-153.276398">
   <element name="images" layername="main" frame="0" z_index="6" m_a="1.000000" m_b="0.000000" m_c="0.000000" m_d="1.000000" m_tx="0.000000" m_ty="0.000000"/>
   <element name="images" layername="door" frame="1" z_index="5" m_a="1.000000" m_b="0.000000" m_c="0.000000" m_d="1.000000" m_tx="-61.764706" m_ty="29.411764"/>
   <element name="images" layername="decorate" frame="2" z_index="4" m_a="1.000000" m_b="0.000000" m_c="0.000000" m_d="1.000000" m_tx="-20.000000" m_ty="-327.000000"/>
  </frame>
  <frame idx="475" w="530" h="741" x="25.850662" y="-153.276398">
   <element name="images" layername="main" frame="0" z_index="6" m_a="1.000000" m_b="0.000000" m_c="0.000000" m_d="1.000000" m_tx="0.000000" m_ty="0.000000"/>
   <element name="images" layername="door" frame="1" z_index="5" m_a="1.000000" m_b="0.000000" m_c="0.000000" m_d="1.000000" m_tx="-61.764706" m_ty="29.411764"/>
   <element name="images" layername="decorate" frame="2" z_index="4" m_a="1.000000" m_b="0.000000" m_c="0.000000" m_d="1.000000" m_tx="-20.000000" m_ty="-327.000000"/>
  </frame>
  <frame idx="500" w="530" h="741" x="25.850662" y="-153.276398">
   <element name="images" layername="main" frame="0" z_index="6" m_a="1.000000" m_b="0.000000" m_c="0.000000" m_d="1.000000" m_tx="0.000000" m_ty="0.000000"/>
   <element name="images" layername="door" frame="1" z_index="5" m_a="1.000000" m_b="0.000000" m_c="0.000000" m_d="1.000000" m_tx="-61.764706" m_ty="29.411764"/>
   <element name="images" layername="decorate" frame="2" z_index="4" m_a="1.000000" m_b="0.000000" m_c="0.000000" m_d="1.000000" m_tx="-20.000000" m_ty="-327.000000"/>
  </frame>
  <frame idx="525" w="530" h="741" x="25.850662" y="-153.276398">
   <element name="images" layername="main" frame="0" z_index="6" m_a="1.000000" m_b="0.000000" m_c="0.000000" m_d="1.000000" m_tx="0.000000" m_ty="0.000000"/>
   <element name="images" layername="door" frame="1" z_index="5" m_a="1.000000" m_b="0.000000" m_c="0.000000" m_d="1.000000" m_tx="-61.764706" m_ty="29.411764"/>
   <element name="images" layername="decorate" frame="2" z_index="4" m_a="1.000000" m_b="0.000000" m_c="0.000000" m_d="1.000000" m_tx="-20.000000" m_ty="-327.000000"/>
  </frame>
  <frame idx="550" w="530" h="741" x="25.850662" y="-153.276398">
   <element name="images" layername="main" frame="0" z_index="6" m_a="1.000000" m_b="0.000000" m_c="0.000000" m_d="1.000000" m_tx="0.000000" m_ty="0.000000"/>
   <element name="images" layername="door" frame="1" z_index="5" m_a="1.000000" m_b="0.000000" m_c="0.000000" m_d="1.000000" m_tx="-61.764706" m_ty="29.411764"/>
   <element name="images" layername="decorate" frame="2" z_index="4" m_a="1.000000" m_b="0.000000" m_c="0.000000" m_d="1.000000" m_tx="-20.000000" m_ty="-327.000000"/>
  </frame>
  <frame idx="575" w="530" h="741" x="25.850662" y="-153.276398">
   <element name="images" layername="main" frame="0" z_index="6" m_a="1.000000" m_b="0.000000" m_c="0.000000" m_d="1.000000" m_tx="0.000000" m_ty="0.000000"/>
   <element name="images" layername="door" frame="1" z_index="5" m_a="1.000000" m_b="0.000000" m_c="0.000000" m_d="1.000000" m_tx="-61.764706" m_ty="29.411764"/>
   <element name="images" layername="decorate" frame="2" z_index="4" m_a="1.000000" m_b="0.000000" m_c="0.000000" m_d="1.000000" m_tx="-20.000000" m_ty="-327.000000"/>
  </frame>
  <frame idx="600" w="530" h="741" x="25.850662" y="-153.276398">
   <element name="images" layername="main" frame="0" z_index="6" m_a="1.000000" m_b="0.000000" m_c="0.000000" m_d="1.000000" m_tx="0.000000" m_ty="0.000000"/>
   <element name="images" layername="door" frame="1" z_index="5" m_a="1.000000" m_b="0.000000" m_c="0.000000" m_d="1.000000" m_tx="-61.764706" m_ty="29.411764"/>
   <element name="images" layername="decorate" frame="2" z_index="4" m_a="1.000000" m_b="0.000000" m_c="0.000000" m_d="1.000000" m_tx="-20.000000" m_ty="-327.000000"/>
  </frame>
  <frame idx="625" w="530" h="741" x="25.850662" y="-153.276398">
   <element name="images" layername="main" frame="0" z_index="6" m_a="1.000000" m_b="0.000000" m_c="0.000000" m_d="1.000000" m_tx="0.000000" m_ty="0.000000"/>
   <element name="images" layername="door" frame="1" z_index="5" m_a="1.000000" m_b="0.000000" m_c="0.000000" m_d="1.000000" m_tx="-61.764706" m_ty="29.411764"/>
   <element name="images" layername="decorate" frame="2" z_index="4" m_a="1.000000" m_b="0.000000" m_c="0.000000" m_d="1.000000" m_tx="-20.000000" m_ty="-327.000000"/>
  </frame>
  <frame idx="650" w="530" h="741" x="25.850662" y="-153.276398">
   <element name="images" layername="main" frame="0" z_index="6" m_a="1.000000" m_b="0.000000" m_c="0.000000" m_d="1.000000" m_tx="0.000000" m_ty="0.000000"/>
   <element name="images" layername="door" frame="1" z_index="5" m_a="1.000000" m_b="0.000000" m_c="0.000000" m_d="1.000000" m_tx="-61.764706" m_ty="29.411764"/>
   <element name="images" layername="decorate" frame="2" z_index="4" m_a="1.000000" m_b="0.000000" m_c="0.000000" m_d="1.000000" m_tx="-20.000000" m_ty="-327.000000"/>
  </frame>
  <frame idx="675" w="530" h="741" x="25.850662" y="-153.276398">
   <element name="images" layername="main" frame="0" z_index="6" m_a="1.000000" m_b="0.000000" m_c="0.000000" m_d="1.000000" m_tx="0.000000" m_ty="0.000000"/>
   <element name="images" layername="door" frame="1" z_index="5" m_a="1.000000" m_b="0.000000" m_c="0.000000" m_d="1.000000" m_tx="-61.764706" m_ty="29.411764"/>
   <element name="images" layername="decorate" frame="2" z_index="4" m_a="1.000000" m_b="0.000000" m_c="0.000000" m_d="1.000000" m_tx="-20.000000" m_ty="-327.000000"/>
  </frame>
  <frame idx="700" w="530" h="741" x="25.850662" y="-153.276398">
   <element name="images" layername="main" frame="0" z_index="6" m_a="1.000000" m_b="0.000000" m_c="0.000000" m_d="1.000000" m_tx="0.000000" m_ty="0.000000"/>
   <element name="images" layername="door" frame="1" z_index="5" m_a="1.000000" m_b="0.000000" m_c="0.000000" m_d="1.000000" m_tx="-61.764706" m_ty="29.411764"/>
   <element name="images" layername="decorate" frame="2" z_index="4" m_a="1.000000" m_b="0.000000" m_c="0.000000" m_d="1.000000" m_tx="-20.000000" m_ty="-327.000000"/>
  </frame>
  <frame idx="725" w="530" h="741" x="25.850662" y="-153.276398">
   <element name="images" layername="main" frame="0" z_index="6" m_a="1.000000" m_b="0.000000" m_c="0.000000" m_d="1.000000" m_tx="0.000000" m_ty="0.000000"/>
   <element name="images" layername="door" frame="1" z_index="5" m_a="1.000000" m_b="0.000000" m_c="0.000000" m_d="1.000000" m_tx="-61.764706" m_ty="29.411764"/>
   <element name="images" layername="decorate" frame="2" z_index="4" m_a="1.000000" m_b="0.000000" m_c="0.000000" m_d="1.000000" m_tx="-20.000000" m_ty="-327.000000"/>
  </frame>
  <frame idx="750" w="530" h="741" x="25.850662" y="-153.276398">
   <element name="images" layername="main" frame="0" z_index="6" m_a="1.000000" m_b="0.000000" m_c="0.000000" m_d="1.000000" m_tx="0.000000" m_ty="0.000000"/>
   <element name="images" layername="door" frame="1" z_index="5" m_a="1.000000" m_b="0.000000" m_c="0.000000" m_d="1.000000" m_tx="-61.764706" m_ty="29.411764"/>
   <element name="images" layername="decorate" frame="2" z_index="4" m_a="1.000000" m_b="0.000000" m_c="0.000000" m_d="1.000000" m_tx="-20.000000" m_ty="-327.000000"/>
  </frame>
  <frame idx="775" w="530" h="741" x="25.850662" y="-153.276398">
   <element name="images" layername="main" frame="0" z_index="6" m_a="1.000000" m_b="0.000000" m_c="0.000000" m_d="1.000000" m_tx="0.000000" m_ty="0.000000"/>
   <element name="images" layername="door" frame="1" z_index="5" m_a="1.000000" m_b="0.000000" m_c="0.000000" m_d="1.000000" m_tx="-61.764706" m_ty="29.411764"/>
   <element name="images" layername="decorate" frame="2" z_index="4" m_a="1.000000" m_b="0.000000" m_c="0.000000" m_d="1.000000" m_tx="-20.000000" m_ty="-327.000000"/>
  </frame>
  <frame idx="800" w="530" h="741" x="25.850662" y="-153.276398">
   <element name="images" layername="main" frame="0" z_index="6" m_a="1.000000" m_b="0.000000" m_c="0.000000" m_d="1.000000" m_tx="0.000000" m_ty="0.000000"/>
   <element name="images" layername="door" frame="1" z_index="5" m_a="1.000000" m_b="0.000000" m_c="0.000000" m_d="1.000000" m_tx="-61.764706" m_ty="29.411764"/>
   <element name="images" layername="decorate" frame="2" z_index="4" m_a="1.000000" m_b="0.000000" m_c="0.000000" m_d="1.000000" m_tx="-20.000000" m_ty="-327.000000"/>
  </frame>
  <frame idx="825" w="530" h="741" x="25.850662" y="-153.276398">
   <element name="images" layername="main" frame="0" z_index="6" m_a="1.000000" m_b="0.000000" m_c="0.000000" m_d="1.000000" m_tx="0.000000" m_ty="0.000000"/>
   <element name="images" layername="door" frame="1" z_index="5" m_a="1.000000" m_b="0.000000" m_c="0.000000" m_d="1.000000" m_tx="-61.764706" m_ty="29.411764"/>
   <element name="images" layername="decorate" frame="2" z_index="4" m_a="1.000000" m_b="0.000000" m_c="0.000000" m_d="1.000000" m_tx="-20.000000" m_ty="-327.000000"/>
  </frame>
  <frame idx="850" w="530" h="741" x="25.850662" y="-153.276398">
   <element name="images" layername="main" frame="0" z_index="6" m_a="1.000000" m_b="0.000000" m_c="0.000000" m_d="1.000000" m_tx="0.000000" m_ty="0.000000"/>
   <element name="images" layername="door" frame="1" z_index="5" m_a="1.000000" m_b="0.000000" m_c="0.000000" m_d="1.000000" m_tx="-61.764706" m_ty="29.411764"/>
   <element name="images" layername="decorate" frame="2" z_index="4" m_a="1.000000" m_b="0.000000" m_c="0.000000" m_d="1.000000" m_tx="-20.000000" m_ty="-327.000000"/>
  </frame>
  <frame idx="875" w="530" h="741" x="25.850662" y="-153.276398">
   <element name="images" layername="main" frame="0" z_index="6" m_a="1.000000" m_b="0.000000" m_c="0.000000" m_d="1.000000" m_tx="0.000000" m_ty="0.000000"/>
   <element name="images" layername="door" frame="1" z_index="5" m_a="1.000000" m_b="0.000000" m_c="0.000000" m_d="1.000000" m_tx="-61.764706" m_ty="29.411764"/>
   <element name="images" layername="decorate" frame="2" z_index="4" m_a="1.000000" m_b="0.000000" m_c="0.000000" m_d="1.000000" m_tx="-20.000000" m_ty="-327.000000"/>
  </frame>
  <frame idx="900" w="530" h="741" x="25.850662" y="-153.276398">
   <element name="images" layername="main" frame="0" z_index="6" m_a="1.000000" m_b="0.000000" m_c="0.000000" m_d="1.000000" m_tx="0.000000" m_ty="0.000000"/>
   <element name="images" layername="door" frame="1" z_index="5" m_a="1.000000" m_b="0.000000" m_c="0.000000" m_d="1.000000" m_tx="-61.764706" m_ty="29.411764"/>
   <element name="images" layername="decorate" frame="2" z_index="4" m_a="1.000000" m_b="0.000000" m_c="0.000000" m_d="1.000000" m_tx="-20.000000" m_ty="-327.000000"/>
  </frame>
  <frame idx="925" w="530" h="741" x="25.850662" y="-153.276398">
   <element name="images" layername="main" frame="0" z_index="6" m_a="1.000000" m_b="0.000000" m_c="0.000000" m_d="1.000000" m_tx="0.000000" m_ty="0.000000"/>
   <element name="images" layername="door" frame="1" z_index="5" m_a="1.000000" m_b="0.000000" m_c="0.000000" m_d="1.000000" m_tx="-61.764706" m_ty="29.411764"/>
   <element name="images" layername="decorate" frame="2" z_index="4" m_a="1.000000" m_b="0.000000" m_c="0.000000" m_d="1.000000" m_tx="-20.000000" m_ty="-327.000000"/>
  </frame>
  <frame idx="950" w="530" h="741" x="25.850662" y="-153.276398">
   <element name="images" layername="main" frame="0" z_index="6" m_a="1.000000" m_b="0.000000" m_c="0.000000" m_d="1.000000" m_tx="0.000000" m_ty="0.000000"/>
   <element name="images" layername="door" frame="1" z_index="5" m_a="1.000000" m_b="0.000000" m_c="0.000000" m_d="1.000000" m_tx="-61.764706" m_ty="29.411764"/>
   <element name="images" layername="decorate" frame="2" z_index="4" m_a="1.000000" m_b="0.000000" m_c="0.000000" m_d="1.000000" m_tx="-20.000000" m_ty="-327.000000"/>
  </frame>
  <frame idx="975" w="530" h="741" x="25.850662" y="-153.276398">
   <element name="images" layername="main" frame="0" z_index="6" m_a="1.000000" m_b="0.000000" m_c="0.000000" m_d="1.000000" m_tx="0.000000" m_ty="0.000000"/>
   <element name="images" layername="door" frame="1" z_index="5" m_a="1.000000" m_b="0.000000" m_c="0.000000" m_d="1.000000" m_tx="-61.764706" m_ty="29.411764"/>
   <element name="images" layername="decorate" frame="2" z_index="4" m_a="1.000000" m_b="0.000000" m_c="0.000000" m_d="1.000000" m_tx="-20.000000" m_ty="-327.000000"/>
  </frame>
 </anim>
 <anim name="open" root="zxlogstoreforest" numframes="1000" framerate="40">
  <frame idx="0" w="829" h="737" x="-67.500000" y="-155.328766">
   <element name="images" layername="main" frame="0" z_index="6" m_a="1.000000" m_b="0.000000" m_c="0.000000" m_d="1.000000" m_tx="0.000000" m_ty="0.000000"/>
   <element name="images" layername="decorate" frame="2" z_index="5" m_a="1.000000" m_b="0.000000" m_c="0.000000" m_d="1.000000" m_tx="-20.000000" m_ty="-327.000000"/>
   <element name="images" layername="door_open" frame="3" z_index="4" m_a="1.000000" m_b="0.000000" m_c="0.000000" m_d="1.000000" m_tx="-410.000000" m_ty="-397.000000"/>
  </frame>
  <frame idx="25" w="829" h="737" x="-67.500000" y="-155.328766">
   <element name="images" layername="main" frame="0" z_index="6" m_a="1.000000" m_b="0.000000" m_c="0.000000" m_d="1.000000" m_tx="0.000000" m_ty="0.000000"/>
   <element name="images" layername="decorate" frame="2" z_index="5" m_a="1.000000" m_b="0.000000" m_c="0.000000" m_d="1.000000" m_tx="-20.000000" m_ty="-327.000000"/>
   <element name="images" layername="door_open" frame="3" z_index="4" m_a="1.000000" m_b="0.000000" m_c="0.000000" m_d="1.000000" m_tx="-410.000000" m_ty="-397.000000"/>
  </frame>
  <frame idx="50" w="829" h="737" x="-67.500000" y="-155.328766">
   <element name="images" layername="main" frame="0" z_index="6" m_a="1.000000" m_b="0.000000" m_c="0.000000" m_d="1.000000" m_tx="0.000000" m_ty="0.000000"/>
   <element name="images" layername="decorate" frame="2" z_index="5" m_a="1.000000" m_b="0.000000" m_c="0.000000" m_d="1.000000" m_tx="-20.000000" m_ty="-327.000000"/>
   <element name="images" layername="door_open" frame="3" z_index="4" m_a="1.000000" m_b="0.000000" m_c="0.000000" m_d="1.000000" m_tx="-410.000000" m_ty="-397.000000"/>
  </frame>
  <frame idx="75" w="829" h="737" x="-67.500000" y="-155.328766">
   <element name="images" layername="main" frame="0" z_index="6" m_a="1.000000" m_b="0.000000" m_c="0.000000" m_d="1.000000" m_tx="0.000000" m_ty="0.000000"/>
   <element name="images" layername="decorate" frame="2" z_index="5" m_a="1.000000" m_b="0.000000" m_c="0.000000" m_d="1.000000" m_tx="-20.000000" m_ty="-327.000000"/>
   <element name="images" layername="door_open" frame="3" z_index="4" m_a="1.000000" m_b="0.000000" m_c="0.000000" m_d="1.000000" m_tx="-410.000000" m_ty="-397.000000"/>
  </frame>
  <frame idx="100" w="829" h="737" x="-67.500000" y="-155.328766">
   <element name="images" layername="main" frame="0" z_index="6" m_a="1.000000" m_b="0.000000" m_c="0.000000" m_d="1.000000" m_tx="0.000000" m_ty="0.000000"/>
   <element name="images" layername="decorate" frame="2" z_index="5" m_a="1.000000" m_b="0.000000" m_c="0.000000" m_d="1.000000" m_tx="-20.000000" m_ty="-327.000000"/>
   <element name="images" layername="door_open" frame="3" z_index="4" m_a="1.000000" m_b="0.000000" m_c="0.000000" m_d="1.000000" m_tx="-410.000000" m_ty="-397.000000"/>
  </frame>
  <frame idx="125" w="829" h="737" x="-67.500000" y="-155.328766">
   <element name="images" layername="main" frame="0" z_index="6" m_a="1.000000" m_b="0.000000" m_c="0.000000" m_d="1.000000" m_tx="0.000000" m_ty="0.000000"/>
   <element name="images" layername="decorate" frame="2" z_index="5" m_a="1.000000" m_b="0.000000" m_c="0.000000" m_d="1.000000" m_tx="-20.000000" m_ty="-327.000000"/>
   <element name="images" layername="door_open" frame="3" z_index="4" m_a="1.000000" m_b="0.000000" m_c="0.000000" m_d="1.000000" m_tx="-410.000000" m_ty="-397.000000"/>
  </frame>
  <frame idx="150" w="829" h="737" x="-67.500000" y="-155.328766">
   <element name="images" layername="main" frame="0" z_index="6" m_a="1.000000" m_b="0.000000" m_c="0.000000" m_d="1.000000" m_tx="0.000000" m_ty="0.000000"/>
   <element name="images" layername="decorate" frame="2" z_index="5" m_a="1.000000" m_b="0.000000" m_c="0.000000" m_d="1.000000" m_tx="-20.000000" m_ty="-327.000000"/>
   <element name="images" layername="door_open" frame="3" z_index="4" m_a="1.000000" m_b="0.000000" m_c="0.000000" m_d="1.000000" m_tx="-410.000000" m_ty="-397.000000"/>
  </frame>
  <frame idx="175" w="829" h="737" x="-67.500000" y="-155.328766">
   <element name="images" layername="main" frame="0" z_index="6" m_a="1.000000" m_b="0.000000" m_c="0.000000" m_d="1.000000" m_tx="0.000000" m_ty="0.000000"/>
   <element name="images" layername="decorate" frame="2" z_index="5" m_a="1.000000" m_b="0.000000" m_c="0.000000" m_d="1.000000" m_tx="-20.000000" m_ty="-327.000000"/>
   <element name="images" layername="door_open" frame="3" z_index="4" m_a="1.000000" m_b="0.000000" m_c="0.000000" m_d="1.000000" m_tx="-410.000000" m_ty="-397.000000"/>
  </frame>
  <frame idx="200" w="829" h="737" x="-67.500000" y="-155.328766">
   <element name="images" layername="main" frame="0" z_index="6" m_a="1.000000" m_b="0.000000" m_c="0.000000" m_d="1.000000" m_tx="0.000000" m_ty="0.000000"/>
   <element name="images" layername="decorate" frame="2" z_index="5" m_a="1.000000" m_b="0.000000" m_c="0.000000" m_d="1.000000" m_tx="-20.000000" m_ty="-327.000000"/>
   <element name="images" layername="door_open" frame="3" z_index="4" m_a="1.000000" m_b="0.000000" m_c="0.000000" m_d="1.000000" m_tx="-410.000000" m_ty="-397.000000"/>
  </frame>
  <frame idx="225" w="829" h="737" x="-67.500000" y="-155.328766">
   <element name="images" layername="main" frame="0" z_index="6" m_a="1.000000" m_b="0.000000" m_c="0.000000" m_d="1.000000" m_tx="0.000000" m_ty="0.000000"/>
   <element name="images" layername="decorate" frame="2" z_index="5" m_a="1.000000" m_b="0.000000" m_c="0.000000" m_d="1.000000" m_tx="-20.000000" m_ty="-327.000000"/>
   <element name="images" layername="door_open" frame="3" z_index="4" m_a="1.000000" m_b="0.000000" m_c="0.000000" m_d="1.000000" m_tx="-410.000000" m_ty="-397.000000"/>
  </frame>
  <frame idx="250" w="829" h="737" x="-67.500000" y="-155.328766">
   <element name="images" layername="main" frame="0" z_index="6" m_a="1.000000" m_b="0.000000" m_c="0.000000" m_d="1.000000" m_tx="0.000000" m_ty="0.000000"/>
   <element name="images" layername="decorate" frame="2" z_index="5" m_a="1.000000" m_b="0.000000" m_c="0.000000" m_d="1.000000" m_tx="-20.000000" m_ty="-327.000000"/>
   <element name="images" layername="door_open" frame="3" z_index="4" m_a="1.000000" m_b="0.000000" m_c="0.000000" m_d="1.000000" m_tx="-410.000000" m_ty="-397.000000"/>
  </frame>
  <frame idx="275" w="829" h="737" x="-67.500000" y="-155.328766">
   <element name="images" layername="main" frame="0" z_index="6" m_a="1.000000" m_b="0.000000" m_c="0.000000" m_d="1.000000" m_tx="0.000000" m_ty="0.000000"/>
   <element name="images" layername="decorate" frame="2" z_index="5" m_a="1.000000" m_b="0.000000" m_c="0.000000" m_d="1.000000" m_tx="-20.000000" m_ty="-327.000000"/>
   <element name="images" layername="door_open" frame="3" z_index="4" m_a="1.000000" m_b="0.000000" m_c="0.000000" m_d="1.000000" m_tx="-410.000000" m_ty="-397.000000"/>
  </frame>
  <frame idx="300" w="829" h="737" x="-67.500000" y="-155.328766">
   <element name="images" layername="main" frame="0" z_index="6" m_a="1.000000" m_b="0.000000" m_c="0.000000" m_d="1.000000" m_tx="0.000000" m_ty="0.000000"/>
   <element name="images" layername="decorate" frame="2" z_index="5" m_a="1.000000" m_b="0.000000" m_c="0.000000" m_d="1.000000" m_tx="-20.000000" m_ty="-327.000000"/>
   <element name="images" layername="door_open" frame="3" z_index="4" m_a="1.000000" m_b="0.000000" m_c="0.000000" m_d="1.000000" m_tx="-410.000000" m_ty="-397.000000"/>
  </frame>
  <frame idx="325" w="829" h="737" x="-67.500000" y="-155.328766">
   <element name="images" layername="main" frame="0" z_index="6" m_a="1.000000" m_b="0.000000" m_c="0.000000" m_d="1.000000" m_tx="0.000000" m_ty="0.000000"/>
   <element name="images" layername="decorate" frame="2" z_index="5" m_a="1.000000" m_b="0.000000" m_c="0.000000" m_d="1.000000" m_tx="-20.000000" m_ty="-327.000000"/>
   <element name="images" layername="door_open" frame="3" z_index="4" m_a="1.000000" m_b="0.000000" m_c="0.000000" m_d="1.000000" m_tx="-410.000000" m_ty="-397.000000"/>
  </frame>
  <frame idx="350" w="829" h="737" x="-67.500000" y="-155.328766">
   <element name="images" layername="main" frame="0" z_index="6" m_a="1.000000" m_b="0.000000" m_c="0.000000" m_d="1.000000" m_tx="0.000000" m_ty="0.000000"/>
   <element name="images" layername="decorate" frame="2" z_index="5" m_a="1.000000" m_b="0.000000" m_c="0.000000" m_d="1.000000" m_tx="-20.000000" m_ty="-327.000000"/>
   <element name="images" layername="door_open" frame="3" z_index="4" m_a="1.000000" m_b="0.000000" m_c="0.000000" m_d="1.000000" m_tx="-410.000000" m_ty="-397.000000"/>
  </frame>
  <frame idx="375" w="829" h="737" x="-67.500000" y="-155.328766">
   <element name="images" layername="main" frame="0" z_index="6" m_a="1.000000" m_b="0.000000" m_c="0.000000" m_d="1.000000" m_tx="0.000000" m_ty="0.000000"/>
   <element name="images" layername="decorate" frame="2" z_index="5" m_a="1.000000" m_b="0.000000" m_c="0.000000" m_d="1.000000" m_tx="-20.000000" m_ty="-327.000000"/>
   <element name="images" layername="door_open" frame="3" z_index="4" m_a="1.000000" m_b="0.000000" m_c="0.000000" m_d="1.000000" m_tx="-410.000000" m_ty="-397.000000"/>
  </frame>
  <frame idx="400" w="829" h="737" x="-67.500000" y="-155.328766">
   <element name="images" layername="main" frame="0" z_index="6" m_a="1.000000" m_b="0.000000" m_c="0.000000" m_d="1.000000" m_tx="0.000000" m_ty="0.000000"/>
   <element name="images" layername="decorate" frame="2" z_index="5" m_a="1.000000" m_b="0.000000" m_c="0.000000" m_d="1.000000" m_tx="-20.000000" m_ty="-327.000000"/>
   <element name="images" layername="door_open" frame="3" z_index="4" m_a="1.000000" m_b="0.000000" m_c="0.000000" m_d="1.000000" m_tx="-410.000000" m_ty="-397.000000"/>
  </frame>
  <frame idx="425" w="829" h="737" x="-67.500000" y="-155.328766">
   <element name="images" layername="main" frame="0" z_index="6" m_a="1.000000" m_b="0.000000" m_c="0.000000" m_d="1.000000" m_tx="0.000000" m_ty="0.000000"/>
   <element name="images" layername="decorate" frame="2" z_index="5" m_a="1.000000" m_b="0.000000" m_c="0.000000" m_d="1.000000" m_tx="-20.000000" m_ty="-327.000000"/>
   <element name="images" layername="door_open" frame="3" z_index="4" m_a="1.000000" m_b="0.000000" m_c="0.000000" m_d="1.000000" m_tx="-410.000000" m_ty="-397.000000"/>
  </frame>
  <frame idx="450" w="829" h="737" x="-67.500000" y="-155.328766">
   <element name="images" layername="main" frame="0" z_index="6" m_a="1.000000" m_b="0.000000" m_c="0.000000" m_d="1.000000" m_tx="0.000000" m_ty="0.000000"/>
   <element name="images" layername="decorate" frame="2" z_index="5" m_a="1.000000" m_b="0.000000" m_c="0.000000" m_d="1.000000" m_tx="-20.000000" m_ty="-327.000000"/>
   <element name="images" layername="door_open" frame="3" z_index="4" m_a="1.000000" m_b="0.000000" m_c="0.000000" m_d="1.000000" m_tx="-410.000000" m_ty="-397.000000"/>
  </frame>
  <frame idx="475" w="829" h="737" x="-67.500000" y="-155.328766">
   <element name="images" layername="main" frame="0" z_index="6" m_a="1.000000" m_b="0.000000" m_c="0.000000" m_d="1.000000" m_tx="0.000000" m_ty="0.000000"/>
   <element name="images" layername="decorate" frame="2" z_index="5" m_a="1.000000" m_b="0.000000" m_c="0.000000" m_d="1.000000" m_tx="-20.000000" m_ty="-327.000000"/>
   <element name="images" layername="door_open" frame="3" z_index="4" m_a="1.000000" m_b="0.000000" m_c="0.000000" m_d="1.000000" m_tx="-410.000000" m_ty="-397.000000"/>
  </frame>
  <frame idx="500" w="829" h="737" x="-67.500000" y="-155.328766">
   <element name="images" layername="main" frame="0" z_index="6" m_a="1.000000" m_b="0.000000" m_c="0.000000" m_d="1.000000" m_tx="0.000000" m_ty="0.000000"/>
   <element name="images" layername="decorate" frame="2" z_index="5" m_a="1.000000" m_b="0.000000" m_c="0.000000" m_d="1.000000" m_tx="-20.000000" m_ty="-327.000000"/>
   <element name="images" layername="door_open" frame="3" z_index="4" m_a="1.000000" m_b="0.000000" m_c="0.000000" m_d="1.000000" m_tx="-410.000000" m_ty="-397.000000"/>
  </frame>
  <frame idx="525" w="829" h="737" x="-67.500000" y="-155.328766">
   <element name="images" layername="main" frame="0" z_index="6" m_a="1.000000" m_b="0.000000" m_c="0.000000" m_d="1.000000" m_tx="0.000000" m_ty="0.000000"/>
   <element name="images" layername="decorate" frame="2" z_index="5" m_a="1.000000" m_b="0.000000" m_c="0.000000" m_d="1.000000" m_tx="-20.000000" m_ty="-327.000000"/>
   <element name="images" layername="door_open" frame="3" z_index="4" m_a="1.000000" m_b="0.000000" m_c="0.000000" m_d="1.000000" m_tx="-410.000000" m_ty="-397.000000"/>
  </frame>
  <frame idx="550" w="829" h="737" x="-67.500000" y="-155.328766">
   <element name="images" layername="main" frame="0" z_index="6" m_a="1.000000" m_b="0.000000" m_c="0.000000" m_d="1.000000" m_tx="0.000000" m_ty="0.000000"/>
   <element name="images" layername="decorate" frame="2" z_index="5" m_a="1.000000" m_b="0.000000" m_c="0.000000" m_d="1.000000" m_tx="-20.000000" m_ty="-327.000000"/>
   <element name="images" layername="door_open" frame="3" z_index="4" m_a="1.000000" m_b="0.000000" m_c="0.000000" m_d="1.000000" m_tx="-410.000000" m_ty="-397.000000"/>
  </frame>
  <frame idx="575" w="829" h="737" x="-67.500000" y="-155.328766">
   <element name="images" layername="main" frame="0" z_index="6" m_a="1.000000" m_b="0.000000" m_c="0.000000" m_d="1.000000" m_tx="0.000000" m_ty="0.000000"/>
   <element name="images" layername="decorate" frame="2" z_index="5" m_a="1.000000" m_b="0.000000" m_c="0.000000" m_d="1.000000" m_tx="-20.000000" m_ty="-327.000000"/>
   <element name="images" layername="door_open" frame="3" z_index="4" m_a="1.000000" m_b="0.000000" m_c="0.000000" m_d="1.000000" m_tx="-410.000000" m_ty="-397.000000"/>
  </frame>
  <frame idx="600" w="829" h="737" x="-67.500000" y="-155.328766">
   <element name="images" layername="main" frame="0" z_index="6" m_a="1.000000" m_b="0.000000" m_c="0.000000" m_d="1.000000" m_tx="0.000000" m_ty="0.000000"/>
   <element name="images" layername="decorate" frame="2" z_index="5" m_a="1.000000" m_b="0.000000" m_c="0.000000" m_d="1.000000" m_tx="-20.000000" m_ty="-327.000000"/>
   <element name="images" layername="door_open" frame="3" z_index="4" m_a="1.000000" m_b="0.000000" m_c="0.000000" m_d="1.000000" m_tx="-410.000000" m_ty="-397.000000"/>
  </frame>
  <frame idx="625" w="829" h="737" x="-67.500000" y="-155.328766">
   <element name="images" layername="main" frame="0" z_index="6" m_a="1.000000" m_b="0.000000" m_c="0.000000" m_d="1.000000" m_tx="0.000000" m_ty="0.000000"/>
   <element name="images" layername="decorate" frame="2" z_index="5" m_a="1.000000" m_b="0.000000" m_c="0.000000" m_d="1.000000" m_tx="-20.000000" m_ty="-327.000000"/>
   <element name="images" layername="door_open" frame="3" z_index="4" m_a="1.000000" m_b="0.000000" m_c="0.000000" m_d="1.000000" m_tx="-410.000000" m_ty="-397.000000"/>
  </frame>
  <frame idx="650" w="829" h="737" x="-67.500000" y="-155.328766">
   <element name="images" layername="main" frame="0" z_index="6" m_a="1.000000" m_b="0.000000" m_c="0.000000" m_d="1.000000" m_tx="0.000000" m_ty="0.000000"/>
   <element name="images" layername="decorate" frame="2" z_index="5" m_a="1.000000" m_b="0.000000" m_c="0.000000" m_d="1.000000" m_tx="-20.000000" m_ty="-327.000000"/>
   <element name="images" layername="door_open" frame="3" z_index="4" m_a="1.000000" m_b="0.000000" m_c="0.000000" m_d="1.000000" m_tx="-410.000000" m_ty="-397.000000"/>
  </frame>
  <frame idx="675" w="829" h="737" x="-67.500000" y="-155.328766">
   <element name="images" layername="main" frame="0" z_index="6" m_a="1.000000" m_b="0.000000" m_c="0.000000" m_d="1.000000" m_tx="0.000000" m_ty="0.000000"/>
   <element name="images" layername="decorate" frame="2" z_index="5" m_a="1.000000" m_b="0.000000" m_c="0.000000" m_d="1.000000" m_tx="-20.000000" m_ty="-327.000000"/>
   <element name="images" layername="door_open" frame="3" z_index="4" m_a="1.000000" m_b="0.000000" m_c="0.000000" m_d="1.000000" m_tx="-410.000000" m_ty="-397.000000"/>
  </frame>
  <frame idx="700" w="829" h="737" x="-67.500000" y="-155.328766">
   <element name="images" layername="main" frame="0" z_index="6" m_a="1.000000" m_b="0.000000" m_c="0.000000" m_d="1.000000" m_tx="0.000000" m_ty="0.000000"/>
   <element name="images" layername="decorate" frame="2" z_index="5" m_a="1.000000" m_b="0.000000" m_c="0.000000" m_d="1.000000" m_tx="-20.000000" m_ty="-327.000000"/>
   <element name="images" layername="door_open" frame="3" z_index="4" m_a="1.000000" m_b="0.000000" m_c="0.000000" m_d="1.000000" m_tx="-410.000000" m_ty="-397.000000"/>
  </frame>
  <frame idx="725" w="829" h="737" x="-67.500000" y="-155.328766">
   <element name="images" layername="main" frame="0" z_index="6" m_a="1.000000" m_b="0.000000" m_c="0.000000" m_d="1.000000" m_tx="0.000000" m_ty="0.000000"/>
   <element name="images" layername="decorate" frame="2" z_index="5" m_a="1.000000" m_b="0.000000" m_c="0.000000" m_d="1.000000" m_tx="-20.000000" m_ty="-327.000000"/>
   <element name="images" layername="door_open" frame="3" z_index="4" m_a="1.000000" m_b="0.000000" m_c="0.000000" m_d="1.000000" m_tx="-410.000000" m_ty="-397.000000"/>
  </frame>
  <frame idx="750" w="829" h="737" x="-67.500000" y="-155.328766">
   <element name="images" layername="main" frame="0" z_index="6" m_a="1.000000" m_b="0.000000" m_c="0.000000" m_d="1.000000" m_tx="0.000000" m_ty="0.000000"/>
   <element name="images" layername="decorate" frame="2" z_index="5" m_a="1.000000" m_b="0.000000" m_c="0.000000" m_d="1.000000" m_tx="-20.000000" m_ty="-327.000000"/>
   <element name="images" layername="door_open" frame="3" z_index="4" m_a="1.000000" m_b="0.000000" m_c="0.000000" m_d="1.000000" m_tx="-410.000000" m_ty="-397.000000"/>
  </frame>
  <frame idx="775" w="829" h="737" x="-67.500000" y="-155.328766">
   <element name="images" layername="main" frame="0" z_index="6" m_a="1.000000" m_b="0.000000" m_c="0.000000" m_d="1.000000" m_tx="0.000000" m_ty="0.000000"/>
   <element name="images" layername="decorate" frame="2" z_index="5" m_a="1.000000" m_b="0.000000" m_c="0.000000" m_d="1.000000" m_tx="-20.000000" m_ty="-327.000000"/>
   <element name="images" layername="door_open" frame="3" z_index="4" m_a="1.000000" m_b="0.000000" m_c="0.000000" m_d="1.000000" m_tx="-410.000000" m_ty="-397.000000"/>
  </frame>
  <frame idx="800" w="829" h="737" x="-67.500000" y="-155.328766">
   <element name="images" layername="main" frame="0" z_index="6" m_a="1.000000" m_b="0.000000" m_c="0.000000" m_d="1.000000" m_tx="0.000000" m_ty="0.000000"/>
   <element name="images" layername="decorate" frame="2" z_index="5" m_a="1.000000" m_b="0.000000" m_c="0.000000" m_d="1.000000" m_tx="-20.000000" m_ty="-327.000000"/>
   <element name="images" layername="door_open" frame="3" z_index="4" m_a="1.000000" m_b="0.000000" m_c="0.000000" m_d="1.000000" m_tx="-410.000000" m_ty="-397.000000"/>
  </frame>
  <frame idx="825" w="829" h="737" x="-67.500000" y="-155.328766">
   <element name="images" layername="main" frame="0" z_index="6" m_a="1.000000" m_b="0.000000" m_c="0.000000" m_d="1.000000" m_tx="0.000000" m_ty="0.000000"/>
   <element name="images" layername="decorate" frame="2" z_index="5" m_a="1.000000" m_b="0.000000" m_c="0.000000" m_d="1.000000" m_tx="-20.000000" m_ty="-327.000000"/>
   <element name="images" layername="door_open" frame="3" z_index="4" m_a="1.000000" m_b="0.000000" m_c="0.000000" m_d="1.000000" m_tx="-410.000000" m_ty="-397.000000"/>
  </frame>
  <frame idx="850" w="829" h="737" x="-67.500000" y="-155.328766">
   <element name="images" layername="main" frame="0" z_index="6" m_a="1.000000" m_b="0.000000" m_c="0.000000" m_d="1.000000" m_tx="0.000000" m_ty="0.000000"/>
   <element name="images" layername="decorate" frame="2" z_index="5" m_a="1.000000" m_b="0.000000" m_c="0.000000" m_d="1.000000" m_tx="-20.000000" m_ty="-327.000000"/>
   <element name="images" layername="door_open" frame="3" z_index="4" m_a="1.000000" m_b="0.000000" m_c="0.000000" m_d="1.000000" m_tx="-410.000000" m_ty="-397.000000"/>
  </frame>
  <frame idx="875" w="829" h="737" x="-67.500000" y="-155.328766">
   <element name="images" layername="main" frame="0" z_index="6" m_a="1.000000" m_b="0.000000" m_c="0.000000" m_d="1.000000" m_tx="0.000000" m_ty="0.000000"/>
   <element name="images" layername="decorate" frame="2" z_index="5" m_a="1.000000" m_b="0.000000" m_c="0.000000" m_d="1.000000" m_tx="-20.000000" m_ty="-327.000000"/>
   <element name="images" layername="door_open" frame="3" z_index="4" m_a="1.000000" m_b="0.000000" m_c="0.000000" m_d="1.000000" m_tx="-410.000000" m_ty="-397.000000"/>
  </frame>
  <frame idx="900" w="829" h="737" x="-67.500000" y="-155.328766">
   <element name="images" layername="main" frame="0" z_index="6" m_a="1.000000" m_b="0.000000" m_c="0.000000" m_d="1.000000" m_tx="0.000000" m_ty="0.000000"/>
   <element name="images" layername="decorate" frame="2" z_index="5" m_a="1.000000" m_b="0.000000" m_c="0.000000" m_d="1.000000" m_tx="-20.000000" m_ty="-327.000000"/>
   <element name="images" layername="door_open" frame="3" z_index="4" m_a="1.000000" m_b="0.000000" m_c="0.000000" m_d="1.000000" m_tx="-410.000000" m_ty="-397.000000"/>
  </frame>
  <frame idx="925" w="829" h="737" x="-67.500000" y="-155.328766">
   <element name="images" layername="main" frame="0" z_index="6" m_a="1.000000" m_b="0.000000" m_c="0.000000" m_d="1.000000" m_tx="0.000000" m_ty="0.000000"/>
   <element name="images" layername="decorate" frame="2" z_index="5" m_a="1.000000" m_b="0.000000" m_c="0.000000" m_d="1.000000" m_tx="-20.000000" m_ty="-327.000000"/>
   <element name="images" layername="door_open" frame="3" z_index="4" m_a="1.000000" m_b="0.000000" m_c="0.000000" m_d="1.000000" m_tx="-410.000000" m_ty="-397.000000"/>
  </frame>
  <frame idx="950" w="829" h="737" x="-67.500000" y="-155.328766">
   <element name="images" layername="main" frame="0" z_index="6" m_a="1.000000" m_b="0.000000" m_c="0.000000" m_d="1.000000" m_tx="0.000000" m_ty="0.000000"/>
   <element name="images" layername="decorate" frame="2" z_index="5" m_a="1.000000" m_b="0.000000" m_c="0.000000" m_d="1.000000" m_tx="-20.000000" m_ty="-327.000000"/>
   <element name="images" layername="door_open" frame="3" z_index="4" m_a="1.000000" m_b="0.000000" m_c="0.000000" m_d="1.000000" m_tx="-410.000000" m_ty="-397.000000"/>
  </frame>
  <frame idx="975" w="829" h="737" x="-67.500000" y="-155.328766">
   <element name="images" layername="main" frame="0" z_index="6" m_a="1.000000" m_b="0.000000" m_c="0.000000" m_d="1.000000" m_tx="0.000000" m_ty="0.000000"/>
   <element name="images" layername="decorate" frame="2" z_index="5" m_a="1.000000" m_b="0.000000" m_c="0.000000" m_d="1.000000" m_tx="-20.000000" m_ty="-327.000000"/>
   <element name="images" layername="door_open" frame="3" z_index="4" m_a="1.000000" m_b="0.000000" m_c="0.000000" m_d="1.000000" m_tx="-410.000000" m_ty="-397.000000"/>
  </frame>
 </anim>
</Anims>
