<Anims>
 <anim name="empty" root="zx_hay_cart" numframes="300" framerate="40">
  <frame idx="0" w="440" h="528" x="0.000000" y="-80.000000">
   <element name="images" layername="zx_hay_cart_empty" frame="0" z_index="3" m_a="1.000000" m_b="0.000000" m_c="0.000000" m_d="1.000000" m_tx="0.000000" m_ty="0.000000"/>
  </frame>
  <frame idx="25" w="440" h="528" x="0.000000" y="-80.000000">
   <element name="images" layername="zx_hay_cart_empty" frame="0" z_index="3" m_a="1.000000" m_b="0.000000" m_c="0.000000" m_d="1.000000" m_tx="0.000000" m_ty="0.000000"/>
  </frame>
  <frame idx="50" w="440" h="528" x="0.000000" y="-80.000000">
   <element name="images" layername="zx_hay_cart_empty" frame="0" z_index="3" m_a="1.000000" m_b="0.000000" m_c="0.000000" m_d="1.000000" m_tx="0.000000" m_ty="0.000000"/>
  </frame>
  <frame idx="75" w="440" h="528" x="0.000000" y="-80.000000">
   <element name="images" layername="zx_hay_cart_empty" frame="0" z_index="3" m_a="1.000000" m_b="0.000000" m_c="0.000000" m_d="1.000000" m_tx="0.000000" m_ty="0.000000"/>
  </frame>
  <frame idx="100" w="440" h="528" x="0.000000" y="-80.000000">
   <element name="images" layername="zx_hay_cart_empty" frame="0" z_index="3" m_a="1.000000" m_b="0.000000" m_c="0.000000" m_d="1.000000" m_tx="0.000000" m_ty="0.000000"/>
  </frame>
  <frame idx="125" w="440" h="528" x="0.000000" y="-80.000000">
   <element name="images" layername="zx_hay_cart_empty" frame="0" z_index="3" m_a="1.000000" m_b="0.000000" m_c="0.000000" m_d="1.000000" m_tx="0.000000" m_ty="0.000000"/>
  </frame>
  <frame idx="150" w="440" h="528" x="0.000000" y="-80.000000">
   <element name="images" layername="zx_hay_cart_empty" frame="0" z_index="3" m_a="1.000000" m_b="0.000000" m_c="0.000000" m_d="1.000000" m_tx="0.000000" m_ty="0.000000"/>
  </frame>
  <frame idx="175" w="440" h="528" x="0.000000" y="-80.000000">
   <element name="images" layername="zx_hay_cart_empty" frame="0" z_index="3" m_a="1.000000" m_b="0.000000" m_c="0.000000" m_d="1.000000" m_tx="0.000000" m_ty="0.000000"/>
  </frame>
  <frame idx="200" w="440" h="528" x="0.000000" y="-80.000000">
   <element name="images" layername="zx_hay_cart_empty" frame="0" z_index="3" m_a="1.000000" m_b="0.000000" m_c="0.000000" m_d="1.000000" m_tx="0.000000" m_ty="0.000000"/>
  </frame>
  <frame idx="225" w="440" h="528" x="0.000000" y="-80.000000">
   <element name="images" layername="zx_hay_cart_empty" frame="0" z_index="3" m_a="1.000000" m_b="0.000000" m_c="0.000000" m_d="1.000000" m_tx="0.000000" m_ty="0.000000"/>
  </frame>
  <frame idx="250" w="440" h="528" x="0.000000" y="-80.000000">
   <element name="images" layername="zx_hay_cart_empty" frame="0" z_index="3" m_a="1.000000" m_b="0.000000" m_c="0.000000" m_d="1.000000" m_tx="0.000000" m_ty="0.000000"/>
  </frame>
  <frame idx="275" w="440" h="528" x="0.000000" y="-80.000000">
   <element name="images" layername="zx_hay_cart_empty" frame="0" z_index="3" m_a="1.000000" m_b="0.000000" m_c="0.000000" m_d="1.000000" m_tx="0.000000" m_ty="0.000000"/>
  </frame>
 </anim>
 <anim name="half" root="zx_hay_cart" numframes="300" framerate="40">
  <frame idx="0" w="440" h="528" x="0.000000" y="-80.000000">
   <element name="images" layername="zx_hay_cart_half" frame="2" z_index="3" m_a="1.000000" m_b="0.000000" m_c="0.000000" m_d="1.000000" m_tx="0.000000" m_ty="0.000000"/>
  </frame>
  <frame idx="25" w="440" h="528" x="0.000000" y="-80.000000">
   <element name="images" layername="zx_hay_cart_half" frame="2" z_index="3" m_a="1.000000" m_b="0.000000" m_c="0.000000" m_d="1.000000" m_tx="0.000000" m_ty="0.000000"/>
  </frame>
  <frame idx="50" w="440" h="528" x="0.000000" y="-80.000000">
   <element name="images" layername="zx_hay_cart_half" frame="2" z_index="3" m_a="1.000000" m_b="0.000000" m_c="0.000000" m_d="1.000000" m_tx="0.000000" m_ty="0.000000"/>
  </frame>
  <frame idx="75" w="440" h="528" x="0.000000" y="-80.000000">
   <element name="images" layername="zx_hay_cart_half" frame="2" z_index="3" m_a="1.000000" m_b="0.000000" m_c="0.000000" m_d="1.000000" m_tx="0.000000" m_ty="0.000000"/>
  </frame>
  <frame idx="100" w="440" h="528" x="0.000000" y="-80.000000">
   <element name="images" layername="zx_hay_cart_half" frame="2" z_index="3" m_a="1.000000" m_b="0.000000" m_c="0.000000" m_d="1.000000" m_tx="0.000000" m_ty="0.000000"/>
  </frame>
  <frame idx="125" w="440" h="528" x="0.000000" y="-80.000000">
   <element name="images" layername="zx_hay_cart_half" frame="2" z_index="3" m_a="1.000000" m_b="0.000000" m_c="0.000000" m_d="1.000000" m_tx="0.000000" m_ty="0.000000"/>
  </frame>
  <frame idx="150" w="440" h="528" x="0.000000" y="-80.000000">
   <element name="images" layername="zx_hay_cart_half" frame="2" z_index="3" m_a="1.000000" m_b="0.000000" m_c="0.000000" m_d="1.000000" m_tx="0.000000" m_ty="0.000000"/>
  </frame>
  <frame idx="175" w="440" h="528" x="0.000000" y="-80.000000">
   <element name="images" layername="zx_hay_cart_half" frame="2" z_index="3" m_a="1.000000" m_b="0.000000" m_c="0.000000" m_d="1.000000" m_tx="0.000000" m_ty="0.000000"/>
  </frame>
  <frame idx="200" w="440" h="528" x="0.000000" y="-80.000000">
   <element name="images" layername="zx_hay_cart_half" frame="2" z_index="3" m_a="1.000000" m_b="0.000000" m_c="0.000000" m_d="1.000000" m_tx="0.000000" m_ty="0.000000"/>
  </frame>
  <frame idx="225" w="440" h="528" x="0.000000" y="-80.000000">
   <element name="images" layername="zx_hay_cart_half" frame="2" z_index="3" m_a="1.000000" m_b="0.000000" m_c="0.000000" m_d="1.000000" m_tx="0.000000" m_ty="0.000000"/>
  </frame>
  <frame idx="250" w="440" h="528" x="0.000000" y="-80.000000">
   <element name="images" layername="zx_hay_cart_half" frame="2" z_index="3" m_a="1.000000" m_b="0.000000" m_c="0.000000" m_d="1.000000" m_tx="0.000000" m_ty="0.000000"/>
  </frame>
  <frame idx="275" w="440" h="528" x="0.000000" y="-80.000000">
   <element name="images" layername="zx_hay_cart_half" frame="2" z_index="3" m_a="1.000000" m_b="0.000000" m_c="0.000000" m_d="1.000000" m_tx="0.000000" m_ty="0.000000"/>
  </frame>
 </anim>
 <anim name="full" root="zx_hay_cart" numframes="300" framerate="40">
  <frame idx="0" w="440" h="528" x="0.000000" y="-80.000000">
   <element name="images" layername="zx_hay_cart_full" frame="1" z_index="3" m_a="1.000000" m_b="0.000000" m_c="0.000000" m_d="1.000000" m_tx="0.000000" m_ty="0.000000"/>
  </frame>
  <frame idx="25" w="440" h="528" x="0.000000" y="-80.000000">
   <element name="images" layername="zx_hay_cart_full" frame="1" z_index="3" m_a="1.000000" m_b="0.000000" m_c="0.000000" m_d="1.000000" m_tx="0.000000" m_ty="0.000000"/>
  </frame>
  <frame idx="50" w="440" h="528" x="0.000000" y="-80.000000">
   <element name="images" layername="zx_hay_cart_full" frame="1" z_index="3" m_a="1.000000" m_b="0.000000" m_c="0.000000" m_d="1.000000" m_tx="0.000000" m_ty="0.000000"/>
  </frame>
  <frame idx="75" w="440" h="528" x="0.000000" y="-80.000000">
   <element name="images" layername="zx_hay_cart_full" frame="1" z_index="3" m_a="1.000000" m_b="0.000000" m_c="0.000000" m_d="1.000000" m_tx="0.000000" m_ty="0.000000"/>
  </frame>
  <frame idx="100" w="440" h="528" x="0.000000" y="-80.000000">
   <element name="images" layername="zx_hay_cart_full" frame="1" z_index="3" m_a="1.000000" m_b="0.000000" m_c="0.000000" m_d="1.000000" m_tx="0.000000" m_ty="0.000000"/>
  </frame>
  <frame idx="125" w="440" h="528" x="0.000000" y="-80.000000">
   <element name="images" layername="zx_hay_cart_full" frame="1" z_index="3" m_a="1.000000" m_b="0.000000" m_c="0.000000" m_d="1.000000" m_tx="0.000000" m_ty="0.000000"/>
  </frame>
  <frame idx="150" w="440" h="528" x="0.000000" y="-80.000000">
   <element name="images" layername="zx_hay_cart_full" frame="1" z_index="3" m_a="1.000000" m_b="0.000000" m_c="0.000000" m_d="1.000000" m_tx="0.000000" m_ty="0.000000"/>
  </frame>
  <frame idx="175" w="440" h="528" x="0.000000" y="-80.000000">
   <element name="images" layername="zx_hay_cart_full" frame="1" z_index="3" m_a="1.000000" m_b="0.000000" m_c="0.000000" m_d="1.000000" m_tx="0.000000" m_ty="0.000000"/>
  </frame>
  <frame idx="200" w="440" h="528" x="0.000000" y="-80.000000">
   <element name="images" layername="zx_hay_cart_full" frame="1" z_index="3" m_a="1.000000" m_b="0.000000" m_c="0.000000" m_d="1.000000" m_tx="0.000000" m_ty="0.000000"/>
  </frame>
  <frame idx="225" w="440" h="528" x="0.000000" y="-80.000000">
   <element name="images" layername="zx_hay_cart_full" frame="1" z_index="3" m_a="1.000000" m_b="0.000000" m_c="0.000000" m_d="1.000000" m_tx="0.000000" m_ty="0.000000"/>
  </frame>
  <frame idx="250" w="440" h="528" x="0.000000" y="-80.000000">
   <element name="images" layername="zx_hay_cart_full" frame="1" z_index="3" m_a="1.000000" m_b="0.000000" m_c="0.000000" m_d="1.000000" m_tx="0.000000" m_ty="0.000000"/>
  </frame>
  <frame idx="275" w="440" h="528" x="0.000000" y="-80.000000">
   <element name="images" layername="zx_hay_cart_full" frame="1" z_index="3" m_a="1.000000" m_b="0.000000" m_c="0.000000" m_d="1.000000" m_tx="0.000000" m_ty="0.000000"/>
  </frame>
 </anim>
</Anims>
