<Anims>
 <anim name="repair" root="asa_items" numframes="1000" framerate="40">
  <frame idx="0" w="325" h="256" x="5.000000" y="-2.000000">
   <element name="items" layername="repair" frame="0" z_index="2" m_a="1.000000" m_b="0.000000" m_c="0.000000" m_d="1.000000" m_tx="5.000000" m_ty="-2.000000"/>
  </frame>
  <frame idx="25" w="325" h="256" x="5.000000" y="-2.000000">
   <element name="items" layername="repair" frame="0" z_index="2" m_a="1.000000" m_b="0.000000" m_c="0.000000" m_d="1.000000" m_tx="5.000000" m_ty="-2.000000"/>
  </frame>
  <frame idx="50" w="325" h="256" x="5.000000" y="-2.000000">
   <element name="items" layername="repair" frame="0" z_index="2" m_a="1.000000" m_b="0.000000" m_c="0.000000" m_d="1.000000" m_tx="5.000000" m_ty="-2.000000"/>
  </frame>
  <frame idx="75" w="325" h="256" x="5.000000" y="-2.000000">
   <element name="items" layername="repair" frame="0" z_index="2" m_a="1.000000" m_b="0.000000" m_c="0.000000" m_d="1.000000" m_tx="5.000000" m_ty="-2.000000"/>
  </frame>
  <frame idx="100" w="325" h="256" x="5.000000" y="-2.000000">
   <element name="items" layername="repair" frame="0" z_index="2" m_a="1.000000" m_b="0.000000" m_c="0.000000" m_d="1.000000" m_tx="5.000000" m_ty="-2.000000"/>
  </frame>
  <frame idx="125" w="325" h="256" x="5.000000" y="-2.000000">
   <element name="items" layername="repair" frame="0" z_index="2" m_a="1.000000" m_b="0.000000" m_c="0.000000" m_d="1.000000" m_tx="5.000000" m_ty="-2.000000"/>
  </frame>
  <frame idx="150" w="325" h="256" x="5.000000" y="-2.000000">
   <element name="items" layername="repair" frame="0" z_index="2" m_a="1.000000" m_b="0.000000" m_c="0.000000" m_d="1.000000" m_tx="5.000000" m_ty="-2.000000"/>
  </frame>
  <frame idx="175" w="325" h="256" x="5.000000" y="-2.000000">
   <element name="items" layername="repair" frame="0" z_index="2" m_a="1.000000" m_b="0.000000" m_c="0.000000" m_d="1.000000" m_tx="5.000000" m_ty="-2.000000"/>
  </frame>
  <frame idx="200" w="325" h="256" x="5.000000" y="-2.000000">
   <element name="items" layername="repair" frame="0" z_index="2" m_a="1.000000" m_b="0.000000" m_c="0.000000" m_d="1.000000" m_tx="5.000000" m_ty="-2.000000"/>
  </frame>
  <frame idx="225" w="325" h="256" x="5.000000" y="-2.000000">
   <element name="items" layername="repair" frame="0" z_index="2" m_a="1.000000" m_b="0.000000" m_c="0.000000" m_d="1.000000" m_tx="5.000000" m_ty="-2.000000"/>
  </frame>
  <frame idx="250" w="325" h="256" x="5.000000" y="-2.000000">
   <element name="items" layername="repair" frame="0" z_index="2" m_a="1.000000" m_b="0.000000" m_c="0.000000" m_d="1.000000" m_tx="5.000000" m_ty="-2.000000"/>
  </frame>
  <frame idx="275" w="325" h="256" x="5.000000" y="-2.000000">
   <element name="items" layername="repair" frame="0" z_index="2" m_a="1.000000" m_b="0.000000" m_c="0.000000" m_d="1.000000" m_tx="5.000000" m_ty="-2.000000"/>
  </frame>
  <frame idx="300" w="325" h="256" x="5.000000" y="-2.000000">
   <element name="items" layername="repair" frame="0" z_index="2" m_a="1.000000" m_b="0.000000" m_c="0.000000" m_d="1.000000" m_tx="5.000000" m_ty="-2.000000"/>
  </frame>
  <frame idx="325" w="325" h="256" x="5.000000" y="-2.000000">
   <element name="items" layername="repair" frame="0" z_index="2" m_a="1.000000" m_b="0.000000" m_c="0.000000" m_d="1.000000" m_tx="5.000000" m_ty="-2.000000"/>
  </frame>
  <frame idx="350" w="325" h="256" x="5.000000" y="-2.000000">
   <element name="items" layername="repair" frame="0" z_index="2" m_a="1.000000" m_b="0.000000" m_c="0.000000" m_d="1.000000" m_tx="5.000000" m_ty="-2.000000"/>
  </frame>
  <frame idx="375" w="325" h="256" x="5.000000" y="-2.000000">
   <element name="items" layername="repair" frame="0" z_index="2" m_a="1.000000" m_b="0.000000" m_c="0.000000" m_d="1.000000" m_tx="5.000000" m_ty="-2.000000"/>
  </frame>
  <frame idx="400" w="325" h="256" x="5.000000" y="-2.000000">
   <element name="items" layername="repair" frame="0" z_index="2" m_a="1.000000" m_b="0.000000" m_c="0.000000" m_d="1.000000" m_tx="5.000000" m_ty="-2.000000"/>
  </frame>
  <frame idx="425" w="325" h="256" x="5.000000" y="-2.000000">
   <element name="items" layername="repair" frame="0" z_index="2" m_a="1.000000" m_b="0.000000" m_c="0.000000" m_d="1.000000" m_tx="5.000000" m_ty="-2.000000"/>
  </frame>
  <frame idx="450" w="325" h="256" x="5.000000" y="-2.000000">
   <element name="items" layername="repair" frame="0" z_index="2" m_a="1.000000" m_b="0.000000" m_c="0.000000" m_d="1.000000" m_tx="5.000000" m_ty="-2.000000"/>
  </frame>
  <frame idx="475" w="325" h="256" x="5.000000" y="-2.000000">
   <element name="items" layername="repair" frame="0" z_index="2" m_a="1.000000" m_b="0.000000" m_c="0.000000" m_d="1.000000" m_tx="5.000000" m_ty="-2.000000"/>
  </frame>
  <frame idx="500" w="325" h="256" x="5.000000" y="-2.000000">
   <element name="items" layername="repair" frame="0" z_index="2" m_a="1.000000" m_b="0.000000" m_c="0.000000" m_d="1.000000" m_tx="5.000000" m_ty="-2.000000"/>
  </frame>
  <frame idx="525" w="325" h="256" x="5.000000" y="-2.000000">
   <element name="items" layername="repair" frame="0" z_index="2" m_a="1.000000" m_b="0.000000" m_c="0.000000" m_d="1.000000" m_tx="5.000000" m_ty="-2.000000"/>
  </frame>
  <frame idx="550" w="325" h="256" x="5.000000" y="-2.000000">
   <element name="items" layername="repair" frame="0" z_index="2" m_a="1.000000" m_b="0.000000" m_c="0.000000" m_d="1.000000" m_tx="5.000000" m_ty="-2.000000"/>
  </frame>
  <frame idx="575" w="325" h="256" x="5.000000" y="-2.000000">
   <element name="items" layername="repair" frame="0" z_index="2" m_a="1.000000" m_b="0.000000" m_c="0.000000" m_d="1.000000" m_tx="5.000000" m_ty="-2.000000"/>
  </frame>
  <frame idx="600" w="325" h="256" x="5.000000" y="-2.000000">
   <element name="items" layername="repair" frame="0" z_index="2" m_a="1.000000" m_b="0.000000" m_c="0.000000" m_d="1.000000" m_tx="5.000000" m_ty="-2.000000"/>
  </frame>
  <frame idx="625" w="325" h="256" x="5.000000" y="-2.000000">
   <element name="items" layername="repair" frame="0" z_index="2" m_a="1.000000" m_b="0.000000" m_c="0.000000" m_d="1.000000" m_tx="5.000000" m_ty="-2.000000"/>
  </frame>
  <frame idx="650" w="325" h="256" x="5.000000" y="-2.000000">
   <element name="items" layername="repair" frame="0" z_index="2" m_a="1.000000" m_b="0.000000" m_c="0.000000" m_d="1.000000" m_tx="5.000000" m_ty="-2.000000"/>
  </frame>
  <frame idx="675" w="325" h="256" x="5.000000" y="-2.000000">
   <element name="items" layername="repair" frame="0" z_index="2" m_a="1.000000" m_b="0.000000" m_c="0.000000" m_d="1.000000" m_tx="5.000000" m_ty="-2.000000"/>
  </frame>
  <frame idx="700" w="325" h="256" x="5.000000" y="-2.000000">
   <element name="items" layername="repair" frame="0" z_index="2" m_a="1.000000" m_b="0.000000" m_c="0.000000" m_d="1.000000" m_tx="5.000000" m_ty="-2.000000"/>
  </frame>
  <frame idx="725" w="325" h="256" x="5.000000" y="-2.000000">
   <element name="items" layername="repair" frame="0" z_index="2" m_a="1.000000" m_b="0.000000" m_c="0.000000" m_d="1.000000" m_tx="5.000000" m_ty="-2.000000"/>
  </frame>
  <frame idx="750" w="325" h="256" x="5.000000" y="-2.000000">
   <element name="items" layername="repair" frame="0" z_index="2" m_a="1.000000" m_b="0.000000" m_c="0.000000" m_d="1.000000" m_tx="5.000000" m_ty="-2.000000"/>
  </frame>
  <frame idx="775" w="325" h="256" x="5.000000" y="-2.000000">
   <element name="items" layername="repair" frame="0" z_index="2" m_a="1.000000" m_b="0.000000" m_c="0.000000" m_d="1.000000" m_tx="5.000000" m_ty="-2.000000"/>
  </frame>
  <frame idx="800" w="325" h="256" x="5.000000" y="-2.000000">
   <element name="items" layername="repair" frame="0" z_index="2" m_a="1.000000" m_b="0.000000" m_c="0.000000" m_d="1.000000" m_tx="5.000000" m_ty="-2.000000"/>
  </frame>
  <frame idx="825" w="325" h="256" x="5.000000" y="-2.000000">
   <element name="items" layername="repair" frame="0" z_index="2" m_a="1.000000" m_b="0.000000" m_c="0.000000" m_d="1.000000" m_tx="5.000000" m_ty="-2.000000"/>
  </frame>
  <frame idx="850" w="325" h="256" x="5.000000" y="-2.000000">
   <element name="items" layername="repair" frame="0" z_index="2" m_a="1.000000" m_b="0.000000" m_c="0.000000" m_d="1.000000" m_tx="5.000000" m_ty="-2.000000"/>
  </frame>
  <frame idx="875" w="325" h="256" x="5.000000" y="-2.000000">
   <element name="items" layername="repair" frame="0" z_index="2" m_a="1.000000" m_b="0.000000" m_c="0.000000" m_d="1.000000" m_tx="5.000000" m_ty="-2.000000"/>
  </frame>
  <frame idx="900" w="325" h="256" x="5.000000" y="-2.000000">
   <element name="items" layername="repair" frame="0" z_index="2" m_a="1.000000" m_b="0.000000" m_c="0.000000" m_d="1.000000" m_tx="5.000000" m_ty="-2.000000"/>
  </frame>
  <frame idx="925" w="325" h="256" x="5.000000" y="-2.000000">
   <element name="items" layername="repair" frame="0" z_index="2" m_a="1.000000" m_b="0.000000" m_c="0.000000" m_d="1.000000" m_tx="5.000000" m_ty="-2.000000"/>
  </frame>
  <frame idx="950" w="325" h="256" x="5.000000" y="-2.000000">
   <element name="items" layername="repair" frame="0" z_index="2" m_a="1.000000" m_b="0.000000" m_c="0.000000" m_d="1.000000" m_tx="5.000000" m_ty="-2.000000"/>
  </frame>
  <frame idx="975" w="325" h="256" x="5.000000" y="-2.000000">
   <element name="items" layername="repair" frame="0" z_index="2" m_a="1.000000" m_b="0.000000" m_c="0.000000" m_d="1.000000" m_tx="5.000000" m_ty="-2.000000"/>
  </frame>
 </anim>
 <anim name="boost" root="asa_items" numframes="1000" framerate="40">
  <frame idx="0" w="239" h="139" x="150.351364" y="43.779228">
   <element name="items" layername="boost" frame="1" z_index="2" m_a="2.864865" m_b="0.000000" m_c="0.000000" m_d="2.649351" m_tx="3.000000" m_ty="-15.000000"/>
  </frame>
  <frame idx="25" w="239" h="139" x="150.351364" y="43.779228">
   <element name="items" layername="boost" frame="1" z_index="2" m_a="2.864865" m_b="0.000000" m_c="0.000000" m_d="2.649351" m_tx="3.000000" m_ty="-15.000000"/>
  </frame>
  <frame idx="50" w="239" h="139" x="150.351364" y="43.779228">
   <element name="items" layername="boost" frame="1" z_index="2" m_a="2.864865" m_b="0.000000" m_c="0.000000" m_d="2.649351" m_tx="3.000000" m_ty="-15.000000"/>
  </frame>
  <frame idx="75" w="239" h="139" x="150.351364" y="43.779228">
   <element name="items" layername="boost" frame="1" z_index="2" m_a="2.864865" m_b="0.000000" m_c="0.000000" m_d="2.649351" m_tx="3.000000" m_ty="-15.000000"/>
  </frame>
  <frame idx="100" w="239" h="139" x="150.351364" y="43.779228">
   <element name="items" layername="boost" frame="1" z_index="2" m_a="2.864865" m_b="0.000000" m_c="0.000000" m_d="2.649351" m_tx="3.000000" m_ty="-15.000000"/>
  </frame>
  <frame idx="125" w="239" h="139" x="150.351364" y="43.779228">
   <element name="items" layername="boost" frame="1" z_index="2" m_a="2.864865" m_b="0.000000" m_c="0.000000" m_d="2.649351" m_tx="3.000000" m_ty="-15.000000"/>
  </frame>
  <frame idx="150" w="239" h="139" x="150.351364" y="43.779228">
   <element name="items" layername="boost" frame="1" z_index="2" m_a="2.864865" m_b="0.000000" m_c="0.000000" m_d="2.649351" m_tx="3.000000" m_ty="-15.000000"/>
  </frame>
  <frame idx="175" w="239" h="139" x="150.351364" y="43.779228">
   <element name="items" layername="boost" frame="1" z_index="2" m_a="2.864865" m_b="0.000000" m_c="0.000000" m_d="2.649351" m_tx="3.000000" m_ty="-15.000000"/>
  </frame>
  <frame idx="200" w="239" h="139" x="150.351364" y="43.779228">
   <element name="items" layername="boost" frame="1" z_index="2" m_a="2.864865" m_b="0.000000" m_c="0.000000" m_d="2.649351" m_tx="3.000000" m_ty="-15.000000"/>
  </frame>
  <frame idx="225" w="239" h="139" x="150.351364" y="43.779228">
   <element name="items" layername="boost" frame="1" z_index="2" m_a="2.864865" m_b="0.000000" m_c="0.000000" m_d="2.649351" m_tx="3.000000" m_ty="-15.000000"/>
  </frame>
  <frame idx="250" w="239" h="139" x="150.351364" y="43.779228">
   <element name="items" layername="boost" frame="1" z_index="2" m_a="2.864865" m_b="0.000000" m_c="0.000000" m_d="2.649351" m_tx="3.000000" m_ty="-15.000000"/>
  </frame>
  <frame idx="275" w="239" h="139" x="150.351364" y="43.779228">
   <element name="items" layername="boost" frame="1" z_index="2" m_a="2.864865" m_b="0.000000" m_c="0.000000" m_d="2.649351" m_tx="3.000000" m_ty="-15.000000"/>
  </frame>
  <frame idx="300" w="239" h="139" x="150.351364" y="43.779228">
   <element name="items" layername="boost" frame="1" z_index="2" m_a="2.864865" m_b="0.000000" m_c="0.000000" m_d="2.649351" m_tx="3.000000" m_ty="-15.000000"/>
  </frame>
  <frame idx="325" w="239" h="139" x="150.351364" y="43.779228">
   <element name="items" layername="boost" frame="1" z_index="2" m_a="2.864865" m_b="0.000000" m_c="0.000000" m_d="2.649351" m_tx="3.000000" m_ty="-15.000000"/>
  </frame>
  <frame idx="350" w="239" h="139" x="150.351364" y="43.779228">
   <element name="items" layername="boost" frame="1" z_index="2" m_a="2.864865" m_b="0.000000" m_c="0.000000" m_d="2.649351" m_tx="3.000000" m_ty="-15.000000"/>
  </frame>
  <frame idx="375" w="239" h="139" x="150.351364" y="43.779228">
   <element name="items" layername="boost" frame="1" z_index="2" m_a="2.864865" m_b="0.000000" m_c="0.000000" m_d="2.649351" m_tx="3.000000" m_ty="-15.000000"/>
  </frame>
  <frame idx="400" w="239" h="139" x="150.351364" y="43.779228">
   <element name="items" layername="boost" frame="1" z_index="2" m_a="2.864865" m_b="0.000000" m_c="0.000000" m_d="2.649351" m_tx="3.000000" m_ty="-15.000000"/>
  </frame>
  <frame idx="425" w="239" h="139" x="150.351364" y="43.779228">
   <element name="items" layername="boost" frame="1" z_index="2" m_a="2.864865" m_b="0.000000" m_c="0.000000" m_d="2.649351" m_tx="3.000000" m_ty="-15.000000"/>
  </frame>
  <frame idx="450" w="239" h="139" x="150.351364" y="43.779228">
   <element name="items" layername="boost" frame="1" z_index="2" m_a="2.864865" m_b="0.000000" m_c="0.000000" m_d="2.649351" m_tx="3.000000" m_ty="-15.000000"/>
  </frame>
  <frame idx="475" w="239" h="139" x="150.351364" y="43.779228">
   <element name="items" layername="boost" frame="1" z_index="2" m_a="2.864865" m_b="0.000000" m_c="0.000000" m_d="2.649351" m_tx="3.000000" m_ty="-15.000000"/>
  </frame>
  <frame idx="500" w="239" h="139" x="150.351364" y="43.779228">
   <element name="items" layername="boost" frame="1" z_index="2" m_a="2.864865" m_b="0.000000" m_c="0.000000" m_d="2.649351" m_tx="3.000000" m_ty="-15.000000"/>
  </frame>
  <frame idx="525" w="239" h="139" x="150.351364" y="43.779228">
   <element name="items" layername="boost" frame="1" z_index="2" m_a="2.864865" m_b="0.000000" m_c="0.000000" m_d="2.649351" m_tx="3.000000" m_ty="-15.000000"/>
  </frame>
  <frame idx="550" w="239" h="139" x="150.351364" y="43.779228">
   <element name="items" layername="boost" frame="1" z_index="2" m_a="2.864865" m_b="0.000000" m_c="0.000000" m_d="2.649351" m_tx="3.000000" m_ty="-15.000000"/>
  </frame>
  <frame idx="575" w="239" h="139" x="150.351364" y="43.779228">
   <element name="items" layername="boost" frame="1" z_index="2" m_a="2.864865" m_b="0.000000" m_c="0.000000" m_d="2.649351" m_tx="3.000000" m_ty="-15.000000"/>
  </frame>
  <frame idx="600" w="239" h="139" x="150.351364" y="43.779228">
   <element name="items" layername="boost" frame="1" z_index="2" m_a="2.864865" m_b="0.000000" m_c="0.000000" m_d="2.649351" m_tx="3.000000" m_ty="-15.000000"/>
  </frame>
  <frame idx="625" w="239" h="139" x="150.351364" y="43.779228">
   <element name="items" layername="boost" frame="1" z_index="2" m_a="2.864865" m_b="0.000000" m_c="0.000000" m_d="2.649351" m_tx="3.000000" m_ty="-15.000000"/>
  </frame>
  <frame idx="650" w="239" h="139" x="150.351364" y="43.779228">
   <element name="items" layername="boost" frame="1" z_index="2" m_a="2.864865" m_b="0.000000" m_c="0.000000" m_d="2.649351" m_tx="3.000000" m_ty="-15.000000"/>
  </frame>
  <frame idx="675" w="239" h="139" x="150.351364" y="43.779228">
   <element name="items" layername="boost" frame="1" z_index="2" m_a="2.864865" m_b="0.000000" m_c="0.000000" m_d="2.649351" m_tx="3.000000" m_ty="-15.000000"/>
  </frame>
  <frame idx="700" w="239" h="139" x="150.351364" y="43.779228">
   <element name="items" layername="boost" frame="1" z_index="2" m_a="2.864865" m_b="0.000000" m_c="0.000000" m_d="2.649351" m_tx="3.000000" m_ty="-15.000000"/>
  </frame>
  <frame idx="725" w="239" h="139" x="150.351364" y="43.779228">
   <element name="items" layername="boost" frame="1" z_index="2" m_a="2.864865" m_b="0.000000" m_c="0.000000" m_d="2.649351" m_tx="3.000000" m_ty="-15.000000"/>
  </frame>
  <frame idx="750" w="239" h="139" x="150.351364" y="43.779228">
   <element name="items" layername="boost" frame="1" z_index="2" m_a="2.864865" m_b="0.000000" m_c="0.000000" m_d="2.649351" m_tx="3.000000" m_ty="-15.000000"/>
  </frame>
  <frame idx="775" w="239" h="139" x="150.351364" y="43.779228">
   <element name="items" layername="boost" frame="1" z_index="2" m_a="2.864865" m_b="0.000000" m_c="0.000000" m_d="2.649351" m_tx="3.000000" m_ty="-15.000000"/>
  </frame>
  <frame idx="800" w="239" h="139" x="150.351364" y="43.779228">
   <element name="items" layername="boost" frame="1" z_index="2" m_a="2.864865" m_b="0.000000" m_c="0.000000" m_d="2.649351" m_tx="3.000000" m_ty="-15.000000"/>
  </frame>
  <frame idx="825" w="239" h="139" x="150.351364" y="43.779228">
   <element name="items" layername="boost" frame="1" z_index="2" m_a="2.864865" m_b="0.000000" m_c="0.000000" m_d="2.649351" m_tx="3.000000" m_ty="-15.000000"/>
  </frame>
  <frame idx="850" w="239" h="139" x="150.351364" y="43.779228">
   <element name="items" layername="boost" frame="1" z_index="2" m_a="2.864865" m_b="0.000000" m_c="0.000000" m_d="2.649351" m_tx="3.000000" m_ty="-15.000000"/>
  </frame>
  <frame idx="875" w="239" h="139" x="150.351364" y="43.779228">
   <element name="items" layername="boost" frame="1" z_index="2" m_a="2.864865" m_b="0.000000" m_c="0.000000" m_d="2.649351" m_tx="3.000000" m_ty="-15.000000"/>
  </frame>
  <frame idx="900" w="239" h="139" x="150.351364" y="43.779228">
   <element name="items" layername="boost" frame="1" z_index="2" m_a="2.864865" m_b="0.000000" m_c="0.000000" m_d="2.649351" m_tx="3.000000" m_ty="-15.000000"/>
  </frame>
  <frame idx="925" w="239" h="139" x="150.351364" y="43.779228">
   <element name="items" layername="boost" frame="1" z_index="2" m_a="2.864865" m_b="0.000000" m_c="0.000000" m_d="2.649351" m_tx="3.000000" m_ty="-15.000000"/>
  </frame>
  <frame idx="950" w="239" h="139" x="150.351364" y="43.779228">
   <element name="items" layername="boost" frame="1" z_index="2" m_a="2.864865" m_b="0.000000" m_c="0.000000" m_d="2.649351" m_tx="3.000000" m_ty="-15.000000"/>
  </frame>
  <frame idx="975" w="239" h="139" x="150.351364" y="43.779228">
   <element name="items" layername="boost" frame="1" z_index="2" m_a="2.864865" m_b="0.000000" m_c="0.000000" m_d="2.649351" m_tx="3.000000" m_ty="-15.000000"/>
  </frame>
 </anim>
</Anims>
