<Anims>
 <anim name="idle" root="upgrade_fx" numframes="400" framerate="40">
  <frame idx="0" w="289" h="398" x="-6.000000" y="-72.000000">
   <element name="upgrade" layername="1" frame="0" z_index="1" m_a="1.000000" m_b="0.000000" m_c="0.000000" m_d="1.000000" m_tx="-6.000000" m_ty="-72.000000"/>
  </frame>
  <frame idx="25" w="289" h="398" x="-6.000000" y="-72.000000">
   <element name="upgrade" layername="1" frame="0" z_index="1" m_a="1.000000" m_b="0.000000" m_c="0.000000" m_d="1.000000" m_tx="-6.000000" m_ty="-72.000000"/>
  </frame>
  <frame idx="50" w="289" h="398" x="-6.000000" y="-72.000000">
   <element name="upgrade" layername="1" frame="1" z_index="1" m_a="1.000000" m_b="0.000000" m_c="0.000000" m_d="1.000000" m_tx="-6.000000" m_ty="-72.000000"/>
  </frame>
  <frame idx="75" w="289" h="398" x="-6.000000" y="-72.000000">
   <element name="upgrade" layername="1" frame="1" z_index="1" m_a="1.000000" m_b="0.000000" m_c="0.000000" m_d="1.000000" m_tx="-6.000000" m_ty="-72.000000"/>
  </frame>
  <frame idx="100" w="292" h="404" x="-2.988144" y="-71.134628">
   <element name="upgrade" layername="1" frame="2" z_index="1" m_a="1.020752" m_b="0.000000" m_c="0.000000" m_d="1.020752" m_tx="-5.644444" m_ty="-74.133331"/>
  </frame>
  <frame idx="125" w="295" h="413" x="1.717880" y="-69.782471">
   <element name="upgrade" layername="1" frame="2" z_index="1" m_a="1.053178" m_b="0.000000" m_c="0.000000" m_d="1.053178" m_tx="-5.088889" m_ty="-77.466667"/>
  </frame>
  <frame idx="150" w="295" h="413" x="1.814453" y="-69.754715">
   <element name="upgrade" layername="1" frame="3" z_index="1" m_a="1.053843" m_b="0.000000" m_c="0.000000" m_d="1.053843" m_tx="-5.077491" m_ty="-77.535057"/>
  </frame>
  <frame idx="175" w="295" h="411" x="1.033020" y="-69.979218">
   <element name="upgrade" layername="1" frame="4" z_index="1" m_a="1.048459" m_b="0.000000" m_c="0.000000" m_d="1.048459" m_tx="-5.169742" m_ty="-76.981552"/>
  </frame>
  <frame idx="200" w="294" h="410" x="0.251587" y="-70.203720">
   <element name="upgrade" layername="1" frame="4" z_index="1" m_a="1.043075" m_b="0.000000" m_c="0.000000" m_d="1.043075" m_tx="-5.261992" m_ty="-76.428047"/>
  </frame>
  <frame idx="225" w="294" h="409" x="-0.529861" y="-70.428268">
   <element name="upgrade" layername="1" frame="5" z_index="1" m_a="1.037691" m_b="0.000000" m_c="0.000000" m_d="1.037691" m_tx="-5.354243" m_ty="-75.874535"/>
  </frame>
  <frame idx="250" w="293" h="406" x="-1.311340" y="-70.652832">
   <element name="upgrade" layername="1" frame="5" z_index="1" m_a="1.032306" m_b="0.000000" m_c="0.000000" m_d="1.032306" m_tx="-5.446494" m_ty="-75.321030"/>
  </frame>
  <frame idx="275" w="292" h="405" x="-2.092819" y="-70.877396">
   <element name="upgrade" layername="1" frame="6" z_index="1" m_a="1.026921" m_b="0.000000" m_c="0.000000" m_d="1.026921" m_tx="-5.538745" m_ty="-74.767525"/>
  </frame>
  <frame idx="300" w="292" h="404" x="-2.874283" y="-71.101944">
   <element name="upgrade" layername="1" frame="6" z_index="1" m_a="1.021537" m_b="0.000000" m_c="0.000000" m_d="1.021537" m_tx="-5.630996" m_ty="-74.214020"/>
  </frame>
  <frame idx="325" w="291" h="402" x="-3.655685" y="-71.326431">
   <element name="upgrade" layername="1" frame="7" z_index="1" m_a="1.016153" m_b="0.000000" m_c="0.000000" m_d="1.016153" m_tx="-5.723247" m_ty="-73.660515"/>
  </frame>
  <frame idx="350" w="291" h="401" x="-4.437057" y="-71.550888">
   <element name="upgrade" layername="1" frame="8" z_index="1" m_a="1.010769" m_b="0.000000" m_c="0.000000" m_d="1.010769" m_tx="-5.815498" m_ty="-73.107010"/>
  </frame>
  <frame idx="375" w="290" h="400" x="-5.218536" y="-71.775452">
   <element name="upgrade" layername="1" frame="8" z_index="1" m_a="1.005384" m_b="0.000000" m_c="0.000000" m_d="1.005384" m_tx="-5.907749" m_ty="-72.553505"/>
  </frame>
 </anim>
</Anims>
