<Anims>
 <anim name="idle" root="asa_max_fx" numframes="300" framerate="40">
  <frame idx="0" w="108" h="335" x="2.000000" y="-62.715950">
   <element name="asa_max_fx" layername="max" frame="0" z_index="1" m_a="1.000000" m_b="0.000000" m_c="0.000000" m_d="1.431953" m_tx="2.000000" m_ty="-99.000000"/>
  </frame>
  <frame idx="25" w="108" h="335" x="2.000000" y="-62.715950">
   <element name="asa_max_fx" layername="max" frame="0" z_index="1" m_a="1.000000" m_b="0.000000" m_c="0.000000" m_d="1.431953" m_tx="2.000000" m_ty="-99.000000"/>
  </frame>
  <frame idx="50" w="108" h="335" x="2.000000" y="-62.715950">
   <element name="asa_max_fx" layername="max" frame="1" z_index="1" m_a="1.000000" m_b="0.000000" m_c="0.000000" m_d="1.431953" m_tx="2.000000" m_ty="-99.000000"/>
  </frame>
  <frame idx="75" w="108" h="335" x="2.000000" y="-62.715950">
   <element name="asa_max_fx" layername="max" frame="1" z_index="1" m_a="1.000000" m_b="0.000000" m_c="0.000000" m_d="1.431953" m_tx="2.000000" m_ty="-99.000000"/>
  </frame>
  <frame idx="100" w="108" h="335" x="2.000000" y="-62.715950">
   <element name="asa_max_fx" layername="max" frame="2" z_index="1" m_a="1.000000" m_b="0.000000" m_c="0.000000" m_d="1.431953" m_tx="2.000000" m_ty="-99.000000"/>
  </frame>
  <frame idx="125" w="108" h="335" x="2.000000" y="-62.715950">
   <element name="asa_max_fx" layername="max" frame="2" z_index="1" m_a="1.000000" m_b="0.000000" m_c="0.000000" m_d="1.431953" m_tx="2.000000" m_ty="-99.000000"/>
  </frame>
  <frame idx="150" w="108" h="335" x="2.000000" y="-62.715950">
   <element name="asa_max_fx" layername="max" frame="3" z_index="1" m_a="1.000000" m_b="0.000000" m_c="0.000000" m_d="1.431953" m_tx="2.000000" m_ty="-99.000000"/>
  </frame>
  <frame idx="175" w="108" h="335" x="2.000000" y="-62.715950">
   <element name="asa_max_fx" layername="max" frame="4" z_index="1" m_a="1.000000" m_b="0.000000" m_c="0.000000" m_d="1.431953" m_tx="2.000000" m_ty="-99.000000"/>
  </frame>
  <frame idx="200" w="108" h="335" x="2.000000" y="-62.715950">
   <element name="asa_max_fx" layername="max" frame="4" z_index="1" m_a="1.000000" m_b="0.000000" m_c="0.000000" m_d="1.431953" m_tx="2.000000" m_ty="-99.000000"/>
  </frame>
  <frame idx="225" w="109" h="335" x="-1.124729" y="-87.281654">
   <element name="asa_max_fx" layername="max" frame="5" z_index="1" m_a="0.919937" m_b="0.022679" m_c="-0.031411" m_d="1.274142" m_tx="5.516961" m_ty="-111.443520"/>
  </frame>
  <frame idx="250" w="102" h="335" x="-5.870617" y="-143.990997">
   <element name="asa_max_fx" layername="max" frame="5" z_index="1" m_a="0.736488" m_b="0.059538" m_c="-0.073870" m_d="0.913766" m_tx="13.510054" m_ty="-139.724258"/>
  </frame>
  <frame idx="275" w="84" h="334" x="-7.276390" y="-201.691223">
   <element name="asa_max_fx" layername="max" frame="5" z_index="1" m_a="0.552364" m_b="0.075973" m_c="-0.076163" m_d="0.553752" m_tx="21.503147" m_ty="-168.004990"/>
  </frame>
 </anim>
</Anims>
