<Anims>
 <anim name="idle" root="zan_label" numframes="1400" framerate="40">
  <frame idx="0" w="502" h="1083" x="194.369781" y="-72.933197">
   <element name="zan_label" layername="labe" frame="0" z_index="4" m_a="1.983322" m_b="0.000000" m_c="0.000000" m_d="2.107652" m_tx="-2.773585" m_ty="-400.000000"/>
   <element name="zan_label" layername="label4" frame="3" z_index="3" m_a="2.486889" m_b="0.000000" m_c="0.000000" m_d="2.909829" m_tx="10.869565" m_ty="-234.782608"/>
  </frame>
  <frame idx="25" w="502" h="1083" x="194.369781" y="-72.933197">
   <element name="zan_label" layername="labe" frame="0" z_index="4" m_a="1.928956" m_b="0.000000" m_c="0.000000" m_d="2.047709" m_tx="-2.773585" m_ty="-400.000000"/>
   <element name="zan_label" layername="label4" frame="3" z_index="3" m_a="2.486889" m_b="0.000000" m_c="0.000000" m_d="2.909829" m_tx="10.869565" m_ty="-234.782608"/>
  </frame>
  <frame idx="50" w="502" h="1083" x="194.369781" y="-72.933197">
   <element name="zan_label" layername="labe" frame="0" z_index="4" m_a="1.874590" m_b="0.000000" m_c="0.000000" m_d="1.987765" m_tx="-2.773585" m_ty="-400.000000"/>
   <element name="zan_label" layername="label4" frame="3" z_index="3" m_a="2.486889" m_b="0.000000" m_c="0.000000" m_d="2.909829" m_tx="10.869565" m_ty="-234.782608"/>
  </frame>
  <frame idx="75" w="502" h="1083" x="194.369781" y="-72.933197">
   <element name="zan_label" layername="labe" frame="0" z_index="4" m_a="1.820224" m_b="0.000000" m_c="0.000000" m_d="1.927822" m_tx="-2.773585" m_ty="-400.000000"/>
   <element name="zan_label" layername="label4" frame="3" z_index="3" m_a="2.486889" m_b="0.000000" m_c="0.000000" m_d="2.909829" m_tx="10.869565" m_ty="-234.782608"/>
  </frame>
  <frame idx="100" w="502" h="1083" x="194.369781" y="-72.933197">
   <element name="zan_label" layername="labe" frame="1" z_index="4" m_a="1.766073" m_b="0.000000" m_c="0.000000" m_d="1.868115" m_tx="-2.773585" m_ty="-400.000000"/>
   <element name="zan_label" layername="label4" frame="3" z_index="3" m_a="2.486889" m_b="0.000000" m_c="0.000000" m_d="2.909829" m_tx="10.869565" m_ty="-234.782608"/>
  </frame>
  <frame idx="125" w="502" h="1083" x="194.369781" y="-72.933197">
   <element name="zan_label" layername="labe" frame="1" z_index="4" m_a="1.712004" m_b="0.000000" m_c="0.000000" m_d="1.808500" m_tx="-2.773585" m_ty="-400.000000"/>
   <element name="zan_label" layername="label4" frame="3" z_index="3" m_a="2.486889" m_b="0.000000" m_c="0.000000" m_d="2.909829" m_tx="10.869565" m_ty="-234.782608"/>
  </frame>
  <frame idx="150" w="502" h="1083" x="194.369781" y="-72.933197">
   <element name="zan_label" layername="labe" frame="1" z_index="4" m_a="1.657936" m_b="0.000000" m_c="0.000000" m_d="1.748885" m_tx="-2.773585" m_ty="-400.000000"/>
   <element name="zan_label" layername="label4" frame="3" z_index="3" m_a="2.486889" m_b="0.000000" m_c="0.000000" m_d="2.909829" m_tx="10.869565" m_ty="-234.782608"/>
  </frame>
  <frame idx="175" w="502" h="1083" x="194.369781" y="-72.933197">
   <element name="zan_label" layername="labe" frame="0" z_index="4" m_a="1.603902" m_b="0.000000" m_c="0.000000" m_d="1.689308" m_tx="-2.773585" m_ty="-400.000000"/>
   <element name="zan_label" layername="label4" frame="3" z_index="3" m_a="2.486889" m_b="0.000000" m_c="0.000000" m_d="2.909829" m_tx="10.869565" m_ty="-234.782608"/>
  </frame>
  <frame idx="200" w="502" h="1083" x="194.369781" y="-72.933197">
   <element name="zan_label" layername="labe" frame="0" z_index="4" m_a="1.549874" m_b="0.000000" m_c="0.000000" m_d="1.629738" m_tx="-2.773585" m_ty="-400.000000"/>
   <element name="zan_label" layername="label4" frame="3" z_index="3" m_a="2.486889" m_b="0.000000" m_c="0.000000" m_d="2.909829" m_tx="10.869565" m_ty="-234.782608"/>
  </frame>
  <frame idx="225" w="502" h="1083" x="194.369781" y="-72.933197">
   <element name="zan_label" layername="labe" frame="0" z_index="4" m_a="1.495847" m_b="0.000000" m_c="0.000000" m_d="1.570168" m_tx="-2.773585" m_ty="-400.000000"/>
   <element name="zan_label" layername="label4" frame="3" z_index="3" m_a="2.486889" m_b="0.000000" m_c="0.000000" m_d="2.909829" m_tx="10.869565" m_ty="-234.782608"/>
  </frame>
  <frame idx="250" w="502" h="1083" x="194.369781" y="-72.933197">
   <element name="zan_label" layername="labe" frame="0" z_index="4" m_a="1.441819" m_b="0.000000" m_c="0.000000" m_d="1.510598" m_tx="-2.773585" m_ty="-400.000000"/>
   <element name="zan_label" layername="label4" frame="3" z_index="3" m_a="2.486889" m_b="0.000000" m_c="0.000000" m_d="2.909829" m_tx="10.869565" m_ty="-234.782608"/>
  </frame>
  <frame idx="275" w="502" h="1083" x="194.369781" y="-72.933197">
   <element name="zan_label" layername="labe" frame="0" z_index="4" m_a="1.387792" m_b="0.000000" m_c="0.000000" m_d="1.451027" m_tx="-2.773585" m_ty="-400.000000"/>
   <element name="zan_label" layername="label4" frame="3" z_index="3" m_a="2.486889" m_b="0.000000" m_c="0.000000" m_d="2.909829" m_tx="10.869565" m_ty="-234.782608"/>
  </frame>
  <frame idx="300" w="502" h="1083" x="194.369781" y="-72.933197">
   <element name="zan_label" layername="labe" frame="1" z_index="4" m_a="1.334069" m_b="0.000000" m_c="0.000000" m_d="1.391793" m_tx="-2.773585" m_ty="-400.000000"/>
   <element name="zan_label" layername="label4" frame="3" z_index="3" m_a="2.486889" m_b="0.000000" m_c="0.000000" m_d="2.909829" m_tx="10.869565" m_ty="-234.782608"/>
  </frame>
  <frame idx="325" w="502" h="1083" x="194.369781" y="-72.933197">
   <element name="zan_label" layername="labe" frame="1" z_index="4" m_a="1.280489" m_b="0.000000" m_c="0.000000" m_d="1.332717" m_tx="-2.773585" m_ty="-400.000000"/>
   <element name="zan_label" layername="label4" frame="3" z_index="3" m_a="2.486889" m_b="0.000000" m_c="0.000000" m_d="2.909829" m_tx="10.869565" m_ty="-234.782608"/>
  </frame>
  <frame idx="350" w="502" h="1083" x="194.369781" y="-72.933197">
   <element name="zan_label" layername="labe" frame="1" z_index="4" m_a="1.226909" m_b="0.000000" m_c="0.000000" m_d="1.273640" m_tx="-2.773585" m_ty="-400.000000"/>
   <element name="zan_label" layername="label4" frame="3" z_index="3" m_a="2.486889" m_b="0.000000" m_c="0.000000" m_d="2.909829" m_tx="10.869565" m_ty="-234.782608"/>
  </frame>
  <frame idx="375" w="502" h="1083" x="194.369781" y="-72.933197">
   <element name="zan_label" layername="labe" frame="0" z_index="4" m_a="1.173071" m_b="0.000000" m_c="0.000000" m_d="1.214279" m_tx="-2.773585" m_ty="-400.000000"/>
   <element name="zan_label" layername="label4" frame="3" z_index="3" m_a="2.486889" m_b="0.000000" m_c="0.000000" m_d="2.909829" m_tx="10.869565" m_ty="-234.782608"/>
  </frame>
  <frame idx="400" w="502" h="1083" x="194.369781" y="-72.933197">
   <element name="zan_label" layername="labe" frame="0" z_index="4" m_a="1.119112" m_b="0.000000" m_c="0.000000" m_d="1.154785" m_tx="-2.773585" m_ty="-400.000000"/>
   <element name="zan_label" layername="label4" frame="3" z_index="3" m_a="2.486889" m_b="0.000000" m_c="0.000000" m_d="2.909829" m_tx="10.869565" m_ty="-234.782608"/>
  </frame>
  <frame idx="425" w="502" h="1083" x="194.369781" y="-72.933197">
   <element name="zan_label" layername="labe" frame="2" z_index="4" m_a="1.070946" m_b="0.000000" m_c="0.000000" m_d="1.101636" m_tx="-2.773585" m_ty="-400.000000"/>
   <element name="zan_label" layername="label4" frame="3" z_index="3" m_a="2.486889" m_b="0.000000" m_c="0.000000" m_d="2.909829" m_tx="10.869565" m_ty="-234.782608"/>
  </frame>
  <frame idx="450" w="502" h="1083" x="194.369781" y="-72.933197">
   <element name="zan_label" layername="labe" frame="2" z_index="4" m_a="1.065258" m_b="0.000000" m_c="0.000000" m_d="1.095030" m_tx="-2.773585" m_ty="-400.000000"/>
   <element name="zan_label" layername="label4" frame="3" z_index="3" m_a="2.486889" m_b="0.000000" m_c="0.000000" m_d="2.909829" m_tx="10.869565" m_ty="-234.782608"/>
  </frame>
  <frame idx="475" w="502" h="1083" x="194.369781" y="-72.933197">
   <element name="zan_label" layername="labe" frame="2" z_index="4" m_a="1.059570" m_b="0.000000" m_c="0.000000" m_d="1.088424" m_tx="-2.773585" m_ty="-400.000000"/>
   <element name="zan_label" layername="label4" frame="3" z_index="3" m_a="2.486889" m_b="0.000000" m_c="0.000000" m_d="2.909829" m_tx="10.869565" m_ty="-234.782608"/>
  </frame>
  <frame idx="500" w="502" h="1083" x="194.369781" y="-72.933197">
   <element name="zan_label" layername="labe" frame="2" z_index="4" m_a="1.053882" m_b="0.000000" m_c="0.000000" m_d="1.081818" m_tx="-2.773585" m_ty="-400.000000"/>
   <element name="zan_label" layername="label4" frame="3" z_index="3" m_a="2.486889" m_b="0.000000" m_c="0.000000" m_d="2.909829" m_tx="10.869565" m_ty="-234.782608"/>
  </frame>
  <frame idx="525" w="502" h="1083" x="194.369781" y="-72.933197">
   <element name="zan_label" layername="labe" frame="2" z_index="4" m_a="1.048195" m_b="0.000000" m_c="0.000000" m_d="1.075212" m_tx="-2.773585" m_ty="-400.000000"/>
   <element name="zan_label" layername="label4" frame="3" z_index="3" m_a="2.486889" m_b="0.000000" m_c="0.000000" m_d="2.909829" m_tx="10.869565" m_ty="-234.782608"/>
  </frame>
  <frame idx="550" w="502" h="1083" x="194.369781" y="-72.933197">
   <element name="zan_label" layername="labe" frame="2" z_index="4" m_a="1.042507" m_b="0.000000" m_c="0.000000" m_d="1.068606" m_tx="-2.773585" m_ty="-400.000000"/>
   <element name="zan_label" layername="label4" frame="3" z_index="3" m_a="2.486889" m_b="0.000000" m_c="0.000000" m_d="2.909829" m_tx="10.869565" m_ty="-234.782608"/>
  </frame>
  <frame idx="575" w="502" h="1083" x="194.369781" y="-72.933197">
   <element name="zan_label" layername="labe" frame="2" z_index="4" m_a="1.036819" m_b="0.000000" m_c="0.000000" m_d="1.062001" m_tx="-2.773585" m_ty="-400.000000"/>
   <element name="zan_label" layername="label4" frame="3" z_index="3" m_a="2.486889" m_b="0.000000" m_c="0.000000" m_d="2.909829" m_tx="10.869565" m_ty="-234.782608"/>
  </frame>
  <frame idx="600" w="502" h="1083" x="194.369781" y="-72.933197">
   <element name="zan_label" layername="labe" frame="2" z_index="4" m_a="1.031132" m_b="0.000000" m_c="0.000000" m_d="1.055395" m_tx="-2.773585" m_ty="-400.000000"/>
   <element name="zan_label" layername="label4" frame="3" z_index="3" m_a="2.486889" m_b="0.000000" m_c="0.000000" m_d="2.909829" m_tx="10.869565" m_ty="-234.782608"/>
  </frame>
  <frame idx="625" w="502" h="1083" x="194.369781" y="-72.933197">
   <element name="zan_label" layername="labe" frame="2" z_index="4" m_a="1.025444" m_b="0.000000" m_c="0.000000" m_d="1.048789" m_tx="-2.773585" m_ty="-400.000000"/>
   <element name="zan_label" layername="label4" frame="3" z_index="3" m_a="2.486889" m_b="0.000000" m_c="0.000000" m_d="2.909829" m_tx="10.869565" m_ty="-234.782608"/>
  </frame>
  <frame idx="650" w="502" h="1083" x="194.369781" y="-72.933197">
   <element name="zan_label" layername="labe" frame="2" z_index="4" m_a="1.019756" m_b="0.000000" m_c="0.000000" m_d="1.042183" m_tx="-2.773585" m_ty="-400.000000"/>
   <element name="zan_label" layername="label4" frame="3" z_index="3" m_a="2.486889" m_b="0.000000" m_c="0.000000" m_d="2.909829" m_tx="10.869565" m_ty="-234.782608"/>
  </frame>
  <frame idx="675" w="502" h="1083" x="194.369781" y="-72.933197">
   <element name="zan_label" layername="labe" frame="2" z_index="4" m_a="1.014069" m_b="0.000000" m_c="0.000000" m_d="1.035577" m_tx="-2.773585" m_ty="-400.000000"/>
   <element name="zan_label" layername="label4" frame="3" z_index="3" m_a="2.486889" m_b="0.000000" m_c="0.000000" m_d="2.909829" m_tx="10.869565" m_ty="-234.782608"/>
  </frame>
  <frame idx="700" w="502" h="1083" x="194.369781" y="-72.933197">
   <element name="zan_label" layername="labe" frame="1" z_index="4" m_a="1.008373" m_b="0.000000" m_c="0.000000" m_d="1.028962" m_tx="-2.773585" m_ty="-400.000000"/>
   <element name="zan_label" layername="label4" frame="3" z_index="3" m_a="2.486889" m_b="0.000000" m_c="0.000000" m_d="2.909829" m_tx="10.869565" m_ty="-234.782608"/>
  </frame>
  <frame idx="725" w="502" h="1083" x="194.369781" y="-72.933197">
   <element name="zan_label" layername="labe" frame="1" z_index="4" m_a="1.002590" m_b="0.000000" m_c="0.000000" m_d="1.022244" m_tx="-2.773585" m_ty="-400.000000"/>
   <element name="zan_label" layername="label4" frame="3" z_index="3" m_a="2.486889" m_b="0.000000" m_c="0.000000" m_d="2.909829" m_tx="10.869565" m_ty="-234.782608"/>
  </frame>
  <frame idx="750" w="502" h="1083" x="194.369781" y="-72.933197">
   <element name="zan_label" layername="labe" frame="2" z_index="4" m_a="0.996830" m_b="0.000000" m_c="0.000000" m_d="1.015554" m_tx="-2.773585" m_ty="-400.000000"/>
   <element name="zan_label" layername="label4" frame="3" z_index="3" m_a="2.486889" m_b="0.000000" m_c="0.000000" m_d="2.909829" m_tx="10.869565" m_ty="-234.782608"/>
  </frame>
  <frame idx="775" w="502" h="1083" x="194.369781" y="-72.933197">
   <element name="zan_label" layername="labe" frame="2" z_index="4" m_a="0.991148" m_b="0.000000" m_c="0.000000" m_d="1.008955" m_tx="-2.773585" m_ty="-400.000000"/>
   <element name="zan_label" layername="label4" frame="3" z_index="3" m_a="2.486889" m_b="0.000000" m_c="0.000000" m_d="2.909829" m_tx="10.869565" m_ty="-234.782608"/>
  </frame>
  <frame idx="800" w="502" h="1083" x="194.369781" y="-72.933197">
   <element name="zan_label" layername="labe" frame="2" z_index="4" m_a="0.985466" m_b="0.000000" m_c="0.000000" m_d="1.002355" m_tx="-2.773585" m_ty="-400.000000"/>
   <element name="zan_label" layername="label4" frame="3" z_index="3" m_a="2.486889" m_b="0.000000" m_c="0.000000" m_d="2.909829" m_tx="10.869565" m_ty="-234.782608"/>
  </frame>
  <frame idx="825" w="502" h="1083" x="194.369781" y="-72.933197">
   <element name="zan_label" layername="labe" frame="2" z_index="4" m_a="0.979783" m_b="0.000000" m_c="0.000000" m_d="0.995755" m_tx="-2.773585" m_ty="-400.000000"/>
   <element name="zan_label" layername="label4" frame="3" z_index="3" m_a="2.486889" m_b="0.000000" m_c="0.000000" m_d="2.909829" m_tx="10.869565" m_ty="-234.782608"/>
  </frame>
  <frame idx="850" w="502" h="1083" x="194.369781" y="-72.933197">
   <element name="zan_label" layername="labe" frame="2" z_index="4" m_a="0.974101" m_b="0.000000" m_c="0.000000" m_d="0.989156" m_tx="-2.773585" m_ty="-400.000000"/>
   <element name="zan_label" layername="label4" frame="3" z_index="3" m_a="2.486889" m_b="0.000000" m_c="0.000000" m_d="2.909829" m_tx="10.869565" m_ty="-234.782608"/>
  </frame>
  <frame idx="875" w="502" h="1083" x="194.369781" y="-72.933197">
   <element name="zan_label" layername="labe" frame="2" z_index="4" m_a="0.968419" m_b="0.000000" m_c="0.000000" m_d="0.982556" m_tx="-2.773585" m_ty="-400.000000"/>
   <element name="zan_label" layername="label4" frame="3" z_index="3" m_a="2.486889" m_b="0.000000" m_c="0.000000" m_d="2.909829" m_tx="10.869565" m_ty="-234.782608"/>
  </frame>
  <frame idx="900" w="502" h="1083" x="194.369781" y="-72.933197">
   <element name="zan_label" layername="labe" frame="2" z_index="4" m_a="0.962737" m_b="0.000000" m_c="0.000000" m_d="0.975956" m_tx="-2.773585" m_ty="-400.000000"/>
   <element name="zan_label" layername="label4" frame="3" z_index="3" m_a="2.486889" m_b="0.000000" m_c="0.000000" m_d="2.909829" m_tx="10.869565" m_ty="-234.782608"/>
  </frame>
  <frame idx="925" w="502" h="1083" x="194.369781" y="-72.933197">
   <element name="zan_label" layername="labe" frame="2" z_index="4" m_a="0.957054" m_b="0.000000" m_c="0.000000" m_d="0.969357" m_tx="-2.773585" m_ty="-400.000000"/>
   <element name="zan_label" layername="label4" frame="3" z_index="3" m_a="2.486889" m_b="0.000000" m_c="0.000000" m_d="2.909829" m_tx="10.869565" m_ty="-234.782608"/>
  </frame>
  <frame idx="950" w="502" h="1083" x="194.369781" y="-72.933197">
   <element name="zan_label" layername="labe" frame="2" z_index="4" m_a="0.951372" m_b="0.000000" m_c="0.000000" m_d="0.962757" m_tx="-2.773585" m_ty="-400.000000"/>
   <element name="zan_label" layername="label4" frame="3" z_index="3" m_a="2.486889" m_b="0.000000" m_c="0.000000" m_d="2.909829" m_tx="10.869565" m_ty="-234.782608"/>
  </frame>
  <frame idx="975" w="502" h="1083" x="194.369781" y="-72.933197">
   <element name="zan_label" layername="labe" frame="2" z_index="4" m_a="0.945690" m_b="0.000000" m_c="0.000000" m_d="0.956158" m_tx="-2.773585" m_ty="-400.000000"/>
   <element name="zan_label" layername="label4" frame="3" z_index="3" m_a="2.486889" m_b="0.000000" m_c="0.000000" m_d="2.909829" m_tx="10.869565" m_ty="-234.782608"/>
  </frame>
  <frame idx="1000" w="502" h="1083" x="194.369781" y="-72.933197">
   <element name="zan_label" layername="labe" frame="1" z_index="4" m_a="0.939995" m_b="0.000000" m_c="0.000000" m_d="0.949543" m_tx="-2.773585" m_ty="-400.000000"/>
   <element name="zan_label" layername="label4" frame="3" z_index="3" m_a="2.486889" m_b="0.000000" m_c="0.000000" m_d="2.909829" m_tx="10.869565" m_ty="-234.782608"/>
  </frame>
  <frame idx="1025" w="502" h="1083" x="194.369781" y="-72.933197">
   <element name="zan_label" layername="labe" frame="1" z_index="4" m_a="0.934277" m_b="0.000000" m_c="0.000000" m_d="0.942902" m_tx="-2.773585" m_ty="-400.000000"/>
   <element name="zan_label" layername="label4" frame="3" z_index="3" m_a="2.486889" m_b="0.000000" m_c="0.000000" m_d="2.909829" m_tx="10.869565" m_ty="-234.782608"/>
  </frame>
  <frame idx="1050" w="502" h="1083" x="194.369781" y="-72.933197">
   <element name="zan_label" layername="labe" frame="2" z_index="4" m_a="0.928562" m_b="0.000000" m_c="0.000000" m_d="0.936264" m_tx="-2.773585" m_ty="-400.000000"/>
   <element name="zan_label" layername="label4" frame="3" z_index="3" m_a="2.486889" m_b="0.000000" m_c="0.000000" m_d="2.909829" m_tx="10.869565" m_ty="-234.782608"/>
  </frame>
  <frame idx="1075" w="502" h="1083" x="194.369781" y="-72.933197">
   <element name="zan_label" layername="labe" frame="2" z_index="4" m_a="0.922883" m_b="0.000000" m_c="0.000000" m_d="0.929668" m_tx="-2.773585" m_ty="-400.000000"/>
   <element name="zan_label" layername="label4" frame="3" z_index="3" m_a="2.486889" m_b="0.000000" m_c="0.000000" m_d="2.909829" m_tx="10.869565" m_ty="-234.782608"/>
  </frame>
  <frame idx="1100" w="502" h="1083" x="194.369781" y="-72.933197">
   <element name="zan_label" layername="labe" frame="2" z_index="4" m_a="0.917204" m_b="0.000000" m_c="0.000000" m_d="0.923072" m_tx="-2.773585" m_ty="-400.000000"/>
   <element name="zan_label" layername="label4" frame="3" z_index="3" m_a="2.486889" m_b="0.000000" m_c="0.000000" m_d="2.909829" m_tx="10.869565" m_ty="-234.782608"/>
  </frame>
  <frame idx="1125" w="502" h="1083" x="194.369781" y="-72.933197">
   <element name="zan_label" layername="labe" frame="2" z_index="4" m_a="0.911525" m_b="0.000000" m_c="0.000000" m_d="0.916476" m_tx="-2.773585" m_ty="-400.000000"/>
   <element name="zan_label" layername="label4" frame="3" z_index="3" m_a="2.486889" m_b="0.000000" m_c="0.000000" m_d="2.909829" m_tx="10.869565" m_ty="-234.782608"/>
  </frame>
  <frame idx="1150" w="502" h="1083" x="194.369781" y="-72.933197">
   <element name="zan_label" layername="labe" frame="2" z_index="4" m_a="0.905846" m_b="0.000000" m_c="0.000000" m_d="0.909880" m_tx="-2.773585" m_ty="-400.000000"/>
   <element name="zan_label" layername="label4" frame="3" z_index="3" m_a="2.486889" m_b="0.000000" m_c="0.000000" m_d="2.909829" m_tx="10.869565" m_ty="-234.782608"/>
  </frame>
  <frame idx="1175" w="502" h="1083" x="194.369781" y="-72.933197">
   <element name="zan_label" layername="labe" frame="2" z_index="4" m_a="0.900167" m_b="0.000000" m_c="0.000000" m_d="0.903284" m_tx="-2.773585" m_ty="-400.000000"/>
   <element name="zan_label" layername="label4" frame="3" z_index="3" m_a="2.486889" m_b="0.000000" m_c="0.000000" m_d="2.909829" m_tx="10.869565" m_ty="-234.782608"/>
  </frame>
  <frame idx="1200" w="502" h="1083" x="194.369781" y="-72.933197">
   <element name="zan_label" layername="labe" frame="2" z_index="4" m_a="0.894488" m_b="0.000000" m_c="0.000000" m_d="0.896688" m_tx="-2.773585" m_ty="-400.000000"/>
   <element name="zan_label" layername="label4" frame="3" z_index="3" m_a="2.486889" m_b="0.000000" m_c="0.000000" m_d="2.909829" m_tx="10.869565" m_ty="-234.782608"/>
  </frame>
  <frame idx="1225" w="502" h="1083" x="194.369781" y="-72.933197">
   <element name="zan_label" layername="labe" frame="2" z_index="4" m_a="0.888809" m_b="0.000000" m_c="0.000000" m_d="0.890092" m_tx="-2.773585" m_ty="-400.000000"/>
   <element name="zan_label" layername="label4" frame="3" z_index="3" m_a="2.486889" m_b="0.000000" m_c="0.000000" m_d="2.909829" m_tx="10.869565" m_ty="-234.782608"/>
  </frame>
  <frame idx="1250" w="502" h="1083" x="194.369781" y="-72.933197">
   <element name="zan_label" layername="labe" frame="2" z_index="4" m_a="0.883130" m_b="0.000000" m_c="0.000000" m_d="0.883496" m_tx="-2.773585" m_ty="-400.000000"/>
   <element name="zan_label" layername="label4" frame="3" z_index="3" m_a="2.486889" m_b="0.000000" m_c="0.000000" m_d="2.909829" m_tx="10.869565" m_ty="-234.782608"/>
  </frame>
  <frame idx="1275" w="502" h="1083" x="194.369781" y="-72.933197">
   <element name="zan_label" layername="labe" frame="0" z_index="4" m_a="0.934707" m_b="0.000000" m_c="0.000000" m_d="0.786587" m_tx="-2.773585" m_ty="-400.000000"/>
   <element name="zan_label" layername="label4" frame="3" z_index="3" m_a="2.486889" m_b="0.000000" m_c="0.000000" m_d="2.909829" m_tx="10.869565" m_ty="-234.782608"/>
  </frame>
  <frame idx="1300" w="502" h="1083" x="194.369781" y="-72.933197">
   <element name="zan_label" layername="labe" frame="0" z_index="4" m_a="1.024456" m_b="0.000000" m_c="0.000000" m_d="0.629470" m_tx="-2.773585" m_ty="-400.000000"/>
   <element name="zan_label" layername="label4" frame="3" z_index="3" m_a="2.486889" m_b="0.000000" m_c="0.000000" m_d="2.909829" m_tx="10.869565" m_ty="-234.782608"/>
  </frame>
  <frame idx="1325" w="502" h="1083" x="194.369781" y="-72.933197">
   <element name="zan_label" layername="labe" frame="0" z_index="4" m_a="1.114204" m_b="0.000000" m_c="0.000000" m_d="0.472353" m_tx="-2.773585" m_ty="-400.000000"/>
   <element name="zan_label" layername="label4" frame="3" z_index="3" m_a="2.486889" m_b="0.000000" m_c="0.000000" m_d="2.909829" m_tx="10.869565" m_ty="-234.782608"/>
  </frame>
  <frame idx="1350" w="502" h="1083" x="194.369781" y="-72.933197">
   <element name="zan_label" layername="labe" frame="0" z_index="4" m_a="1.203953" m_b="0.000000" m_c="0.000000" m_d="0.315235" m_tx="-2.773585" m_ty="-400.000000"/>
   <element name="zan_label" layername="label4" frame="3" z_index="3" m_a="2.486889" m_b="0.000000" m_c="0.000000" m_d="2.909829" m_tx="10.869565" m_ty="-234.782608"/>
  </frame>
  <frame idx="1375" w="502" h="1083" x="194.369781" y="-72.933197">
   <element name="zan_label" layername="labe" frame="0" z_index="4" m_a="1.293701" m_b="0.000000" m_c="0.000000" m_d="0.158117" m_tx="-2.773585" m_ty="-400.000000"/>
   <element name="zan_label" layername="label4" frame="3" z_index="3" m_a="2.486889" m_b="0.000000" m_c="0.000000" m_d="2.909829" m_tx="10.869565" m_ty="-234.782608"/>
  </frame>
 </anim>
 <anim name="idle_short" root="zan_label" numframes="1100" framerate="40">
  <frame idx="0" w="502" h="1083" x="194.369781" y="-72.933197">
   <element name="zan_label" layername="labe" frame="0" z_index="4" m_a="1.983322" m_b="0.000000" m_c="0.000000" m_d="2.107652" m_tx="-2.773585" m_ty="-400.000000"/>
   <element name="zan_label" layername="label4" frame="3" z_index="3" m_a="2.486889" m_b="0.000000" m_c="0.000000" m_d="2.909829" m_tx="10.869565" m_ty="-234.782608"/>
  </frame>
  <frame idx="25" w="502" h="1083" x="194.369781" y="-72.933197">
   <element name="zan_label" layername="labe" frame="0" z_index="4" m_a="1.914737" m_b="0.000000" m_c="0.000000" m_d="2.032031" m_tx="-2.773585" m_ty="-400.000000"/>
   <element name="zan_label" layername="label4" frame="3" z_index="3" m_a="2.486889" m_b="0.000000" m_c="0.000000" m_d="2.909829" m_tx="10.869565" m_ty="-234.782608"/>
  </frame>
  <frame idx="50" w="502" h="1083" x="194.369781" y="-72.933197">
   <element name="zan_label" layername="labe" frame="0" z_index="4" m_a="1.846153" m_b="0.000000" m_c="0.000000" m_d="1.956411" m_tx="-2.773585" m_ty="-400.000000"/>
   <element name="zan_label" layername="label4" frame="3" z_index="3" m_a="2.486889" m_b="0.000000" m_c="0.000000" m_d="2.909829" m_tx="10.869565" m_ty="-234.782608"/>
  </frame>
  <frame idx="75" w="502" h="1083" x="194.369781" y="-72.933197">
   <element name="zan_label" layername="labe" frame="1" z_index="4" m_a="1.777195" m_b="0.000000" m_c="0.000000" m_d="1.880379" m_tx="-2.773585" m_ty="-400.000000"/>
   <element name="zan_label" layername="label4" frame="3" z_index="3" m_a="2.486889" m_b="0.000000" m_c="0.000000" m_d="2.909829" m_tx="10.869565" m_ty="-234.782608"/>
  </frame>
  <frame idx="100" w="502" h="1083" x="194.369781" y="-72.933197">
   <element name="zan_label" layername="labe" frame="1" z_index="4" m_a="1.707679" m_b="0.000000" m_c="0.000000" m_d="1.803731" m_tx="-2.773585" m_ty="-400.000000"/>
   <element name="zan_label" layername="label4" frame="3" z_index="3" m_a="2.486889" m_b="0.000000" m_c="0.000000" m_d="2.909829" m_tx="10.869565" m_ty="-234.782608"/>
  </frame>
  <frame idx="125" w="502" h="1083" x="194.369781" y="-72.933197">
   <element name="zan_label" layername="labe" frame="0" z_index="4" m_a="1.638352" m_b="0.000000" m_c="0.000000" m_d="1.727293" m_tx="-2.773585" m_ty="-400.000000"/>
   <element name="zan_label" layername="label4" frame="3" z_index="3" m_a="2.486889" m_b="0.000000" m_c="0.000000" m_d="2.909829" m_tx="10.869565" m_ty="-234.782608"/>
  </frame>
  <frame idx="150" w="502" h="1083" x="194.369781" y="-72.933197">
   <element name="zan_label" layername="labe" frame="0" z_index="4" m_a="1.570023" m_b="0.000000" m_c="0.000000" m_d="1.651954" m_tx="-2.773585" m_ty="-400.000000"/>
   <element name="zan_label" layername="label4" frame="3" z_index="3" m_a="2.486889" m_b="0.000000" m_c="0.000000" m_d="2.909829" m_tx="10.869565" m_ty="-234.782608"/>
  </frame>
  <frame idx="175" w="502" h="1083" x="194.369781" y="-72.933197">
   <element name="zan_label" layername="labe" frame="0" z_index="4" m_a="1.501694" m_b="0.000000" m_c="0.000000" m_d="1.576615" m_tx="-2.773585" m_ty="-400.000000"/>
   <element name="zan_label" layername="label4" frame="3" z_index="3" m_a="2.486889" m_b="0.000000" m_c="0.000000" m_d="2.909829" m_tx="10.869565" m_ty="-234.782608"/>
  </frame>
  <frame idx="200" w="502" h="1083" x="194.369781" y="-72.933197">
   <element name="zan_label" layername="labe" frame="0" z_index="4" m_a="1.433366" m_b="0.000000" m_c="0.000000" m_d="1.501277" m_tx="-2.773585" m_ty="-400.000000"/>
   <element name="zan_label" layername="label4" frame="3" z_index="3" m_a="2.486889" m_b="0.000000" m_c="0.000000" m_d="2.909829" m_tx="10.869565" m_ty="-234.782608"/>
  </frame>
  <frame idx="225" w="502" h="1083" x="194.369781" y="-72.933197">
   <element name="zan_label" layername="labe" frame="1" z_index="4" m_a="1.365054" m_b="0.000000" m_c="0.000000" m_d="1.425957" m_tx="-2.773585" m_ty="-400.000000"/>
   <element name="zan_label" layername="label4" frame="3" z_index="3" m_a="2.486889" m_b="0.000000" m_c="0.000000" m_d="2.909829" m_tx="10.869565" m_ty="-234.782608"/>
  </frame>
  <frame idx="250" w="502" h="1083" x="194.369781" y="-72.933197">
   <element name="zan_label" layername="labe" frame="1" z_index="4" m_a="1.296944" m_b="0.000000" m_c="0.000000" m_d="1.350860" m_tx="-2.773585" m_ty="-400.000000"/>
   <element name="zan_label" layername="label4" frame="3" z_index="3" m_a="2.486889" m_b="0.000000" m_c="0.000000" m_d="2.909829" m_tx="10.869565" m_ty="-234.782608"/>
  </frame>
  <frame idx="275" w="502" h="1083" x="194.369781" y="-72.933197">
   <element name="zan_label" layername="labe" frame="1" z_index="4" m_a="1.228834" m_b="0.000000" m_c="0.000000" m_d="1.275763" m_tx="-2.773585" m_ty="-400.000000"/>
   <element name="zan_label" layername="label4" frame="3" z_index="3" m_a="2.486889" m_b="0.000000" m_c="0.000000" m_d="2.909829" m_tx="10.869565" m_ty="-234.782608"/>
  </frame>
  <frame idx="300" w="502" h="1083" x="194.369781" y="-72.933197">
   <element name="zan_label" layername="labe" frame="0" z_index="4" m_a="1.160034" m_b="0.000000" m_c="0.000000" m_d="1.199905" m_tx="-2.773585" m_ty="-400.000000"/>
   <element name="zan_label" layername="label4" frame="3" z_index="3" m_a="2.486889" m_b="0.000000" m_c="0.000000" m_d="2.909829" m_tx="10.869565" m_ty="-234.782608"/>
  </frame>
  <frame idx="325" w="502" h="1083" x="194.369781" y="-72.933197">
   <element name="zan_label" layername="labe" frame="0" z_index="4" m_a="1.090967" m_b="0.000000" m_c="0.000000" m_d="1.123752" m_tx="-2.773585" m_ty="-400.000000"/>
   <element name="zan_label" layername="label4" frame="3" z_index="3" m_a="2.486889" m_b="0.000000" m_c="0.000000" m_d="2.909829" m_tx="10.869565" m_ty="-234.782608"/>
  </frame>
  <frame idx="350" w="502" h="1083" x="194.369781" y="-72.933197">
   <element name="zan_label" layername="labe" frame="2" z_index="4" m_a="1.066419" m_b="0.000000" m_c="0.000000" m_d="1.096380" m_tx="-2.773585" m_ty="-400.000000"/>
   <element name="zan_label" layername="label4" frame="3" z_index="3" m_a="2.486889" m_b="0.000000" m_c="0.000000" m_d="2.909829" m_tx="10.869565" m_ty="-234.782608"/>
  </frame>
  <frame idx="375" w="502" h="1083" x="194.369781" y="-72.933197">
   <element name="zan_label" layername="labe" frame="2" z_index="4" m_a="1.059185" m_b="0.000000" m_c="0.000000" m_d="1.087978" m_tx="-2.773585" m_ty="-400.000000"/>
   <element name="zan_label" layername="label4" frame="3" z_index="3" m_a="2.486889" m_b="0.000000" m_c="0.000000" m_d="2.909829" m_tx="10.869565" m_ty="-234.782608"/>
  </frame>
  <frame idx="400" w="502" h="1083" x="194.369781" y="-72.933197">
   <element name="zan_label" layername="labe" frame="2" z_index="4" m_a="1.051951" m_b="0.000000" m_c="0.000000" m_d="1.079575" m_tx="-2.773585" m_ty="-400.000000"/>
   <element name="zan_label" layername="label4" frame="3" z_index="3" m_a="2.486889" m_b="0.000000" m_c="0.000000" m_d="2.909829" m_tx="10.869565" m_ty="-234.782608"/>
  </frame>
  <frame idx="425" w="502" h="1083" x="194.369781" y="-72.933197">
   <element name="zan_label" layername="labe" frame="2" z_index="4" m_a="1.044717" m_b="0.000000" m_c="0.000000" m_d="1.071173" m_tx="-2.773585" m_ty="-400.000000"/>
   <element name="zan_label" layername="label4" frame="3" z_index="3" m_a="2.486889" m_b="0.000000" m_c="0.000000" m_d="2.909829" m_tx="10.869565" m_ty="-234.782608"/>
  </frame>
  <frame idx="450" w="502" h="1083" x="194.369781" y="-72.933197">
   <element name="zan_label" layername="labe" frame="2" z_index="4" m_a="1.037483" m_b="0.000000" m_c="0.000000" m_d="1.062771" m_tx="-2.773585" m_ty="-400.000000"/>
   <element name="zan_label" layername="label4" frame="3" z_index="3" m_a="2.486889" m_b="0.000000" m_c="0.000000" m_d="2.909829" m_tx="10.869565" m_ty="-234.782608"/>
  </frame>
  <frame idx="475" w="502" h="1083" x="194.369781" y="-72.933197">
   <element name="zan_label" layername="labe" frame="2" z_index="4" m_a="1.030249" m_b="0.000000" m_c="0.000000" m_d="1.054369" m_tx="-2.773585" m_ty="-400.000000"/>
   <element name="zan_label" layername="label4" frame="3" z_index="3" m_a="2.486889" m_b="0.000000" m_c="0.000000" m_d="2.909829" m_tx="10.869565" m_ty="-234.782608"/>
  </frame>
  <frame idx="500" w="502" h="1083" x="194.369781" y="-72.933197">
   <element name="zan_label" layername="labe" frame="2" z_index="4" m_a="1.023015" m_b="0.000000" m_c="0.000000" m_d="1.045967" m_tx="-2.773585" m_ty="-400.000000"/>
   <element name="zan_label" layername="label4" frame="3" z_index="3" m_a="2.486889" m_b="0.000000" m_c="0.000000" m_d="2.909829" m_tx="10.869565" m_ty="-234.782608"/>
  </frame>
  <frame idx="525" w="502" h="1083" x="194.369781" y="-72.933197">
   <element name="zan_label" layername="labe" frame="2" z_index="4" m_a="1.015781" m_b="0.000000" m_c="0.000000" m_d="1.037565" m_tx="-2.773585" m_ty="-400.000000"/>
   <element name="zan_label" layername="label4" frame="3" z_index="3" m_a="2.486889" m_b="0.000000" m_c="0.000000" m_d="2.909829" m_tx="10.869565" m_ty="-234.782608"/>
  </frame>
  <frame idx="550" w="502" h="1083" x="194.369781" y="-72.933197">
   <element name="zan_label" layername="labe" frame="1" z_index="4" m_a="1.008540" m_b="0.000000" m_c="0.000000" m_d="1.029156" m_tx="-2.773585" m_ty="-400.000000"/>
   <element name="zan_label" layername="label4" frame="3" z_index="3" m_a="2.486889" m_b="0.000000" m_c="0.000000" m_d="2.909829" m_tx="10.869565" m_ty="-234.782608"/>
  </frame>
  <frame idx="575" w="502" h="1083" x="194.369781" y="-72.933197">
   <element name="zan_label" layername="labe" frame="1" z_index="4" m_a="1.001150" m_b="0.000000" m_c="0.000000" m_d="1.020572" m_tx="-2.773585" m_ty="-400.000000"/>
   <element name="zan_label" layername="label4" frame="3" z_index="3" m_a="2.486889" m_b="0.000000" m_c="0.000000" m_d="2.909829" m_tx="10.869565" m_ty="-234.782608"/>
  </frame>
  <frame idx="600" w="502" h="1083" x="194.369781" y="-72.933197">
   <element name="zan_label" layername="labe" frame="2" z_index="4" m_a="0.993853" m_b="0.000000" m_c="0.000000" m_d="1.012096" m_tx="-2.773585" m_ty="-400.000000"/>
   <element name="zan_label" layername="label4" frame="3" z_index="3" m_a="2.486889" m_b="0.000000" m_c="0.000000" m_d="2.909829" m_tx="10.869565" m_ty="-234.782608"/>
  </frame>
  <frame idx="625" w="502" h="1083" x="194.369781" y="-72.933197">
   <element name="zan_label" layername="labe" frame="2" z_index="4" m_a="0.986619" m_b="0.000000" m_c="0.000000" m_d="1.003694" m_tx="-2.773585" m_ty="-400.000000"/>
   <element name="zan_label" layername="label4" frame="3" z_index="3" m_a="2.486889" m_b="0.000000" m_c="0.000000" m_d="2.909829" m_tx="10.869565" m_ty="-234.782608"/>
  </frame>
  <frame idx="650" w="502" h="1083" x="194.369781" y="-72.933197">
   <element name="zan_label" layername="labe" frame="2" z_index="4" m_a="0.979384" m_b="0.000000" m_c="0.000000" m_d="0.995291" m_tx="-2.773585" m_ty="-400.000000"/>
   <element name="zan_label" layername="label4" frame="3" z_index="3" m_a="2.486889" m_b="0.000000" m_c="0.000000" m_d="2.909829" m_tx="10.869565" m_ty="-234.782608"/>
  </frame>
  <frame idx="675" w="502" h="1083" x="194.369781" y="-72.933197">
   <element name="zan_label" layername="labe" frame="2" z_index="4" m_a="0.972149" m_b="0.000000" m_c="0.000000" m_d="0.986889" m_tx="-2.773585" m_ty="-400.000000"/>
   <element name="zan_label" layername="label4" frame="3" z_index="3" m_a="2.486889" m_b="0.000000" m_c="0.000000" m_d="2.909829" m_tx="10.869565" m_ty="-234.782608"/>
  </frame>
  <frame idx="700" w="502" h="1083" x="194.369781" y="-72.933197">
   <element name="zan_label" layername="labe" frame="2" z_index="4" m_a="0.964915" m_b="0.000000" m_c="0.000000" m_d="0.978486" m_tx="-2.773585" m_ty="-400.000000"/>
   <element name="zan_label" layername="label4" frame="3" z_index="3" m_a="2.486889" m_b="0.000000" m_c="0.000000" m_d="2.909829" m_tx="10.869565" m_ty="-234.782608"/>
  </frame>
  <frame idx="725" w="502" h="1083" x="194.369781" y="-72.933197">
   <element name="zan_label" layername="labe" frame="2" z_index="4" m_a="0.957680" m_b="0.000000" m_c="0.000000" m_d="0.970084" m_tx="-2.773585" m_ty="-400.000000"/>
   <element name="zan_label" layername="label4" frame="3" z_index="3" m_a="2.486889" m_b="0.000000" m_c="0.000000" m_d="2.909829" m_tx="10.869565" m_ty="-234.782608"/>
  </frame>
  <frame idx="750" w="502" h="1083" x="194.369781" y="-72.933197">
   <element name="zan_label" layername="labe" frame="2" z_index="4" m_a="0.950445" m_b="0.000000" m_c="0.000000" m_d="0.961681" m_tx="-2.773585" m_ty="-400.000000"/>
   <element name="zan_label" layername="label4" frame="3" z_index="3" m_a="2.486889" m_b="0.000000" m_c="0.000000" m_d="2.909829" m_tx="10.869565" m_ty="-234.782608"/>
  </frame>
  <frame idx="775" w="502" h="1083" x="194.369781" y="-72.933197">
   <element name="zan_label" layername="labe" frame="2" z_index="4" m_a="0.943211" m_b="0.000000" m_c="0.000000" m_d="0.953278" m_tx="-2.773585" m_ty="-400.000000"/>
   <element name="zan_label" layername="label4" frame="3" z_index="3" m_a="2.486889" m_b="0.000000" m_c="0.000000" m_d="2.909829" m_tx="10.869565" m_ty="-234.782608"/>
  </frame>
  <frame idx="800" w="502" h="1083" x="194.369781" y="-72.933197">
   <element name="zan_label" layername="labe" frame="1" z_index="4" m_a="0.935969" m_b="0.000000" m_c="0.000000" m_d="0.944868" m_tx="-2.773585" m_ty="-400.000000"/>
   <element name="zan_label" layername="label4" frame="3" z_index="3" m_a="2.486889" m_b="0.000000" m_c="0.000000" m_d="2.909829" m_tx="10.869565" m_ty="-234.782608"/>
  </frame>
  <frame idx="825" w="502" h="1083" x="194.369781" y="-72.933197">
   <element name="zan_label" layername="labe" frame="2" z_index="4" m_a="0.928726" m_b="0.000000" m_c="0.000000" m_d="0.936455" m_tx="-2.773585" m_ty="-400.000000"/>
   <element name="zan_label" layername="label4" frame="3" z_index="3" m_a="2.486889" m_b="0.000000" m_c="0.000000" m_d="2.909829" m_tx="10.869565" m_ty="-234.782608"/>
  </frame>
  <frame idx="850" w="502" h="1083" x="194.369781" y="-72.933197">
   <element name="zan_label" layername="labe" frame="2" z_index="4" m_a="0.921473" m_b="0.000000" m_c="0.000000" m_d="0.928031" m_tx="-2.773585" m_ty="-400.000000"/>
   <element name="zan_label" layername="label4" frame="3" z_index="3" m_a="2.486889" m_b="0.000000" m_c="0.000000" m_d="2.909829" m_tx="10.869565" m_ty="-234.782608"/>
  </frame>
  <frame idx="875" w="502" h="1083" x="194.369781" y="-72.933197">
   <element name="zan_label" layername="labe" frame="2" z_index="4" m_a="0.914220" m_b="0.000000" m_c="0.000000" m_d="0.919607" m_tx="-2.773585" m_ty="-400.000000"/>
   <element name="zan_label" layername="label4" frame="3" z_index="3" m_a="2.486889" m_b="0.000000" m_c="0.000000" m_d="2.909829" m_tx="10.869565" m_ty="-234.782608"/>
  </frame>
  <frame idx="900" w="502" h="1083" x="194.369781" y="-72.933197">
   <element name="zan_label" layername="labe" frame="2" z_index="4" m_a="0.906968" m_b="0.000000" m_c="0.000000" m_d="0.911184" m_tx="-2.773585" m_ty="-400.000000"/>
   <element name="zan_label" layername="label4" frame="3" z_index="3" m_a="2.486889" m_b="0.000000" m_c="0.000000" m_d="2.909829" m_tx="10.869565" m_ty="-234.782608"/>
  </frame>
  <frame idx="925" w="502" h="1083" x="194.369781" y="-72.933197">
   <element name="zan_label" layername="labe" frame="2" z_index="4" m_a="0.899715" m_b="0.000000" m_c="0.000000" m_d="0.902760" m_tx="-2.773585" m_ty="-400.000000"/>
   <element name="zan_label" layername="label4" frame="3" z_index="3" m_a="2.486889" m_b="0.000000" m_c="0.000000" m_d="2.909829" m_tx="10.869565" m_ty="-234.782608"/>
  </frame>
  <frame idx="950" w="502" h="1083" x="194.369781" y="-72.933197">
   <element name="zan_label" layername="labe" frame="2" z_index="4" m_a="0.892462" m_b="0.000000" m_c="0.000000" m_d="0.894336" m_tx="-2.773585" m_ty="-400.000000"/>
   <element name="zan_label" layername="label4" frame="3" z_index="3" m_a="2.486889" m_b="0.000000" m_c="0.000000" m_d="2.909829" m_tx="10.869565" m_ty="-234.782608"/>
  </frame>
  <frame idx="975" w="502" h="1083" x="194.369781" y="-72.933197">
   <element name="zan_label" layername="labe" frame="2" z_index="4" m_a="0.885210" m_b="0.000000" m_c="0.000000" m_d="0.885912" m_tx="-2.773585" m_ty="-400.000000"/>
   <element name="zan_label" layername="label4" frame="3" z_index="3" m_a="2.486889" m_b="0.000000" m_c="0.000000" m_d="2.909829" m_tx="10.869565" m_ty="-234.782608"/>
  </frame>
  <frame idx="1000" w="502" h="1083" x="194.369781" y="-72.933197">
   <element name="zan_label" layername="labe" frame="0" z_index="4" m_a="0.926548" m_b="0.000000" m_c="0.000000" m_d="0.800871" m_tx="-2.773585" m_ty="-400.000000"/>
   <element name="zan_label" layername="label4" frame="3" z_index="3" m_a="2.486889" m_b="0.000000" m_c="0.000000" m_d="2.909829" m_tx="10.869565" m_ty="-234.782608"/>
  </frame>
  <frame idx="1025" w="502" h="1083" x="194.369781" y="-72.933197">
   <element name="zan_label" layername="labe" frame="0" z_index="4" m_a="1.040774" m_b="0.000000" m_c="0.000000" m_d="0.600903" m_tx="-2.773585" m_ty="-400.000000"/>
   <element name="zan_label" layername="label4" frame="3" z_index="3" m_a="2.486889" m_b="0.000000" m_c="0.000000" m_d="2.909829" m_tx="10.869565" m_ty="-234.782608"/>
  </frame>
  <frame idx="1050" w="502" h="1083" x="194.369781" y="-72.933197">
   <element name="zan_label" layername="labe" frame="0" z_index="4" m_a="1.154999" m_b="0.000000" m_c="0.000000" m_d="0.400935" m_tx="-2.773585" m_ty="-400.000000"/>
   <element name="zan_label" layername="label4" frame="3" z_index="3" m_a="2.486889" m_b="0.000000" m_c="0.000000" m_d="2.909829" m_tx="10.869565" m_ty="-234.782608"/>
  </frame>
  <frame idx="1075" w="502" h="1083" x="194.369781" y="-72.933197">
   <element name="zan_label" layername="labe" frame="0" z_index="4" m_a="1.269225" m_b="0.000000" m_c="0.000000" m_d="0.200968" m_tx="-2.773585" m_ty="-400.000000"/>
   <element name="zan_label" layername="label4" frame="3" z_index="3" m_a="2.486889" m_b="0.000000" m_c="0.000000" m_d="2.909829" m_tx="10.869565" m_ty="-234.782608"/>
  </frame>
 </anim>
</Anims>
