<Anims>
 <anim name="idle" root="asa_spark" numframes="250" framerate="40">
  <frame idx="0" w="272" h="349" x="46.268707" y="105.858276">
   <element name="spark" layername="spark_2" frame="0" z_index="1" m_a="1.462687" m_b="0.000000" m_c="0.000000" m_d="1.462687" m_tx="0.000000" m_ty="39.000000"/>
  </frame>
  <frame idx="25" w="303" h="389" x="86.098686" y="168.316757">
   <element name="spark" layername="spark_2" frame="0" z_index="1" m_a="1.802654" m_b="0.000000" m_c="0.000000" m_d="1.802654" m_tx="5.833333" m_ty="52.333332"/>
  </frame>
  <frame idx="50" w="250" h="330" x="38.399261" y="83.428177">
   <element name="spark" layername="spark_2" frame="1" z_index="1" m_a="1.326493" m_b="0.000000" m_c="0.000000" m_d="1.326493" m_tx="5.750000" m_ty="36.250000"/>
  </frame>
  <frame idx="75" w="215" h="291" x="5.000000" y="25.000000">
   <element name="spark" layername="spark_2" frame="2" z_index="1" m_a="1.000000" m_b="0.000000" m_c="0.000000" m_d="1.000000" m_tx="5.000000" m_ty="25.000000"/>
  </frame>
  <frame idx="100" w="215" h="291" x="5.000000" y="25.000000">
   <element name="spark" layername="spark_2" frame="3" z_index="1" m_a="1.000000" m_b="0.000000" m_c="0.000000" m_d="1.000000" m_tx="5.000000" m_ty="25.000000"/>
  </frame>
  <frame idx="125" w="215" h="291" x="5.000000" y="25.000000">
   <element name="spark" layername="spark_2" frame="3" z_index="1" m_a="1.000000" m_b="0.000000" m_c="0.000000" m_d="1.000000" m_tx="5.000000" m_ty="25.000000"/>
  </frame>
  <frame idx="150" w="215" h="291" x="5.000000" y="25.000000">
   <element name="spark" layername="spark_2" frame="3" z_index="1" m_a="1.000000" m_b="0.000000" m_c="0.000000" m_d="1.000000" m_tx="5.000000" m_ty="25.000000"/>
  </frame>
  <frame idx="175" w="215" h="291" x="5.000000" y="25.000000">
   <element name="spark" layername="spark_2" frame="4" z_index="1" m_a="1.000000" m_b="0.000000" m_c="0.000000" m_d="1.000000" m_tx="5.000000" m_ty="25.000000"/>
  </frame>
  <frame idx="200" w="215" h="291" x="5.000000" y="25.000000">
   <element name="spark" layername="spark_2" frame="5" z_index="1" m_a="1.000000" m_b="0.000000" m_c="0.000000" m_d="1.000000" m_tx="5.000000" m_ty="25.000000"/>
  </frame>
  <frame idx="225" w="229" h="305" x="15.004532" y="44.602005">
   <element name="spark" layername="spark_2" frame="6" z_index="1" m_a="1.112167" m_b="0.000000" m_c="0.000000" m_d="1.112167" m_tx="3.787879" m_ty="28.393940"/>
  </frame>
 </anim>
</Anims>
