<Anims>
 <anim name="BUILD" root="swap_asa_blade" numframes="1000" framerate="40">
  <frame idx="0" w="479" h="536" x="-41.499985" y="-58.000183">
   <element name="swap_asa_blade" layername="swap_asa_blade-9" frame="2" z_index="3" m_a="1.000000" m_b="0.000000" m_c="0.000000" m_d="1.000000" m_tx="-209.000000" m_ty="113.000000"/>
   <element name="swap_asa_blade" layername="swap_asa_blade-" frame="1" z_index="2" m_a="1.000000" m_b="0.000000" m_c="0.000000" m_d="1.000000" m_tx="-32.000000" m_ty="118.000000"/>
   <element name="swap_asa_blade" layername="swap_asa_blade" frame="0" z_index="1" m_a="1.000000" m_b="0.000000" m_c="0.000000" m_d="1.000000" m_tx="124.000000" m_ty="101.000000"/>
  </frame>
  <frame idx="25" w="479" h="536" x="-41.499985" y="-58.000183">
   <element name="swap_asa_blade" layername="swap_asa_blade-9" frame="2" z_index="3" m_a="1.000000" m_b="0.000000" m_c="0.000000" m_d="1.000000" m_tx="-209.000000" m_ty="113.000000"/>
   <element name="swap_asa_blade" layername="swap_asa_blade-" frame="1" z_index="2" m_a="1.000000" m_b="0.000000" m_c="0.000000" m_d="1.000000" m_tx="-32.000000" m_ty="118.000000"/>
   <element name="swap_asa_blade" layername="swap_asa_blade" frame="0" z_index="1" m_a="1.000000" m_b="0.000000" m_c="0.000000" m_d="1.000000" m_tx="124.000000" m_ty="101.000000"/>
  </frame>
  <frame idx="50" w="479" h="536" x="-41.499985" y="-58.000183">
   <element name="swap_asa_blade" layername="swap_asa_blade-9" frame="2" z_index="3" m_a="1.000000" m_b="0.000000" m_c="0.000000" m_d="1.000000" m_tx="-209.000000" m_ty="113.000000"/>
   <element name="swap_asa_blade" layername="swap_asa_blade-" frame="1" z_index="2" m_a="1.000000" m_b="0.000000" m_c="0.000000" m_d="1.000000" m_tx="-32.000000" m_ty="118.000000"/>
   <element name="swap_asa_blade" layername="swap_asa_blade" frame="0" z_index="1" m_a="1.000000" m_b="0.000000" m_c="0.000000" m_d="1.000000" m_tx="124.000000" m_ty="101.000000"/>
  </frame>
  <frame idx="75" w="479" h="536" x="-41.499985" y="-58.000183">
   <element name="swap_asa_blade" layername="swap_asa_blade-9" frame="2" z_index="3" m_a="1.000000" m_b="0.000000" m_c="0.000000" m_d="1.000000" m_tx="-209.000000" m_ty="113.000000"/>
   <element name="swap_asa_blade" layername="swap_asa_blade-" frame="1" z_index="2" m_a="1.000000" m_b="0.000000" m_c="0.000000" m_d="1.000000" m_tx="-32.000000" m_ty="118.000000"/>
   <element name="swap_asa_blade" layername="swap_asa_blade" frame="0" z_index="1" m_a="1.000000" m_b="0.000000" m_c="0.000000" m_d="1.000000" m_tx="124.000000" m_ty="101.000000"/>
  </frame>
  <frame idx="100" w="479" h="536" x="-41.499985" y="-58.000183">
   <element name="swap_asa_blade" layername="swap_asa_blade-9" frame="2" z_index="3" m_a="1.000000" m_b="0.000000" m_c="0.000000" m_d="1.000000" m_tx="-209.000000" m_ty="113.000000"/>
   <element name="swap_asa_blade" layername="swap_asa_blade-" frame="1" z_index="2" m_a="1.000000" m_b="0.000000" m_c="0.000000" m_d="1.000000" m_tx="-32.000000" m_ty="118.000000"/>
   <element name="swap_asa_blade" layername="swap_asa_blade" frame="0" z_index="1" m_a="1.000000" m_b="0.000000" m_c="0.000000" m_d="1.000000" m_tx="124.000000" m_ty="101.000000"/>
  </frame>
  <frame idx="125" w="479" h="536" x="-41.499985" y="-58.000183">
   <element name="swap_asa_blade" layername="swap_asa_blade-9" frame="2" z_index="3" m_a="1.000000" m_b="0.000000" m_c="0.000000" m_d="1.000000" m_tx="-209.000000" m_ty="113.000000"/>
   <element name="swap_asa_blade" layername="swap_asa_blade-" frame="1" z_index="2" m_a="1.000000" m_b="0.000000" m_c="0.000000" m_d="1.000000" m_tx="-32.000000" m_ty="118.000000"/>
   <element name="swap_asa_blade" layername="swap_asa_blade" frame="0" z_index="1" m_a="1.000000" m_b="0.000000" m_c="0.000000" m_d="1.000000" m_tx="124.000000" m_ty="101.000000"/>
  </frame>
  <frame idx="150" w="479" h="536" x="-41.499985" y="-58.000183">
   <element name="swap_asa_blade" layername="swap_asa_blade-9" frame="2" z_index="3" m_a="1.000000" m_b="0.000000" m_c="0.000000" m_d="1.000000" m_tx="-209.000000" m_ty="113.000000"/>
   <element name="swap_asa_blade" layername="swap_asa_blade-" frame="1" z_index="2" m_a="1.000000" m_b="0.000000" m_c="0.000000" m_d="1.000000" m_tx="-32.000000" m_ty="118.000000"/>
   <element name="swap_asa_blade" layername="swap_asa_blade" frame="0" z_index="1" m_a="1.000000" m_b="0.000000" m_c="0.000000" m_d="1.000000" m_tx="124.000000" m_ty="101.000000"/>
  </frame>
  <frame idx="175" w="479" h="536" x="-41.499985" y="-58.000183">
   <element name="swap_asa_blade" layername="swap_asa_blade-9" frame="2" z_index="3" m_a="1.000000" m_b="0.000000" m_c="0.000000" m_d="1.000000" m_tx="-209.000000" m_ty="113.000000"/>
   <element name="swap_asa_blade" layername="swap_asa_blade-" frame="1" z_index="2" m_a="1.000000" m_b="0.000000" m_c="0.000000" m_d="1.000000" m_tx="-32.000000" m_ty="118.000000"/>
   <element name="swap_asa_blade" layername="swap_asa_blade" frame="0" z_index="1" m_a="1.000000" m_b="0.000000" m_c="0.000000" m_d="1.000000" m_tx="124.000000" m_ty="101.000000"/>
  </frame>
  <frame idx="200" w="479" h="536" x="-41.499985" y="-58.000183">
   <element name="swap_asa_blade" layername="swap_asa_blade-9" frame="2" z_index="3" m_a="1.000000" m_b="0.000000" m_c="0.000000" m_d="1.000000" m_tx="-209.000000" m_ty="113.000000"/>
   <element name="swap_asa_blade" layername="swap_asa_blade-" frame="1" z_index="2" m_a="1.000000" m_b="0.000000" m_c="0.000000" m_d="1.000000" m_tx="-32.000000" m_ty="118.000000"/>
   <element name="swap_asa_blade" layername="swap_asa_blade" frame="0" z_index="1" m_a="1.000000" m_b="0.000000" m_c="0.000000" m_d="1.000000" m_tx="124.000000" m_ty="101.000000"/>
  </frame>
  <frame idx="225" w="479" h="536" x="-41.499985" y="-58.000183">
   <element name="swap_asa_blade" layername="swap_asa_blade-9" frame="2" z_index="3" m_a="1.000000" m_b="0.000000" m_c="0.000000" m_d="1.000000" m_tx="-209.000000" m_ty="113.000000"/>
   <element name="swap_asa_blade" layername="swap_asa_blade-" frame="1" z_index="2" m_a="1.000000" m_b="0.000000" m_c="0.000000" m_d="1.000000" m_tx="-32.000000" m_ty="118.000000"/>
   <element name="swap_asa_blade" layername="swap_asa_blade" frame="0" z_index="1" m_a="1.000000" m_b="0.000000" m_c="0.000000" m_d="1.000000" m_tx="124.000000" m_ty="101.000000"/>
  </frame>
  <frame idx="250" w="479" h="536" x="-41.499985" y="-58.000183">
   <element name="swap_asa_blade" layername="swap_asa_blade-9" frame="2" z_index="3" m_a="1.000000" m_b="0.000000" m_c="0.000000" m_d="1.000000" m_tx="-209.000000" m_ty="113.000000"/>
   <element name="swap_asa_blade" layername="swap_asa_blade-" frame="1" z_index="2" m_a="1.000000" m_b="0.000000" m_c="0.000000" m_d="1.000000" m_tx="-32.000000" m_ty="118.000000"/>
   <element name="swap_asa_blade" layername="swap_asa_blade" frame="0" z_index="1" m_a="1.000000" m_b="0.000000" m_c="0.000000" m_d="1.000000" m_tx="124.000000" m_ty="101.000000"/>
  </frame>
  <frame idx="275" w="479" h="536" x="-41.499985" y="-58.000183">
   <element name="swap_asa_blade" layername="swap_asa_blade-9" frame="2" z_index="3" m_a="1.000000" m_b="0.000000" m_c="0.000000" m_d="1.000000" m_tx="-209.000000" m_ty="113.000000"/>
   <element name="swap_asa_blade" layername="swap_asa_blade-" frame="1" z_index="2" m_a="1.000000" m_b="0.000000" m_c="0.000000" m_d="1.000000" m_tx="-32.000000" m_ty="118.000000"/>
   <element name="swap_asa_blade" layername="swap_asa_blade" frame="0" z_index="1" m_a="1.000000" m_b="0.000000" m_c="0.000000" m_d="1.000000" m_tx="124.000000" m_ty="101.000000"/>
  </frame>
  <frame idx="300" w="479" h="536" x="-41.499985" y="-58.000183">
   <element name="swap_asa_blade" layername="swap_asa_blade-9" frame="2" z_index="3" m_a="1.000000" m_b="0.000000" m_c="0.000000" m_d="1.000000" m_tx="-209.000000" m_ty="113.000000"/>
   <element name="swap_asa_blade" layername="swap_asa_blade-" frame="1" z_index="2" m_a="1.000000" m_b="0.000000" m_c="0.000000" m_d="1.000000" m_tx="-32.000000" m_ty="118.000000"/>
   <element name="swap_asa_blade" layername="swap_asa_blade" frame="0" z_index="1" m_a="1.000000" m_b="0.000000" m_c="0.000000" m_d="1.000000" m_tx="124.000000" m_ty="101.000000"/>
  </frame>
  <frame idx="325" w="479" h="536" x="-41.499985" y="-58.000183">
   <element name="swap_asa_blade" layername="swap_asa_blade-9" frame="2" z_index="3" m_a="1.000000" m_b="0.000000" m_c="0.000000" m_d="1.000000" m_tx="-209.000000" m_ty="113.000000"/>
   <element name="swap_asa_blade" layername="swap_asa_blade-" frame="1" z_index="2" m_a="1.000000" m_b="0.000000" m_c="0.000000" m_d="1.000000" m_tx="-32.000000" m_ty="118.000000"/>
   <element name="swap_asa_blade" layername="swap_asa_blade" frame="0" z_index="1" m_a="1.000000" m_b="0.000000" m_c="0.000000" m_d="1.000000" m_tx="124.000000" m_ty="101.000000"/>
  </frame>
  <frame idx="350" w="479" h="536" x="-41.499985" y="-58.000183">
   <element name="swap_asa_blade" layername="swap_asa_blade-9" frame="2" z_index="3" m_a="1.000000" m_b="0.000000" m_c="0.000000" m_d="1.000000" m_tx="-209.000000" m_ty="113.000000"/>
   <element name="swap_asa_blade" layername="swap_asa_blade-" frame="1" z_index="2" m_a="1.000000" m_b="0.000000" m_c="0.000000" m_d="1.000000" m_tx="-32.000000" m_ty="118.000000"/>
   <element name="swap_asa_blade" layername="swap_asa_blade" frame="0" z_index="1" m_a="1.000000" m_b="0.000000" m_c="0.000000" m_d="1.000000" m_tx="124.000000" m_ty="101.000000"/>
  </frame>
  <frame idx="375" w="479" h="536" x="-41.499985" y="-58.000183">
   <element name="swap_asa_blade" layername="swap_asa_blade-9" frame="2" z_index="3" m_a="1.000000" m_b="0.000000" m_c="0.000000" m_d="1.000000" m_tx="-209.000000" m_ty="113.000000"/>
   <element name="swap_asa_blade" layername="swap_asa_blade-" frame="1" z_index="2" m_a="1.000000" m_b="0.000000" m_c="0.000000" m_d="1.000000" m_tx="-32.000000" m_ty="118.000000"/>
   <element name="swap_asa_blade" layername="swap_asa_blade" frame="0" z_index="1" m_a="1.000000" m_b="0.000000" m_c="0.000000" m_d="1.000000" m_tx="124.000000" m_ty="101.000000"/>
  </frame>
  <frame idx="400" w="479" h="536" x="-41.499985" y="-58.000183">
   <element name="swap_asa_blade" layername="swap_asa_blade-9" frame="2" z_index="3" m_a="1.000000" m_b="0.000000" m_c="0.000000" m_d="1.000000" m_tx="-209.000000" m_ty="113.000000"/>
   <element name="swap_asa_blade" layername="swap_asa_blade-" frame="1" z_index="2" m_a="1.000000" m_b="0.000000" m_c="0.000000" m_d="1.000000" m_tx="-32.000000" m_ty="118.000000"/>
   <element name="swap_asa_blade" layername="swap_asa_blade" frame="0" z_index="1" m_a="1.000000" m_b="0.000000" m_c="0.000000" m_d="1.000000" m_tx="124.000000" m_ty="101.000000"/>
  </frame>
  <frame idx="425" w="479" h="536" x="-41.499985" y="-58.000183">
   <element name="swap_asa_blade" layername="swap_asa_blade-9" frame="2" z_index="3" m_a="1.000000" m_b="0.000000" m_c="0.000000" m_d="1.000000" m_tx="-209.000000" m_ty="113.000000"/>
   <element name="swap_asa_blade" layername="swap_asa_blade-" frame="1" z_index="2" m_a="1.000000" m_b="0.000000" m_c="0.000000" m_d="1.000000" m_tx="-32.000000" m_ty="118.000000"/>
   <element name="swap_asa_blade" layername="swap_asa_blade" frame="0" z_index="1" m_a="1.000000" m_b="0.000000" m_c="0.000000" m_d="1.000000" m_tx="124.000000" m_ty="101.000000"/>
  </frame>
  <frame idx="450" w="479" h="536" x="-41.499985" y="-58.000183">
   <element name="swap_asa_blade" layername="swap_asa_blade-9" frame="2" z_index="3" m_a="1.000000" m_b="0.000000" m_c="0.000000" m_d="1.000000" m_tx="-209.000000" m_ty="113.000000"/>
   <element name="swap_asa_blade" layername="swap_asa_blade-" frame="1" z_index="2" m_a="1.000000" m_b="0.000000" m_c="0.000000" m_d="1.000000" m_tx="-32.000000" m_ty="118.000000"/>
   <element name="swap_asa_blade" layername="swap_asa_blade" frame="0" z_index="1" m_a="1.000000" m_b="0.000000" m_c="0.000000" m_d="1.000000" m_tx="124.000000" m_ty="101.000000"/>
  </frame>
  <frame idx="475" w="479" h="536" x="-41.499985" y="-58.000183">
   <element name="swap_asa_blade" layername="swap_asa_blade-9" frame="2" z_index="3" m_a="1.000000" m_b="0.000000" m_c="0.000000" m_d="1.000000" m_tx="-209.000000" m_ty="113.000000"/>
   <element name="swap_asa_blade" layername="swap_asa_blade-" frame="1" z_index="2" m_a="1.000000" m_b="0.000000" m_c="0.000000" m_d="1.000000" m_tx="-32.000000" m_ty="118.000000"/>
   <element name="swap_asa_blade" layername="swap_asa_blade" frame="0" z_index="1" m_a="1.000000" m_b="0.000000" m_c="0.000000" m_d="1.000000" m_tx="124.000000" m_ty="101.000000"/>
  </frame>
  <frame idx="500" w="479" h="536" x="-41.499985" y="-58.000183">
   <element name="swap_asa_blade" layername="swap_asa_blade-9" frame="2" z_index="3" m_a="1.000000" m_b="0.000000" m_c="0.000000" m_d="1.000000" m_tx="-209.000000" m_ty="113.000000"/>
   <element name="swap_asa_blade" layername="swap_asa_blade-" frame="1" z_index="2" m_a="1.000000" m_b="0.000000" m_c="0.000000" m_d="1.000000" m_tx="-32.000000" m_ty="118.000000"/>
   <element name="swap_asa_blade" layername="swap_asa_blade" frame="0" z_index="1" m_a="1.000000" m_b="0.000000" m_c="0.000000" m_d="1.000000" m_tx="124.000000" m_ty="101.000000"/>
  </frame>
  <frame idx="525" w="479" h="536" x="-41.499985" y="-58.000183">
   <element name="swap_asa_blade" layername="swap_asa_blade-9" frame="2" z_index="3" m_a="1.000000" m_b="0.000000" m_c="0.000000" m_d="1.000000" m_tx="-209.000000" m_ty="113.000000"/>
   <element name="swap_asa_blade" layername="swap_asa_blade-" frame="1" z_index="2" m_a="1.000000" m_b="0.000000" m_c="0.000000" m_d="1.000000" m_tx="-32.000000" m_ty="118.000000"/>
   <element name="swap_asa_blade" layername="swap_asa_blade" frame="0" z_index="1" m_a="1.000000" m_b="0.000000" m_c="0.000000" m_d="1.000000" m_tx="124.000000" m_ty="101.000000"/>
  </frame>
  <frame idx="550" w="479" h="536" x="-41.499985" y="-58.000183">
   <element name="swap_asa_blade" layername="swap_asa_blade-9" frame="2" z_index="3" m_a="1.000000" m_b="0.000000" m_c="0.000000" m_d="1.000000" m_tx="-209.000000" m_ty="113.000000"/>
   <element name="swap_asa_blade" layername="swap_asa_blade-" frame="1" z_index="2" m_a="1.000000" m_b="0.000000" m_c="0.000000" m_d="1.000000" m_tx="-32.000000" m_ty="118.000000"/>
   <element name="swap_asa_blade" layername="swap_asa_blade" frame="0" z_index="1" m_a="1.000000" m_b="0.000000" m_c="0.000000" m_d="1.000000" m_tx="124.000000" m_ty="101.000000"/>
  </frame>
  <frame idx="575" w="479" h="536" x="-41.499985" y="-58.000183">
   <element name="swap_asa_blade" layername="swap_asa_blade-9" frame="2" z_index="3" m_a="1.000000" m_b="0.000000" m_c="0.000000" m_d="1.000000" m_tx="-209.000000" m_ty="113.000000"/>
   <element name="swap_asa_blade" layername="swap_asa_blade-" frame="1" z_index="2" m_a="1.000000" m_b="0.000000" m_c="0.000000" m_d="1.000000" m_tx="-32.000000" m_ty="118.000000"/>
   <element name="swap_asa_blade" layername="swap_asa_blade" frame="0" z_index="1" m_a="1.000000" m_b="0.000000" m_c="0.000000" m_d="1.000000" m_tx="124.000000" m_ty="101.000000"/>
  </frame>
  <frame idx="600" w="479" h="536" x="-41.499985" y="-58.000183">
   <element name="swap_asa_blade" layername="swap_asa_blade-9" frame="2" z_index="3" m_a="1.000000" m_b="0.000000" m_c="0.000000" m_d="1.000000" m_tx="-209.000000" m_ty="113.000000"/>
   <element name="swap_asa_blade" layername="swap_asa_blade-" frame="1" z_index="2" m_a="1.000000" m_b="0.000000" m_c="0.000000" m_d="1.000000" m_tx="-32.000000" m_ty="118.000000"/>
   <element name="swap_asa_blade" layername="swap_asa_blade" frame="0" z_index="1" m_a="1.000000" m_b="0.000000" m_c="0.000000" m_d="1.000000" m_tx="124.000000" m_ty="101.000000"/>
  </frame>
  <frame idx="625" w="479" h="536" x="-41.499985" y="-58.000183">
   <element name="swap_asa_blade" layername="swap_asa_blade-9" frame="2" z_index="3" m_a="1.000000" m_b="0.000000" m_c="0.000000" m_d="1.000000" m_tx="-209.000000" m_ty="113.000000"/>
   <element name="swap_asa_blade" layername="swap_asa_blade-" frame="1" z_index="2" m_a="1.000000" m_b="0.000000" m_c="0.000000" m_d="1.000000" m_tx="-32.000000" m_ty="118.000000"/>
   <element name="swap_asa_blade" layername="swap_asa_blade" frame="0" z_index="1" m_a="1.000000" m_b="0.000000" m_c="0.000000" m_d="1.000000" m_tx="124.000000" m_ty="101.000000"/>
  </frame>
  <frame idx="650" w="479" h="536" x="-41.499985" y="-58.000183">
   <element name="swap_asa_blade" layername="swap_asa_blade-9" frame="2" z_index="3" m_a="1.000000" m_b="0.000000" m_c="0.000000" m_d="1.000000" m_tx="-209.000000" m_ty="113.000000"/>
   <element name="swap_asa_blade" layername="swap_asa_blade-" frame="1" z_index="2" m_a="1.000000" m_b="0.000000" m_c="0.000000" m_d="1.000000" m_tx="-32.000000" m_ty="118.000000"/>
   <element name="swap_asa_blade" layername="swap_asa_blade" frame="0" z_index="1" m_a="1.000000" m_b="0.000000" m_c="0.000000" m_d="1.000000" m_tx="124.000000" m_ty="101.000000"/>
  </frame>
  <frame idx="675" w="479" h="536" x="-41.499985" y="-58.000183">
   <element name="swap_asa_blade" layername="swap_asa_blade-9" frame="2" z_index="3" m_a="1.000000" m_b="0.000000" m_c="0.000000" m_d="1.000000" m_tx="-209.000000" m_ty="113.000000"/>
   <element name="swap_asa_blade" layername="swap_asa_blade-" frame="1" z_index="2" m_a="1.000000" m_b="0.000000" m_c="0.000000" m_d="1.000000" m_tx="-32.000000" m_ty="118.000000"/>
   <element name="swap_asa_blade" layername="swap_asa_blade" frame="0" z_index="1" m_a="1.000000" m_b="0.000000" m_c="0.000000" m_d="1.000000" m_tx="124.000000" m_ty="101.000000"/>
  </frame>
  <frame idx="700" w="479" h="536" x="-41.499985" y="-58.000183">
   <element name="swap_asa_blade" layername="swap_asa_blade-9" frame="2" z_index="3" m_a="1.000000" m_b="0.000000" m_c="0.000000" m_d="1.000000" m_tx="-209.000000" m_ty="113.000000"/>
   <element name="swap_asa_blade" layername="swap_asa_blade-" frame="1" z_index="2" m_a="1.000000" m_b="0.000000" m_c="0.000000" m_d="1.000000" m_tx="-32.000000" m_ty="118.000000"/>
   <element name="swap_asa_blade" layername="swap_asa_blade" frame="0" z_index="1" m_a="1.000000" m_b="0.000000" m_c="0.000000" m_d="1.000000" m_tx="124.000000" m_ty="101.000000"/>
  </frame>
  <frame idx="725" w="479" h="536" x="-41.499985" y="-58.000183">
   <element name="swap_asa_blade" layername="swap_asa_blade-9" frame="2" z_index="3" m_a="1.000000" m_b="0.000000" m_c="0.000000" m_d="1.000000" m_tx="-209.000000" m_ty="113.000000"/>
   <element name="swap_asa_blade" layername="swap_asa_blade-" frame="1" z_index="2" m_a="1.000000" m_b="0.000000" m_c="0.000000" m_d="1.000000" m_tx="-32.000000" m_ty="118.000000"/>
   <element name="swap_asa_blade" layername="swap_asa_blade" frame="0" z_index="1" m_a="1.000000" m_b="0.000000" m_c="0.000000" m_d="1.000000" m_tx="124.000000" m_ty="101.000000"/>
  </frame>
  <frame idx="750" w="479" h="536" x="-41.499985" y="-58.000183">
   <element name="swap_asa_blade" layername="swap_asa_blade-9" frame="2" z_index="3" m_a="1.000000" m_b="0.000000" m_c="0.000000" m_d="1.000000" m_tx="-209.000000" m_ty="113.000000"/>
   <element name="swap_asa_blade" layername="swap_asa_blade-" frame="1" z_index="2" m_a="1.000000" m_b="0.000000" m_c="0.000000" m_d="1.000000" m_tx="-32.000000" m_ty="118.000000"/>
   <element name="swap_asa_blade" layername="swap_asa_blade" frame="0" z_index="1" m_a="1.000000" m_b="0.000000" m_c="0.000000" m_d="1.000000" m_tx="124.000000" m_ty="101.000000"/>
  </frame>
  <frame idx="775" w="479" h="536" x="-41.499985" y="-58.000183">
   <element name="swap_asa_blade" layername="swap_asa_blade-9" frame="2" z_index="3" m_a="1.000000" m_b="0.000000" m_c="0.000000" m_d="1.000000" m_tx="-209.000000" m_ty="113.000000"/>
   <element name="swap_asa_blade" layername="swap_asa_blade-" frame="1" z_index="2" m_a="1.000000" m_b="0.000000" m_c="0.000000" m_d="1.000000" m_tx="-32.000000" m_ty="118.000000"/>
   <element name="swap_asa_blade" layername="swap_asa_blade" frame="0" z_index="1" m_a="1.000000" m_b="0.000000" m_c="0.000000" m_d="1.000000" m_tx="124.000000" m_ty="101.000000"/>
  </frame>
  <frame idx="800" w="479" h="536" x="-41.499985" y="-58.000183">
   <element name="swap_asa_blade" layername="swap_asa_blade-9" frame="2" z_index="3" m_a="1.000000" m_b="0.000000" m_c="0.000000" m_d="1.000000" m_tx="-209.000000" m_ty="113.000000"/>
   <element name="swap_asa_blade" layername="swap_asa_blade-" frame="1" z_index="2" m_a="1.000000" m_b="0.000000" m_c="0.000000" m_d="1.000000" m_tx="-32.000000" m_ty="118.000000"/>
   <element name="swap_asa_blade" layername="swap_asa_blade" frame="0" z_index="1" m_a="1.000000" m_b="0.000000" m_c="0.000000" m_d="1.000000" m_tx="124.000000" m_ty="101.000000"/>
  </frame>
  <frame idx="825" w="479" h="536" x="-41.499985" y="-58.000183">
   <element name="swap_asa_blade" layername="swap_asa_blade-9" frame="2" z_index="3" m_a="1.000000" m_b="0.000000" m_c="0.000000" m_d="1.000000" m_tx="-209.000000" m_ty="113.000000"/>
   <element name="swap_asa_blade" layername="swap_asa_blade-" frame="1" z_index="2" m_a="1.000000" m_b="0.000000" m_c="0.000000" m_d="1.000000" m_tx="-32.000000" m_ty="118.000000"/>
   <element name="swap_asa_blade" layername="swap_asa_blade" frame="0" z_index="1" m_a="1.000000" m_b="0.000000" m_c="0.000000" m_d="1.000000" m_tx="124.000000" m_ty="101.000000"/>
  </frame>
  <frame idx="850" w="479" h="536" x="-41.499985" y="-58.000183">
   <element name="swap_asa_blade" layername="swap_asa_blade-9" frame="2" z_index="3" m_a="1.000000" m_b="0.000000" m_c="0.000000" m_d="1.000000" m_tx="-209.000000" m_ty="113.000000"/>
   <element name="swap_asa_blade" layername="swap_asa_blade-" frame="1" z_index="2" m_a="1.000000" m_b="0.000000" m_c="0.000000" m_d="1.000000" m_tx="-32.000000" m_ty="118.000000"/>
   <element name="swap_asa_blade" layername="swap_asa_blade" frame="0" z_index="1" m_a="1.000000" m_b="0.000000" m_c="0.000000" m_d="1.000000" m_tx="124.000000" m_ty="101.000000"/>
  </frame>
  <frame idx="875" w="479" h="536" x="-41.499985" y="-58.000183">
   <element name="swap_asa_blade" layername="swap_asa_blade-9" frame="2" z_index="3" m_a="1.000000" m_b="0.000000" m_c="0.000000" m_d="1.000000" m_tx="-209.000000" m_ty="113.000000"/>
   <element name="swap_asa_blade" layername="swap_asa_blade-" frame="1" z_index="2" m_a="1.000000" m_b="0.000000" m_c="0.000000" m_d="1.000000" m_tx="-32.000000" m_ty="118.000000"/>
   <element name="swap_asa_blade" layername="swap_asa_blade" frame="0" z_index="1" m_a="1.000000" m_b="0.000000" m_c="0.000000" m_d="1.000000" m_tx="124.000000" m_ty="101.000000"/>
  </frame>
  <frame idx="900" w="479" h="536" x="-41.499985" y="-58.000183">
   <element name="swap_asa_blade" layername="swap_asa_blade-9" frame="2" z_index="3" m_a="1.000000" m_b="0.000000" m_c="0.000000" m_d="1.000000" m_tx="-209.000000" m_ty="113.000000"/>
   <element name="swap_asa_blade" layername="swap_asa_blade-" frame="1" z_index="2" m_a="1.000000" m_b="0.000000" m_c="0.000000" m_d="1.000000" m_tx="-32.000000" m_ty="118.000000"/>
   <element name="swap_asa_blade" layername="swap_asa_blade" frame="0" z_index="1" m_a="1.000000" m_b="0.000000" m_c="0.000000" m_d="1.000000" m_tx="124.000000" m_ty="101.000000"/>
  </frame>
  <frame idx="925" w="479" h="536" x="-41.499985" y="-58.000183">
   <element name="swap_asa_blade" layername="swap_asa_blade-9" frame="2" z_index="3" m_a="1.000000" m_b="0.000000" m_c="0.000000" m_d="1.000000" m_tx="-209.000000" m_ty="113.000000"/>
   <element name="swap_asa_blade" layername="swap_asa_blade-" frame="1" z_index="2" m_a="1.000000" m_b="0.000000" m_c="0.000000" m_d="1.000000" m_tx="-32.000000" m_ty="118.000000"/>
   <element name="swap_asa_blade" layername="swap_asa_blade" frame="0" z_index="1" m_a="1.000000" m_b="0.000000" m_c="0.000000" m_d="1.000000" m_tx="124.000000" m_ty="101.000000"/>
  </frame>
  <frame idx="950" w="479" h="536" x="-41.499985" y="-58.000183">
   <element name="swap_asa_blade" layername="swap_asa_blade-9" frame="2" z_index="3" m_a="1.000000" m_b="0.000000" m_c="0.000000" m_d="1.000000" m_tx="-209.000000" m_ty="113.000000"/>
   <element name="swap_asa_blade" layername="swap_asa_blade-" frame="1" z_index="2" m_a="1.000000" m_b="0.000000" m_c="0.000000" m_d="1.000000" m_tx="-32.000000" m_ty="118.000000"/>
   <element name="swap_asa_blade" layername="swap_asa_blade" frame="0" z_index="1" m_a="1.000000" m_b="0.000000" m_c="0.000000" m_d="1.000000" m_tx="124.000000" m_ty="101.000000"/>
  </frame>
  <frame idx="975" w="479" h="536" x="-41.499985" y="-58.000183">
   <element name="swap_asa_blade" layername="swap_asa_blade-9" frame="2" z_index="3" m_a="1.000000" m_b="0.000000" m_c="0.000000" m_d="1.000000" m_tx="-209.000000" m_ty="113.000000"/>
   <element name="swap_asa_blade" layername="swap_asa_blade-" frame="1" z_index="2" m_a="1.000000" m_b="0.000000" m_c="0.000000" m_d="1.000000" m_tx="-32.000000" m_ty="118.000000"/>
   <element name="swap_asa_blade" layername="swap_asa_blade" frame="0" z_index="1" m_a="1.000000" m_b="0.000000" m_c="0.000000" m_d="1.000000" m_tx="124.000000" m_ty="101.000000"/>
  </frame>
 </anim>
</Anims>
