<Anims>
 <anim name="open" root="zxcatsrightlight" numframes="3000" framerate="40">
  <frame idx="0" w="941" h="1162" x="54.612366" y="-256.000000">
   <element name="images" layername="open" frame="1" z_index="2" m_a="1.000000" m_b="0.000000" m_c="0.000000" m_d="1.000000" m_tx="0.000000" m_ty="0.000000"/>
   <element name="images" layername="point" frame="0" z_index="3" m_a="5.000000" m_b="0.000000" m_c="0.000000" m_d="5.000000" m_tx="59.224720" m_ty="-393.719116"/>
  </frame>
  <frame idx="25" w="944" h="1162" x="57.112366" y="-256.000000">
   <element name="images" layername="open" frame="1" z_index="2" m_a="1.000000" m_b="0.000000" m_c="0.000000" m_d="1.000000" m_tx="0.000000" m_ty="0.000000"/>
   <element name="images" layername="point" frame="0" z_index="3" m_a="5.050000" m_b="0.000000" m_c="0.000000" m_d="5.050000" m_tx="59.224720" m_ty="-393.719116"/>
  </frame>
  <frame idx="50" w="946" h="1162" x="59.612366" y="-256.000000">
   <element name="images" layername="open" frame="1" z_index="2" m_a="1.000000" m_b="0.000000" m_c="0.000000" m_d="1.000000" m_tx="0.000000" m_ty="0.000000"/>
   <element name="images" layername="point" frame="0" z_index="3" m_a="5.100000" m_b="0.000000" m_c="0.000000" m_d="5.100000" m_tx="59.224720" m_ty="-393.719116"/>
  </frame>
  <frame idx="75" w="950" h="1162" x="62.112366" y="-256.000000">
   <element name="images" layername="open" frame="1" z_index="2" m_a="1.000000" m_b="0.000000" m_c="0.000000" m_d="1.000000" m_tx="0.000000" m_ty="0.000000"/>
   <element name="images" layername="point" frame="0" z_index="3" m_a="5.150000" m_b="0.000000" m_c="0.000000" m_d="5.150000" m_tx="59.224720" m_ty="-393.719116"/>
  </frame>
  <frame idx="100" w="952" h="1162" x="64.612366" y="-256.000000">
   <element name="images" layername="open" frame="1" z_index="2" m_a="1.000000" m_b="0.000000" m_c="0.000000" m_d="1.000000" m_tx="0.000000" m_ty="0.000000"/>
   <element name="images" layername="point" frame="0" z_index="3" m_a="5.200000" m_b="0.000000" m_c="0.000000" m_d="5.200000" m_tx="59.224720" m_ty="-393.719116"/>
  </frame>
  <frame idx="125" w="955" h="1162" x="67.112366" y="-256.000000">
   <element name="images" layername="open" frame="1" z_index="2" m_a="1.000000" m_b="0.000000" m_c="0.000000" m_d="1.000000" m_tx="0.000000" m_ty="0.000000"/>
   <element name="images" layername="point" frame="0" z_index="3" m_a="5.250000" m_b="0.000000" m_c="0.000000" m_d="5.250000" m_tx="59.224720" m_ty="-393.719116"/>
  </frame>
  <frame idx="150" w="957" h="1162" x="69.612366" y="-256.000000">
   <element name="images" layername="open" frame="1" z_index="2" m_a="1.000000" m_b="0.000000" m_c="0.000000" m_d="1.000000" m_tx="0.000000" m_ty="0.000000"/>
   <element name="images" layername="point" frame="0" z_index="3" m_a="5.300000" m_b="0.000000" m_c="0.000000" m_d="5.300000" m_tx="59.224720" m_ty="-393.719116"/>
  </frame>
  <frame idx="175" w="961" h="1162" x="72.112366" y="-256.000000">
   <element name="images" layername="open" frame="1" z_index="2" m_a="1.000000" m_b="0.000000" m_c="0.000000" m_d="1.000000" m_tx="0.000000" m_ty="0.000000"/>
   <element name="images" layername="point" frame="0" z_index="3" m_a="5.350000" m_b="0.000000" m_c="0.000000" m_d="5.350000" m_tx="59.224720" m_ty="-393.719116"/>
  </frame>
  <frame idx="200" w="963" h="1162" x="74.612366" y="-256.000000">
   <element name="images" layername="open" frame="1" z_index="2" m_a="1.000000" m_b="0.000000" m_c="0.000000" m_d="1.000000" m_tx="0.000000" m_ty="0.000000"/>
   <element name="images" layername="point" frame="0" z_index="3" m_a="5.400000" m_b="0.000000" m_c="0.000000" m_d="5.400000" m_tx="59.224720" m_ty="-393.719116"/>
  </frame>
  <frame idx="225" w="966" h="1162" x="77.112366" y="-256.000000">
   <element name="images" layername="open" frame="1" z_index="2" m_a="1.000000" m_b="0.000000" m_c="0.000000" m_d="1.000000" m_tx="0.000000" m_ty="0.000000"/>
   <element name="images" layername="point" frame="0" z_index="3" m_a="5.450000" m_b="0.000000" m_c="0.000000" m_d="5.450000" m_tx="59.224720" m_ty="-393.719116"/>
  </frame>
  <frame idx="250" w="968" h="1162" x="79.612366" y="-256.000000">
   <element name="images" layername="open" frame="1" z_index="2" m_a="1.000000" m_b="0.000000" m_c="0.000000" m_d="1.000000" m_tx="0.000000" m_ty="0.000000"/>
   <element name="images" layername="point" frame="0" z_index="3" m_a="5.500000" m_b="0.000000" m_c="0.000000" m_d="5.500000" m_tx="59.224720" m_ty="-393.719116"/>
  </frame>
  <frame idx="275" w="972" h="1162" x="82.112366" y="-256.000000">
   <element name="images" layername="open" frame="1" z_index="2" m_a="1.000000" m_b="0.000000" m_c="0.000000" m_d="1.000000" m_tx="0.000000" m_ty="0.000000"/>
   <element name="images" layername="point" frame="0" z_index="3" m_a="5.550000" m_b="0.000000" m_c="0.000000" m_d="5.550000" m_tx="59.224720" m_ty="-393.719116"/>
  </frame>
  <frame idx="300" w="974" h="1162" x="84.612366" y="-256.000000">
   <element name="images" layername="open" frame="1" z_index="2" m_a="1.000000" m_b="0.000000" m_c="0.000000" m_d="1.000000" m_tx="0.000000" m_ty="0.000000"/>
   <element name="images" layername="point" frame="0" z_index="3" m_a="5.600000" m_b="0.000000" m_c="0.000000" m_d="5.600000" m_tx="59.224720" m_ty="-393.719116"/>
  </frame>
  <frame idx="325" w="977" h="1162" x="87.112366" y="-256.000000">
   <element name="images" layername="open" frame="1" z_index="2" m_a="1.000000" m_b="0.000000" m_c="0.000000" m_d="1.000000" m_tx="0.000000" m_ty="0.000000"/>
   <element name="images" layername="point" frame="0" z_index="3" m_a="5.650000" m_b="0.000000" m_c="0.000000" m_d="5.650000" m_tx="59.224720" m_ty="-393.719116"/>
  </frame>
  <frame idx="350" w="979" h="1162" x="89.612366" y="-256.000000">
   <element name="images" layername="open" frame="1" z_index="2" m_a="1.000000" m_b="0.000000" m_c="0.000000" m_d="1.000000" m_tx="0.000000" m_ty="0.000000"/>
   <element name="images" layername="point" frame="0" z_index="3" m_a="5.700000" m_b="0.000000" m_c="0.000000" m_d="5.700000" m_tx="59.224720" m_ty="-393.719116"/>
  </frame>
  <frame idx="375" w="983" h="1162" x="92.112366" y="-256.000000">
   <element name="images" layername="open" frame="1" z_index="2" m_a="1.000000" m_b="0.000000" m_c="0.000000" m_d="1.000000" m_tx="0.000000" m_ty="0.000000"/>
   <element name="images" layername="point" frame="0" z_index="3" m_a="5.750000" m_b="0.000000" m_c="0.000000" m_d="5.750000" m_tx="59.224720" m_ty="-393.719116"/>
  </frame>
  <frame idx="400" w="985" h="1162" x="94.612366" y="-256.000000">
   <element name="images" layername="open" frame="1" z_index="2" m_a="1.000000" m_b="0.000000" m_c="0.000000" m_d="1.000000" m_tx="0.000000" m_ty="0.000000"/>
   <element name="images" layername="point" frame="0" z_index="3" m_a="5.800000" m_b="0.000000" m_c="0.000000" m_d="5.800000" m_tx="59.224720" m_ty="-393.719116"/>
  </frame>
  <frame idx="425" w="988" h="1162" x="97.112366" y="-256.000000">
   <element name="images" layername="open" frame="1" z_index="2" m_a="1.000000" m_b="0.000000" m_c="0.000000" m_d="1.000000" m_tx="0.000000" m_ty="0.000000"/>
   <element name="images" layername="point" frame="0" z_index="3" m_a="5.850000" m_b="0.000000" m_c="0.000000" m_d="5.850000" m_tx="59.224720" m_ty="-393.719116"/>
  </frame>
  <frame idx="450" w="990" h="1164" x="99.612366" y="-254.859558">
   <element name="images" layername="open" frame="1" z_index="2" m_a="1.000000" m_b="0.000000" m_c="0.000000" m_d="1.000000" m_tx="0.000000" m_ty="0.000000"/>
   <element name="images" layername="point" frame="0" z_index="3" m_a="5.900000" m_b="0.000000" m_c="0.000000" m_d="5.900000" m_tx="59.224720" m_ty="-393.719116"/>
  </frame>
  <frame idx="475" w="994" h="1166" x="102.112366" y="-252.359558">
   <element name="images" layername="open" frame="1" z_index="2" m_a="1.000000" m_b="0.000000" m_c="0.000000" m_d="1.000000" m_tx="0.000000" m_ty="0.000000"/>
   <element name="images" layername="point" frame="0" z_index="3" m_a="5.950000" m_b="0.000000" m_c="0.000000" m_d="5.950000" m_tx="59.224720" m_ty="-393.719116"/>
  </frame>
  <frame idx="500" w="996" h="1170" x="104.612366" y="-249.859558">
   <element name="images" layername="open" frame="1" z_index="2" m_a="1.000000" m_b="0.000000" m_c="0.000000" m_d="1.000000" m_tx="0.000000" m_ty="0.000000"/>
   <element name="images" layername="point" frame="0" z_index="3" m_a="6.000000" m_b="0.000000" m_c="0.000000" m_d="6.000000" m_tx="59.224720" m_ty="-393.719116"/>
  </frame>
  <frame idx="525" w="999" h="1172" x="107.112366" y="-247.359558">
   <element name="images" layername="open" frame="1" z_index="2" m_a="1.000000" m_b="0.000000" m_c="0.000000" m_d="1.000000" m_tx="0.000000" m_ty="0.000000"/>
   <element name="images" layername="point" frame="0" z_index="3" m_a="6.050000" m_b="0.000000" m_c="0.000000" m_d="6.050000" m_tx="59.224720" m_ty="-393.719116"/>
  </frame>
  <frame idx="550" w="1001" h="1175" x="109.612366" y="-244.859558">
   <element name="images" layername="open" frame="1" z_index="2" m_a="1.000000" m_b="0.000000" m_c="0.000000" m_d="1.000000" m_tx="0.000000" m_ty="0.000000"/>
   <element name="images" layername="point" frame="0" z_index="3" m_a="6.100000" m_b="0.000000" m_c="0.000000" m_d="6.100000" m_tx="59.224720" m_ty="-393.719116"/>
  </frame>
  <frame idx="575" w="1005" h="1177" x="112.112366" y="-242.359558">
   <element name="images" layername="open" frame="1" z_index="2" m_a="1.000000" m_b="0.000000" m_c="0.000000" m_d="1.000000" m_tx="0.000000" m_ty="0.000000"/>
   <element name="images" layername="point" frame="0" z_index="3" m_a="6.150000" m_b="0.000000" m_c="0.000000" m_d="6.150000" m_tx="59.224720" m_ty="-393.719116"/>
  </frame>
  <frame idx="600" w="1007" h="1181" x="114.612366" y="-239.859558">
   <element name="images" layername="open" frame="1" z_index="2" m_a="1.000000" m_b="0.000000" m_c="0.000000" m_d="1.000000" m_tx="0.000000" m_ty="0.000000"/>
   <element name="images" layername="point" frame="0" z_index="3" m_a="6.200000" m_b="0.000000" m_c="0.000000" m_d="6.200000" m_tx="59.224720" m_ty="-393.719116"/>
  </frame>
  <frame idx="625" w="1010" h="1183" x="117.112366" y="-237.359558">
   <element name="images" layername="open" frame="1" z_index="2" m_a="1.000000" m_b="0.000000" m_c="0.000000" m_d="1.000000" m_tx="0.000000" m_ty="0.000000"/>
   <element name="images" layername="point" frame="0" z_index="3" m_a="6.250000" m_b="0.000000" m_c="0.000000" m_d="6.250000" m_tx="59.224720" m_ty="-393.719116"/>
  </frame>
  <frame idx="650" w="1012" h="1186" x="119.612366" y="-234.859558">
   <element name="images" layername="open" frame="1" z_index="2" m_a="1.000000" m_b="0.000000" m_c="0.000000" m_d="1.000000" m_tx="0.000000" m_ty="0.000000"/>
   <element name="images" layername="point" frame="0" z_index="3" m_a="6.300000" m_b="0.000000" m_c="0.000000" m_d="6.300000" m_tx="59.224720" m_ty="-393.719116"/>
  </frame>
  <frame idx="675" w="1016" h="1188" x="122.112366" y="-232.359558">
   <element name="images" layername="open" frame="1" z_index="2" m_a="1.000000" m_b="0.000000" m_c="0.000000" m_d="1.000000" m_tx="0.000000" m_ty="0.000000"/>
   <element name="images" layername="point" frame="0" z_index="3" m_a="6.350000" m_b="0.000000" m_c="0.000000" m_d="6.350000" m_tx="59.224720" m_ty="-393.719116"/>
  </frame>
  <frame idx="700" w="1018" h="1192" x="124.612366" y="-229.859558">
   <element name="images" layername="open" frame="1" z_index="2" m_a="1.000000" m_b="0.000000" m_c="0.000000" m_d="1.000000" m_tx="0.000000" m_ty="0.000000"/>
   <element name="images" layername="point" frame="0" z_index="3" m_a="6.400000" m_b="0.000000" m_c="0.000000" m_d="6.400000" m_tx="59.224720" m_ty="-393.719116"/>
  </frame>
  <frame idx="725" w="1021" h="1194" x="127.112366" y="-227.359558">
   <element name="images" layername="open" frame="1" z_index="2" m_a="1.000000" m_b="0.000000" m_c="0.000000" m_d="1.000000" m_tx="0.000000" m_ty="0.000000"/>
   <element name="images" layername="point" frame="0" z_index="3" m_a="6.450000" m_b="0.000000" m_c="0.000000" m_d="6.450000" m_tx="59.224720" m_ty="-393.719116"/>
  </frame>
  <frame idx="750" w="1023" h="1197" x="129.612366" y="-224.859558">
   <element name="images" layername="open" frame="1" z_index="2" m_a="1.000000" m_b="0.000000" m_c="0.000000" m_d="1.000000" m_tx="0.000000" m_ty="0.000000"/>
   <element name="images" layername="point" frame="0" z_index="3" m_a="6.500000" m_b="0.000000" m_c="0.000000" m_d="6.500000" m_tx="59.224720" m_ty="-393.719116"/>
  </frame>
  <frame idx="775" w="1027" h="1199" x="132.112366" y="-222.359558">
   <element name="images" layername="open" frame="1" z_index="2" m_a="1.000000" m_b="0.000000" m_c="0.000000" m_d="1.000000" m_tx="0.000000" m_ty="0.000000"/>
   <element name="images" layername="point" frame="0" z_index="3" m_a="6.550000" m_b="0.000000" m_c="0.000000" m_d="6.550000" m_tx="59.224720" m_ty="-393.719116"/>
  </frame>
  <frame idx="800" w="1029" h="1203" x="134.612427" y="-219.859528">
   <element name="images" layername="open" frame="1" z_index="2" m_a="1.000000" m_b="0.000000" m_c="0.000000" m_d="1.000000" m_tx="0.000000" m_ty="0.000000"/>
   <element name="images" layername="point" frame="0" z_index="3" m_a="6.600000" m_b="0.000000" m_c="0.000000" m_d="6.600000" m_tx="59.224720" m_ty="-393.719116"/>
  </frame>
  <frame idx="825" w="1032" h="1205" x="137.112366" y="-217.359558">
   <element name="images" layername="open" frame="1" z_index="2" m_a="1.000000" m_b="0.000000" m_c="0.000000" m_d="1.000000" m_tx="0.000000" m_ty="0.000000"/>
   <element name="images" layername="point" frame="0" z_index="3" m_a="6.650000" m_b="0.000000" m_c="0.000000" m_d="6.650000" m_tx="59.224720" m_ty="-393.719116"/>
  </frame>
  <frame idx="850" w="1034" h="1208" x="139.612366" y="-214.859558">
   <element name="images" layername="open" frame="1" z_index="2" m_a="1.000000" m_b="0.000000" m_c="0.000000" m_d="1.000000" m_tx="0.000000" m_ty="0.000000"/>
   <element name="images" layername="point" frame="0" z_index="3" m_a="6.700000" m_b="0.000000" m_c="0.000000" m_d="6.700000" m_tx="59.224720" m_ty="-393.719116"/>
  </frame>
  <frame idx="875" w="1038" h="1210" x="142.112366" y="-212.359558">
   <element name="images" layername="open" frame="1" z_index="2" m_a="1.000000" m_b="0.000000" m_c="0.000000" m_d="1.000000" m_tx="0.000000" m_ty="0.000000"/>
   <element name="images" layername="point" frame="0" z_index="3" m_a="6.750000" m_b="0.000000" m_c="0.000000" m_d="6.750000" m_tx="59.224720" m_ty="-393.719116"/>
  </frame>
  <frame idx="900" w="1040" h="1214" x="144.612366" y="-209.859558">
   <element name="images" layername="open" frame="1" z_index="2" m_a="1.000000" m_b="0.000000" m_c="0.000000" m_d="1.000000" m_tx="0.000000" m_ty="0.000000"/>
   <element name="images" layername="point" frame="0" z_index="3" m_a="6.800000" m_b="0.000000" m_c="0.000000" m_d="6.800000" m_tx="59.224720" m_ty="-393.719116"/>
  </frame>
  <frame idx="925" w="1043" h="1216" x="147.112366" y="-207.359558">
   <element name="images" layername="open" frame="1" z_index="2" m_a="1.000000" m_b="0.000000" m_c="0.000000" m_d="1.000000" m_tx="0.000000" m_ty="0.000000"/>
   <element name="images" layername="point" frame="0" z_index="3" m_a="6.850000" m_b="0.000000" m_c="0.000000" m_d="6.850000" m_tx="59.224720" m_ty="-393.719116"/>
  </frame>
  <frame idx="950" w="1045" h="1219" x="149.612366" y="-204.859558">
   <element name="images" layername="open" frame="1" z_index="2" m_a="1.000000" m_b="0.000000" m_c="0.000000" m_d="1.000000" m_tx="0.000000" m_ty="0.000000"/>
   <element name="images" layername="point" frame="0" z_index="3" m_a="6.900000" m_b="0.000000" m_c="0.000000" m_d="6.900000" m_tx="59.224720" m_ty="-393.719116"/>
  </frame>
  <frame idx="975" w="1049" h="1221" x="152.112366" y="-202.359558">
   <element name="images" layername="open" frame="1" z_index="2" m_a="1.000000" m_b="0.000000" m_c="0.000000" m_d="1.000000" m_tx="0.000000" m_ty="0.000000"/>
   <element name="images" layername="point" frame="0" z_index="3" m_a="6.950000" m_b="0.000000" m_c="0.000000" m_d="6.950000" m_tx="59.224720" m_ty="-393.719116"/>
  </frame>
  <frame idx="1000" w="1051" h="1225" x="154.612366" y="-199.859558">
   <element name="images" layername="open" frame="1" z_index="2" m_a="1.000000" m_b="0.000000" m_c="0.000000" m_d="1.000000" m_tx="0.000000" m_ty="0.000000"/>
   <element name="images" layername="point" frame="0" z_index="3" m_a="7.000000" m_b="0.000000" m_c="0.000000" m_d="7.000000" m_tx="59.224720" m_ty="-393.719116"/>
  </frame>
  <frame idx="1025" w="1054" h="1227" x="157.112366" y="-197.359558">
   <element name="images" layername="open" frame="1" z_index="2" m_a="1.000000" m_b="0.000000" m_c="0.000000" m_d="1.000000" m_tx="0.000000" m_ty="0.000000"/>
   <element name="images" layername="point" frame="0" z_index="3" m_a="7.050000" m_b="0.000000" m_c="0.000000" m_d="7.050000" m_tx="59.224720" m_ty="-393.719116"/>
  </frame>
  <frame idx="1050" w="1056" h="1230" x="159.612366" y="-194.859558">
   <element name="images" layername="open" frame="1" z_index="2" m_a="1.000000" m_b="0.000000" m_c="0.000000" m_d="1.000000" m_tx="0.000000" m_ty="0.000000"/>
   <element name="images" layername="point" frame="0" z_index="3" m_a="7.100000" m_b="0.000000" m_c="0.000000" m_d="7.100000" m_tx="59.224720" m_ty="-393.719116"/>
  </frame>
  <frame idx="1075" w="1060" h="1232" x="162.112305" y="-192.359589">
   <element name="images" layername="open" frame="1" z_index="2" m_a="1.000000" m_b="0.000000" m_c="0.000000" m_d="1.000000" m_tx="0.000000" m_ty="0.000000"/>
   <element name="images" layername="point" frame="0" z_index="3" m_a="7.150000" m_b="0.000000" m_c="0.000000" m_d="7.150000" m_tx="59.224720" m_ty="-393.719116"/>
  </frame>
  <frame idx="1100" w="1062" h="1236" x="164.612366" y="-189.859558">
   <element name="images" layername="open" frame="1" z_index="2" m_a="1.000000" m_b="0.000000" m_c="0.000000" m_d="1.000000" m_tx="0.000000" m_ty="0.000000"/>
   <element name="images" layername="point" frame="0" z_index="3" m_a="7.200000" m_b="0.000000" m_c="0.000000" m_d="7.200000" m_tx="59.224720" m_ty="-393.719116"/>
  </frame>
  <frame idx="1125" w="1065" h="1238" x="167.112366" y="-187.359558">
   <element name="images" layername="open" frame="1" z_index="2" m_a="1.000000" m_b="0.000000" m_c="0.000000" m_d="1.000000" m_tx="0.000000" m_ty="0.000000"/>
   <element name="images" layername="point" frame="0" z_index="3" m_a="7.250000" m_b="0.000000" m_c="0.000000" m_d="7.250000" m_tx="59.224720" m_ty="-393.719116"/>
  </frame>
  <frame idx="1150" w="1067" h="1241" x="169.612366" y="-184.859558">
   <element name="images" layername="open" frame="1" z_index="2" m_a="1.000000" m_b="0.000000" m_c="0.000000" m_d="1.000000" m_tx="0.000000" m_ty="0.000000"/>
   <element name="images" layername="point" frame="0" z_index="3" m_a="7.300000" m_b="0.000000" m_c="0.000000" m_d="7.300000" m_tx="59.224720" m_ty="-393.719116"/>
  </frame>
  <frame idx="1175" w="1071" h="1243" x="172.112427" y="-182.359528">
   <element name="images" layername="open" frame="1" z_index="2" m_a="1.000000" m_b="0.000000" m_c="0.000000" m_d="1.000000" m_tx="0.000000" m_ty="0.000000"/>
   <element name="images" layername="point" frame="0" z_index="3" m_a="7.350000" m_b="0.000000" m_c="0.000000" m_d="7.350000" m_tx="59.224720" m_ty="-393.719116"/>
  </frame>
  <frame idx="1200" w="1073" h="1247" x="174.612366" y="-179.859558">
   <element name="images" layername="open" frame="1" z_index="2" m_a="1.000000" m_b="0.000000" m_c="0.000000" m_d="1.000000" m_tx="0.000000" m_ty="0.000000"/>
   <element name="images" layername="point" frame="0" z_index="3" m_a="7.400000" m_b="0.000000" m_c="0.000000" m_d="7.400000" m_tx="59.224720" m_ty="-393.719116"/>
  </frame>
  <frame idx="1225" w="1076" h="1249" x="177.112366" y="-177.359558">
   <element name="images" layername="open" frame="1" z_index="2" m_a="1.000000" m_b="0.000000" m_c="0.000000" m_d="1.000000" m_tx="0.000000" m_ty="0.000000"/>
   <element name="images" layername="point" frame="0" z_index="3" m_a="7.450000" m_b="0.000000" m_c="0.000000" m_d="7.450000" m_tx="59.224720" m_ty="-393.719116"/>
  </frame>
  <frame idx="1250" w="1078" h="1252" x="179.612366" y="-174.859558">
   <element name="images" layername="open" frame="1" z_index="2" m_a="1.000000" m_b="0.000000" m_c="0.000000" m_d="1.000000" m_tx="0.000000" m_ty="0.000000"/>
   <element name="images" layername="point" frame="0" z_index="3" m_a="7.500000" m_b="0.000000" m_c="0.000000" m_d="7.500000" m_tx="59.224720" m_ty="-393.719116"/>
  </frame>
  <frame idx="1275" w="1082" h="1254" x="182.112366" y="-172.359558">
   <element name="images" layername="open" frame="1" z_index="2" m_a="1.000000" m_b="0.000000" m_c="0.000000" m_d="1.000000" m_tx="0.000000" m_ty="0.000000"/>
   <element name="images" layername="point" frame="0" z_index="3" m_a="7.550000" m_b="0.000000" m_c="0.000000" m_d="7.550000" m_tx="59.224720" m_ty="-393.719116"/>
  </frame>
  <frame idx="1300" w="1084" h="1258" x="184.612366" y="-169.859558">
   <element name="images" layername="open" frame="1" z_index="2" m_a="1.000000" m_b="0.000000" m_c="0.000000" m_d="1.000000" m_tx="0.000000" m_ty="0.000000"/>
   <element name="images" layername="point" frame="0" z_index="3" m_a="7.600000" m_b="0.000000" m_c="0.000000" m_d="7.600000" m_tx="59.224720" m_ty="-393.719116"/>
  </frame>
  <frame idx="1325" w="1087" h="1260" x="187.112366" y="-167.359558">
   <element name="images" layername="open" frame="1" z_index="2" m_a="1.000000" m_b="0.000000" m_c="0.000000" m_d="1.000000" m_tx="0.000000" m_ty="0.000000"/>
   <element name="images" layername="point" frame="0" z_index="3" m_a="7.650000" m_b="0.000000" m_c="0.000000" m_d="7.650000" m_tx="59.224720" m_ty="-393.719116"/>
  </frame>
  <frame idx="1350" w="1089" h="1263" x="189.612366" y="-164.859558">
   <element name="images" layername="open" frame="1" z_index="2" m_a="1.000000" m_b="0.000000" m_c="0.000000" m_d="1.000000" m_tx="0.000000" m_ty="0.000000"/>
   <element name="images" layername="point" frame="0" z_index="3" m_a="7.700000" m_b="0.000000" m_c="0.000000" m_d="7.700000" m_tx="59.224720" m_ty="-393.719116"/>
  </frame>
  <frame idx="1375" w="1093" h="1265" x="192.112366" y="-162.359558">
   <element name="images" layername="open" frame="1" z_index="2" m_a="1.000000" m_b="0.000000" m_c="0.000000" m_d="1.000000" m_tx="0.000000" m_ty="0.000000"/>
   <element name="images" layername="point" frame="0" z_index="3" m_a="7.750000" m_b="0.000000" m_c="0.000000" m_d="7.750000" m_tx="59.224720" m_ty="-393.719116"/>
  </frame>
  <frame idx="1400" w="1095" h="1269" x="194.612366" y="-159.859558">
   <element name="images" layername="open" frame="1" z_index="2" m_a="1.000000" m_b="0.000000" m_c="0.000000" m_d="1.000000" m_tx="0.000000" m_ty="0.000000"/>
   <element name="images" layername="point" frame="0" z_index="3" m_a="7.800000" m_b="0.000000" m_c="0.000000" m_d="7.800000" m_tx="59.224720" m_ty="-393.719116"/>
  </frame>
  <frame idx="1425" w="1098" h="1271" x="197.112366" y="-157.359558">
   <element name="images" layername="open" frame="1" z_index="2" m_a="1.000000" m_b="0.000000" m_c="0.000000" m_d="1.000000" m_tx="0.000000" m_ty="0.000000"/>
   <element name="images" layername="point" frame="0" z_index="3" m_a="7.850000" m_b="0.000000" m_c="0.000000" m_d="7.850000" m_tx="59.224720" m_ty="-393.719116"/>
  </frame>
  <frame idx="1450" w="1100" h="1274" x="199.612305" y="-154.859589">
   <element name="images" layername="open" frame="1" z_index="2" m_a="1.000000" m_b="0.000000" m_c="0.000000" m_d="1.000000" m_tx="0.000000" m_ty="0.000000"/>
   <element name="images" layername="point" frame="0" z_index="3" m_a="7.900000" m_b="0.000000" m_c="0.000000" m_d="7.900000" m_tx="59.224720" m_ty="-393.719116"/>
  </frame>
  <frame idx="1475" w="1104" h="1276" x="202.112366" y="-152.359558">
   <element name="images" layername="open" frame="1" z_index="2" m_a="1.000000" m_b="0.000000" m_c="0.000000" m_d="1.000000" m_tx="0.000000" m_ty="0.000000"/>
   <element name="images" layername="point" frame="0" z_index="3" m_a="7.950000" m_b="0.000000" m_c="0.000000" m_d="7.950000" m_tx="59.224720" m_ty="-393.719116"/>
  </frame>
  <frame idx="1500" w="1106" h="1280" x="204.612366" y="-149.859558">
   <element name="images" layername="open" frame="1" z_index="2" m_a="1.000000" m_b="0.000000" m_c="0.000000" m_d="1.000000" m_tx="0.000000" m_ty="0.000000"/>
   <element name="images" layername="point" frame="0" z_index="3" m_a="8.000000" m_b="0.000000" m_c="0.000000" m_d="8.000000" m_tx="59.224720" m_ty="-393.719116"/>
  </frame>
  <frame idx="1525" w="1104" h="1276" x="202.112366" y="-152.359558">
   <element name="images" layername="open" frame="1" z_index="2" m_a="1.000000" m_b="0.000000" m_c="0.000000" m_d="1.000000" m_tx="0.000000" m_ty="0.000000"/>
   <element name="images" layername="point" frame="0" z_index="3" m_a="7.950000" m_b="0.000000" m_c="0.000000" m_d="7.950000" m_tx="59.224720" m_ty="-393.719116"/>
  </frame>
  <frame idx="1550" w="1100" h="1274" x="199.612366" y="-154.859558">
   <element name="images" layername="open" frame="1" z_index="2" m_a="1.000000" m_b="0.000000" m_c="0.000000" m_d="1.000000" m_tx="0.000000" m_ty="0.000000"/>
   <element name="images" layername="point" frame="0" z_index="3" m_a="7.900000" m_b="0.000000" m_c="0.000000" m_d="7.900000" m_tx="59.224720" m_ty="-393.719116"/>
  </frame>
  <frame idx="1575" w="1098" h="1271" x="197.112366" y="-157.359558">
   <element name="images" layername="open" frame="1" z_index="2" m_a="1.000000" m_b="0.000000" m_c="0.000000" m_d="1.000000" m_tx="0.000000" m_ty="0.000000"/>
   <element name="images" layername="point" frame="0" z_index="3" m_a="7.850000" m_b="0.000000" m_c="0.000000" m_d="7.850000" m_tx="59.224720" m_ty="-393.719116"/>
  </frame>
  <frame idx="1600" w="1095" h="1269" x="194.612366" y="-159.859558">
   <element name="images" layername="open" frame="1" z_index="2" m_a="1.000000" m_b="0.000000" m_c="0.000000" m_d="1.000000" m_tx="0.000000" m_ty="0.000000"/>
   <element name="images" layername="point" frame="0" z_index="3" m_a="7.800000" m_b="0.000000" m_c="0.000000" m_d="7.800000" m_tx="59.224720" m_ty="-393.719116"/>
  </frame>
  <frame idx="1625" w="1093" h="1265" x="192.112366" y="-162.359558">
   <element name="images" layername="open" frame="1" z_index="2" m_a="1.000000" m_b="0.000000" m_c="0.000000" m_d="1.000000" m_tx="0.000000" m_ty="0.000000"/>
   <element name="images" layername="point" frame="0" z_index="3" m_a="7.750000" m_b="0.000000" m_c="0.000000" m_d="7.750000" m_tx="59.224720" m_ty="-393.719116"/>
  </frame>
  <frame idx="1650" w="1089" h="1263" x="189.612366" y="-164.859558">
   <element name="images" layername="open" frame="1" z_index="2" m_a="1.000000" m_b="0.000000" m_c="0.000000" m_d="1.000000" m_tx="0.000000" m_ty="0.000000"/>
   <element name="images" layername="point" frame="0" z_index="3" m_a="7.700000" m_b="0.000000" m_c="0.000000" m_d="7.700000" m_tx="59.224720" m_ty="-393.719116"/>
  </frame>
  <frame idx="1675" w="1087" h="1260" x="187.112366" y="-167.359558">
   <element name="images" layername="open" frame="1" z_index="2" m_a="1.000000" m_b="0.000000" m_c="0.000000" m_d="1.000000" m_tx="0.000000" m_ty="0.000000"/>
   <element name="images" layername="point" frame="0" z_index="3" m_a="7.650000" m_b="0.000000" m_c="0.000000" m_d="7.650000" m_tx="59.224720" m_ty="-393.719116"/>
  </frame>
  <frame idx="1700" w="1084" h="1258" x="184.612366" y="-169.859558">
   <element name="images" layername="open" frame="1" z_index="2" m_a="1.000000" m_b="0.000000" m_c="0.000000" m_d="1.000000" m_tx="0.000000" m_ty="0.000000"/>
   <element name="images" layername="point" frame="0" z_index="3" m_a="7.600000" m_b="0.000000" m_c="0.000000" m_d="7.600000" m_tx="59.224720" m_ty="-393.719116"/>
  </frame>
  <frame idx="1725" w="1082" h="1254" x="182.112366" y="-172.359558">
   <element name="images" layername="open" frame="1" z_index="2" m_a="1.000000" m_b="0.000000" m_c="0.000000" m_d="1.000000" m_tx="0.000000" m_ty="0.000000"/>
   <element name="images" layername="point" frame="0" z_index="3" m_a="7.550000" m_b="0.000000" m_c="0.000000" m_d="7.550000" m_tx="59.224720" m_ty="-393.719116"/>
  </frame>
  <frame idx="1750" w="1078" h="1252" x="179.612366" y="-174.859558">
   <element name="images" layername="open" frame="1" z_index="2" m_a="1.000000" m_b="0.000000" m_c="0.000000" m_d="1.000000" m_tx="0.000000" m_ty="0.000000"/>
   <element name="images" layername="point" frame="0" z_index="3" m_a="7.500000" m_b="0.000000" m_c="0.000000" m_d="7.500000" m_tx="59.224720" m_ty="-393.719116"/>
  </frame>
  <frame idx="1775" w="1076" h="1249" x="177.112366" y="-177.359558">
   <element name="images" layername="open" frame="1" z_index="2" m_a="1.000000" m_b="0.000000" m_c="0.000000" m_d="1.000000" m_tx="0.000000" m_ty="0.000000"/>
   <element name="images" layername="point" frame="0" z_index="3" m_a="7.450000" m_b="0.000000" m_c="0.000000" m_d="7.450000" m_tx="59.224720" m_ty="-393.719116"/>
  </frame>
  <frame idx="1800" w="1073" h="1247" x="174.612366" y="-179.859558">
   <element name="images" layername="open" frame="1" z_index="2" m_a="1.000000" m_b="0.000000" m_c="0.000000" m_d="1.000000" m_tx="0.000000" m_ty="0.000000"/>
   <element name="images" layername="point" frame="0" z_index="3" m_a="7.400000" m_b="0.000000" m_c="0.000000" m_d="7.400000" m_tx="59.224720" m_ty="-393.719116"/>
  </frame>
  <frame idx="1825" w="1071" h="1243" x="172.112366" y="-182.359558">
   <element name="images" layername="open" frame="1" z_index="2" m_a="1.000000" m_b="0.000000" m_c="0.000000" m_d="1.000000" m_tx="0.000000" m_ty="0.000000"/>
   <element name="images" layername="point" frame="0" z_index="3" m_a="7.350000" m_b="0.000000" m_c="0.000000" m_d="7.350000" m_tx="59.224720" m_ty="-393.719116"/>
  </frame>
  <frame idx="1850" w="1067" h="1241" x="169.612366" y="-184.859558">
   <element name="images" layername="open" frame="1" z_index="2" m_a="1.000000" m_b="0.000000" m_c="0.000000" m_d="1.000000" m_tx="0.000000" m_ty="0.000000"/>
   <element name="images" layername="point" frame="0" z_index="3" m_a="7.300000" m_b="0.000000" m_c="0.000000" m_d="7.300000" m_tx="59.224720" m_ty="-393.719116"/>
  </frame>
  <frame idx="1875" w="1065" h="1238" x="167.112366" y="-187.359558">
   <element name="images" layername="open" frame="1" z_index="2" m_a="1.000000" m_b="0.000000" m_c="0.000000" m_d="1.000000" m_tx="0.000000" m_ty="0.000000"/>
   <element name="images" layername="point" frame="0" z_index="3" m_a="7.250000" m_b="0.000000" m_c="0.000000" m_d="7.250000" m_tx="59.224720" m_ty="-393.719116"/>
  </frame>
  <frame idx="1900" w="1062" h="1236" x="164.612366" y="-189.859558">
   <element name="images" layername="open" frame="1" z_index="2" m_a="1.000000" m_b="0.000000" m_c="0.000000" m_d="1.000000" m_tx="0.000000" m_ty="0.000000"/>
   <element name="images" layername="point" frame="0" z_index="3" m_a="7.200000" m_b="0.000000" m_c="0.000000" m_d="7.200000" m_tx="59.224720" m_ty="-393.719116"/>
  </frame>
  <frame idx="1925" w="1060" h="1232" x="162.112366" y="-192.359558">
   <element name="images" layername="open" frame="1" z_index="2" m_a="1.000000" m_b="0.000000" m_c="0.000000" m_d="1.000000" m_tx="0.000000" m_ty="0.000000"/>
   <element name="images" layername="point" frame="0" z_index="3" m_a="7.150000" m_b="0.000000" m_c="0.000000" m_d="7.150000" m_tx="59.224720" m_ty="-393.719116"/>
  </frame>
  <frame idx="1950" w="1056" h="1230" x="159.612366" y="-194.859558">
   <element name="images" layername="open" frame="1" z_index="2" m_a="1.000000" m_b="0.000000" m_c="0.000000" m_d="1.000000" m_tx="0.000000" m_ty="0.000000"/>
   <element name="images" layername="point" frame="0" z_index="3" m_a="7.100000" m_b="0.000000" m_c="0.000000" m_d="7.100000" m_tx="59.224720" m_ty="-393.719116"/>
  </frame>
  <frame idx="1975" w="1054" h="1227" x="157.112366" y="-197.359558">
   <element name="images" layername="open" frame="1" z_index="2" m_a="1.000000" m_b="0.000000" m_c="0.000000" m_d="1.000000" m_tx="0.000000" m_ty="0.000000"/>
   <element name="images" layername="point" frame="0" z_index="3" m_a="7.050000" m_b="0.000000" m_c="0.000000" m_d="7.050000" m_tx="59.224720" m_ty="-393.719116"/>
  </frame>
  <frame idx="2000" w="1051" h="1225" x="154.612366" y="-199.859558">
   <element name="images" layername="open" frame="1" z_index="2" m_a="1.000000" m_b="0.000000" m_c="0.000000" m_d="1.000000" m_tx="0.000000" m_ty="0.000000"/>
   <element name="images" layername="point" frame="0" z_index="3" m_a="7.000000" m_b="0.000000" m_c="0.000000" m_d="7.000000" m_tx="59.224720" m_ty="-393.719116"/>
  </frame>
  <frame idx="2025" w="1049" h="1221" x="152.112366" y="-202.359558">
   <element name="images" layername="open" frame="1" z_index="2" m_a="1.000000" m_b="0.000000" m_c="0.000000" m_d="1.000000" m_tx="0.000000" m_ty="0.000000"/>
   <element name="images" layername="point" frame="0" z_index="3" m_a="6.950000" m_b="0.000000" m_c="0.000000" m_d="6.950000" m_tx="59.224720" m_ty="-393.719116"/>
  </frame>
  <frame idx="2050" w="1045" h="1219" x="149.612366" y="-204.859558">
   <element name="images" layername="open" frame="1" z_index="2" m_a="1.000000" m_b="0.000000" m_c="0.000000" m_d="1.000000" m_tx="0.000000" m_ty="0.000000"/>
   <element name="images" layername="point" frame="0" z_index="3" m_a="6.900000" m_b="0.000000" m_c="0.000000" m_d="6.900000" m_tx="59.224720" m_ty="-393.719116"/>
  </frame>
  <frame idx="2075" w="1043" h="1216" x="147.112366" y="-207.359558">
   <element name="images" layername="open" frame="1" z_index="2" m_a="1.000000" m_b="0.000000" m_c="0.000000" m_d="1.000000" m_tx="0.000000" m_ty="0.000000"/>
   <element name="images" layername="point" frame="0" z_index="3" m_a="6.850000" m_b="0.000000" m_c="0.000000" m_d="6.850000" m_tx="59.224720" m_ty="-393.719116"/>
  </frame>
  <frame idx="2100" w="1040" h="1214" x="144.612366" y="-209.859558">
   <element name="images" layername="open" frame="1" z_index="2" m_a="1.000000" m_b="0.000000" m_c="0.000000" m_d="1.000000" m_tx="0.000000" m_ty="0.000000"/>
   <element name="images" layername="point" frame="0" z_index="3" m_a="6.800000" m_b="0.000000" m_c="0.000000" m_d="6.800000" m_tx="59.224720" m_ty="-393.719116"/>
  </frame>
  <frame idx="2125" w="1038" h="1210" x="142.112366" y="-212.359558">
   <element name="images" layername="open" frame="1" z_index="2" m_a="1.000000" m_b="0.000000" m_c="0.000000" m_d="1.000000" m_tx="0.000000" m_ty="0.000000"/>
   <element name="images" layername="point" frame="0" z_index="3" m_a="6.750000" m_b="0.000000" m_c="0.000000" m_d="6.750000" m_tx="59.224720" m_ty="-393.719116"/>
  </frame>
  <frame idx="2150" w="1034" h="1208" x="139.612366" y="-214.859558">
   <element name="images" layername="open" frame="1" z_index="2" m_a="1.000000" m_b="0.000000" m_c="0.000000" m_d="1.000000" m_tx="0.000000" m_ty="0.000000"/>
   <element name="images" layername="point" frame="0" z_index="3" m_a="6.700000" m_b="0.000000" m_c="0.000000" m_d="6.700000" m_tx="59.224720" m_ty="-393.719116"/>
  </frame>
  <frame idx="2175" w="1032" h="1205" x="137.112366" y="-217.359558">
   <element name="images" layername="open" frame="1" z_index="2" m_a="1.000000" m_b="0.000000" m_c="0.000000" m_d="1.000000" m_tx="0.000000" m_ty="0.000000"/>
   <element name="images" layername="point" frame="0" z_index="3" m_a="6.650000" m_b="0.000000" m_c="0.000000" m_d="6.650000" m_tx="59.224720" m_ty="-393.719116"/>
  </frame>
  <frame idx="2200" w="1029" h="1203" x="134.612366" y="-219.859558">
   <element name="images" layername="open" frame="1" z_index="2" m_a="1.000000" m_b="0.000000" m_c="0.000000" m_d="1.000000" m_tx="0.000000" m_ty="0.000000"/>
   <element name="images" layername="point" frame="0" z_index="3" m_a="6.600000" m_b="0.000000" m_c="0.000000" m_d="6.600000" m_tx="59.224720" m_ty="-393.719116"/>
  </frame>
  <frame idx="2225" w="1027" h="1199" x="132.112366" y="-222.359558">
   <element name="images" layername="open" frame="1" z_index="2" m_a="1.000000" m_b="0.000000" m_c="0.000000" m_d="1.000000" m_tx="0.000000" m_ty="0.000000"/>
   <element name="images" layername="point" frame="0" z_index="3" m_a="6.550000" m_b="0.000000" m_c="0.000000" m_d="6.550000" m_tx="59.224720" m_ty="-393.719116"/>
  </frame>
  <frame idx="2250" w="1023" h="1197" x="129.612366" y="-224.859558">
   <element name="images" layername="open" frame="1" z_index="2" m_a="1.000000" m_b="0.000000" m_c="0.000000" m_d="1.000000" m_tx="0.000000" m_ty="0.000000"/>
   <element name="images" layername="point" frame="0" z_index="3" m_a="6.500000" m_b="0.000000" m_c="0.000000" m_d="6.500000" m_tx="59.224720" m_ty="-393.719116"/>
  </frame>
  <frame idx="2275" w="1021" h="1194" x="127.112366" y="-227.359558">
   <element name="images" layername="open" frame="1" z_index="2" m_a="1.000000" m_b="0.000000" m_c="0.000000" m_d="1.000000" m_tx="0.000000" m_ty="0.000000"/>
   <element name="images" layername="point" frame="0" z_index="3" m_a="6.450000" m_b="0.000000" m_c="0.000000" m_d="6.450000" m_tx="59.224720" m_ty="-393.719116"/>
  </frame>
  <frame idx="2300" w="1018" h="1192" x="124.612305" y="-229.859589">
   <element name="images" layername="open" frame="1" z_index="2" m_a="1.000000" m_b="0.000000" m_c="0.000000" m_d="1.000000" m_tx="0.000000" m_ty="0.000000"/>
   <element name="images" layername="point" frame="0" z_index="3" m_a="6.400000" m_b="0.000000" m_c="0.000000" m_d="6.400000" m_tx="59.224720" m_ty="-393.719116"/>
  </frame>
  <frame idx="2325" w="1016" h="1188" x="122.112366" y="-232.359558">
   <element name="images" layername="open" frame="1" z_index="2" m_a="1.000000" m_b="0.000000" m_c="0.000000" m_d="1.000000" m_tx="0.000000" m_ty="0.000000"/>
   <element name="images" layername="point" frame="0" z_index="3" m_a="6.350000" m_b="0.000000" m_c="0.000000" m_d="6.350000" m_tx="59.224720" m_ty="-393.719116"/>
  </frame>
  <frame idx="2350" w="1012" h="1186" x="119.612366" y="-234.859558">
   <element name="images" layername="open" frame="1" z_index="2" m_a="1.000000" m_b="0.000000" m_c="0.000000" m_d="1.000000" m_tx="0.000000" m_ty="0.000000"/>
   <element name="images" layername="point" frame="0" z_index="3" m_a="6.300000" m_b="0.000000" m_c="0.000000" m_d="6.300000" m_tx="59.224720" m_ty="-393.719116"/>
  </frame>
  <frame idx="2375" w="1010" h="1183" x="117.112366" y="-237.359558">
   <element name="images" layername="open" frame="1" z_index="2" m_a="1.000000" m_b="0.000000" m_c="0.000000" m_d="1.000000" m_tx="0.000000" m_ty="0.000000"/>
   <element name="images" layername="point" frame="0" z_index="3" m_a="6.250000" m_b="0.000000" m_c="0.000000" m_d="6.250000" m_tx="59.224720" m_ty="-393.719116"/>
  </frame>
  <frame idx="2400" w="1007" h="1181" x="114.612366" y="-239.859558">
   <element name="images" layername="open" frame="1" z_index="2" m_a="1.000000" m_b="0.000000" m_c="0.000000" m_d="1.000000" m_tx="0.000000" m_ty="0.000000"/>
   <element name="images" layername="point" frame="0" z_index="3" m_a="6.200000" m_b="0.000000" m_c="0.000000" m_d="6.200000" m_tx="59.224720" m_ty="-393.719116"/>
  </frame>
  <frame idx="2425" w="1005" h="1177" x="112.112366" y="-242.359558">
   <element name="images" layername="open" frame="1" z_index="2" m_a="1.000000" m_b="0.000000" m_c="0.000000" m_d="1.000000" m_tx="0.000000" m_ty="0.000000"/>
   <element name="images" layername="point" frame="0" z_index="3" m_a="6.150000" m_b="0.000000" m_c="0.000000" m_d="6.150000" m_tx="59.224720" m_ty="-393.719116"/>
  </frame>
  <frame idx="2450" w="1001" h="1175" x="109.612366" y="-244.859558">
   <element name="images" layername="open" frame="1" z_index="2" m_a="1.000000" m_b="0.000000" m_c="0.000000" m_d="1.000000" m_tx="0.000000" m_ty="0.000000"/>
   <element name="images" layername="point" frame="0" z_index="3" m_a="6.100000" m_b="0.000000" m_c="0.000000" m_d="6.100000" m_tx="59.224720" m_ty="-393.719116"/>
  </frame>
  <frame idx="2475" w="999" h="1172" x="107.112366" y="-247.359558">
   <element name="images" layername="open" frame="1" z_index="2" m_a="1.000000" m_b="0.000000" m_c="0.000000" m_d="1.000000" m_tx="0.000000" m_ty="0.000000"/>
   <element name="images" layername="point" frame="0" z_index="3" m_a="6.050000" m_b="0.000000" m_c="0.000000" m_d="6.050000" m_tx="59.224720" m_ty="-393.719116"/>
  </frame>
  <frame idx="2500" w="996" h="1170" x="104.612366" y="-249.859558">
   <element name="images" layername="open" frame="1" z_index="2" m_a="1.000000" m_b="0.000000" m_c="0.000000" m_d="1.000000" m_tx="0.000000" m_ty="0.000000"/>
   <element name="images" layername="point" frame="0" z_index="3" m_a="6.000000" m_b="0.000000" m_c="0.000000" m_d="6.000000" m_tx="59.224720" m_ty="-393.719116"/>
  </frame>
  <frame idx="2525" w="994" h="1166" x="102.112366" y="-252.359558">
   <element name="images" layername="open" frame="1" z_index="2" m_a="1.000000" m_b="0.000000" m_c="0.000000" m_d="1.000000" m_tx="0.000000" m_ty="0.000000"/>
   <element name="images" layername="point" frame="0" z_index="3" m_a="5.950000" m_b="0.000000" m_c="0.000000" m_d="5.950000" m_tx="59.224720" m_ty="-393.719116"/>
  </frame>
  <frame idx="2550" w="990" h="1164" x="99.612366" y="-254.859558">
   <element name="images" layername="open" frame="1" z_index="2" m_a="1.000000" m_b="0.000000" m_c="0.000000" m_d="1.000000" m_tx="0.000000" m_ty="0.000000"/>
   <element name="images" layername="point" frame="0" z_index="3" m_a="5.900000" m_b="0.000000" m_c="0.000000" m_d="5.900000" m_tx="59.224720" m_ty="-393.719116"/>
  </frame>
  <frame idx="2575" w="988" h="1162" x="97.112396" y="-256.000000">
   <element name="images" layername="open" frame="1" z_index="2" m_a="1.000000" m_b="0.000000" m_c="0.000000" m_d="1.000000" m_tx="0.000000" m_ty="0.000000"/>
   <element name="images" layername="point" frame="0" z_index="3" m_a="5.850000" m_b="0.000000" m_c="0.000000" m_d="5.850000" m_tx="59.224720" m_ty="-393.719116"/>
  </frame>
  <frame idx="2600" w="985" h="1162" x="94.612366" y="-256.000000">
   <element name="images" layername="open" frame="1" z_index="2" m_a="1.000000" m_b="0.000000" m_c="0.000000" m_d="1.000000" m_tx="0.000000" m_ty="0.000000"/>
   <element name="images" layername="point" frame="0" z_index="3" m_a="5.800000" m_b="0.000000" m_c="0.000000" m_d="5.800000" m_tx="59.224720" m_ty="-393.719116"/>
  </frame>
  <frame idx="2625" w="983" h="1162" x="92.112366" y="-256.000000">
   <element name="images" layername="open" frame="1" z_index="2" m_a="1.000000" m_b="0.000000" m_c="0.000000" m_d="1.000000" m_tx="0.000000" m_ty="0.000000"/>
   <element name="images" layername="point" frame="0" z_index="3" m_a="5.750000" m_b="0.000000" m_c="0.000000" m_d="5.750000" m_tx="59.224720" m_ty="-393.719116"/>
  </frame>
  <frame idx="2650" w="979" h="1162" x="89.612366" y="-256.000000">
   <element name="images" layername="open" frame="1" z_index="2" m_a="1.000000" m_b="0.000000" m_c="0.000000" m_d="1.000000" m_tx="0.000000" m_ty="0.000000"/>
   <element name="images" layername="point" frame="0" z_index="3" m_a="5.700000" m_b="0.000000" m_c="0.000000" m_d="5.700000" m_tx="59.224720" m_ty="-393.719116"/>
  </frame>
  <frame idx="2675" w="977" h="1162" x="87.112335" y="-256.000000">
   <element name="images" layername="open" frame="1" z_index="2" m_a="1.000000" m_b="0.000000" m_c="0.000000" m_d="1.000000" m_tx="0.000000" m_ty="0.000000"/>
   <element name="images" layername="point" frame="0" z_index="3" m_a="5.650000" m_b="0.000000" m_c="0.000000" m_d="5.650000" m_tx="59.224720" m_ty="-393.719116"/>
  </frame>
  <frame idx="2700" w="974" h="1162" x="84.612366" y="-256.000000">
   <element name="images" layername="open" frame="1" z_index="2" m_a="1.000000" m_b="0.000000" m_c="0.000000" m_d="1.000000" m_tx="0.000000" m_ty="0.000000"/>
   <element name="images" layername="point" frame="0" z_index="3" m_a="5.600000" m_b="0.000000" m_c="0.000000" m_d="5.600000" m_tx="59.224720" m_ty="-393.719116"/>
  </frame>
  <frame idx="2725" w="972" h="1162" x="82.112366" y="-256.000000">
   <element name="images" layername="open" frame="1" z_index="2" m_a="1.000000" m_b="0.000000" m_c="0.000000" m_d="1.000000" m_tx="0.000000" m_ty="0.000000"/>
   <element name="images" layername="point" frame="0" z_index="3" m_a="5.550000" m_b="0.000000" m_c="0.000000" m_d="5.550000" m_tx="59.224720" m_ty="-393.719116"/>
  </frame>
  <frame idx="2750" w="968" h="1162" x="79.612366" y="-256.000000">
   <element name="images" layername="open" frame="1" z_index="2" m_a="1.000000" m_b="0.000000" m_c="0.000000" m_d="1.000000" m_tx="0.000000" m_ty="0.000000"/>
   <element name="images" layername="point" frame="0" z_index="3" m_a="5.500000" m_b="0.000000" m_c="0.000000" m_d="5.500000" m_tx="59.224720" m_ty="-393.719116"/>
  </frame>
  <frame idx="2775" w="966" h="1162" x="77.112366" y="-256.000000">
   <element name="images" layername="open" frame="1" z_index="2" m_a="1.000000" m_b="0.000000" m_c="0.000000" m_d="1.000000" m_tx="0.000000" m_ty="0.000000"/>
   <element name="images" layername="point" frame="0" z_index="3" m_a="5.450000" m_b="0.000000" m_c="0.000000" m_d="5.450000" m_tx="59.224720" m_ty="-393.719116"/>
  </frame>
  <frame idx="2800" w="963" h="1162" x="74.612366" y="-256.000000">
   <element name="images" layername="open" frame="1" z_index="2" m_a="1.000000" m_b="0.000000" m_c="0.000000" m_d="1.000000" m_tx="0.000000" m_ty="0.000000"/>
   <element name="images" layername="point" frame="0" z_index="3" m_a="5.400000" m_b="0.000000" m_c="0.000000" m_d="5.400000" m_tx="59.224720" m_ty="-393.719116"/>
  </frame>
  <frame idx="2825" w="961" h="1162" x="72.112366" y="-256.000000">
   <element name="images" layername="open" frame="1" z_index="2" m_a="1.000000" m_b="0.000000" m_c="0.000000" m_d="1.000000" m_tx="0.000000" m_ty="0.000000"/>
   <element name="images" layername="point" frame="0" z_index="3" m_a="5.350000" m_b="0.000000" m_c="0.000000" m_d="5.350000" m_tx="59.224720" m_ty="-393.719116"/>
  </frame>
  <frame idx="2850" w="957" h="1162" x="69.612366" y="-256.000000">
   <element name="images" layername="open" frame="1" z_index="2" m_a="1.000000" m_b="0.000000" m_c="0.000000" m_d="1.000000" m_tx="0.000000" m_ty="0.000000"/>
   <element name="images" layername="point" frame="0" z_index="3" m_a="5.300000" m_b="0.000000" m_c="0.000000" m_d="5.300000" m_tx="59.224720" m_ty="-393.719116"/>
  </frame>
  <frame idx="2875" w="955" h="1162" x="67.112366" y="-256.000000">
   <element name="images" layername="open" frame="1" z_index="2" m_a="1.000000" m_b="0.000000" m_c="0.000000" m_d="1.000000" m_tx="0.000000" m_ty="0.000000"/>
   <element name="images" layername="point" frame="0" z_index="3" m_a="5.250000" m_b="0.000000" m_c="0.000000" m_d="5.250000" m_tx="59.224720" m_ty="-393.719116"/>
  </frame>
  <frame idx="2900" w="952" h="1162" x="64.612366" y="-256.000000">
   <element name="images" layername="open" frame="1" z_index="2" m_a="1.000000" m_b="0.000000" m_c="0.000000" m_d="1.000000" m_tx="0.000000" m_ty="0.000000"/>
   <element name="images" layername="point" frame="0" z_index="3" m_a="5.200000" m_b="0.000000" m_c="0.000000" m_d="5.200000" m_tx="59.224720" m_ty="-393.719116"/>
  </frame>
  <frame idx="2925" w="950" h="1162" x="62.112366" y="-256.000000">
   <element name="images" layername="open" frame="1" z_index="2" m_a="1.000000" m_b="0.000000" m_c="0.000000" m_d="1.000000" m_tx="0.000000" m_ty="0.000000"/>
   <element name="images" layername="point" frame="0" z_index="3" m_a="5.150000" m_b="0.000000" m_c="0.000000" m_d="5.150000" m_tx="59.224720" m_ty="-393.719116"/>
  </frame>
  <frame idx="2950" w="946" h="1162" x="59.612366" y="-256.000000">
   <element name="images" layername="open" frame="1" z_index="2" m_a="1.000000" m_b="0.000000" m_c="0.000000" m_d="1.000000" m_tx="0.000000" m_ty="0.000000"/>
   <element name="images" layername="point" frame="0" z_index="3" m_a="5.100000" m_b="0.000000" m_c="0.000000" m_d="5.100000" m_tx="59.224720" m_ty="-393.719116"/>
  </frame>
  <frame idx="2975" w="944" h="1162" x="57.112366" y="-256.000000">
   <element name="images" layername="open" frame="1" z_index="2" m_a="1.000000" m_b="0.000000" m_c="0.000000" m_d="1.000000" m_tx="0.000000" m_ty="0.000000"/>
   <element name="images" layername="point" frame="0" z_index="3" m_a="5.050000" m_b="0.000000" m_c="0.000000" m_d="5.050000" m_tx="59.224720" m_ty="-393.719116"/>
  </frame>
 </anim>
 <anim name="close" root="zxcatsrightlight" numframes="3000" framerate="40">
  <frame idx="0" w="880" h="1162" x="0.000000" y="-256.000000">
   <element name="images" layername="close" frame="2" z_index="3" m_a="1.000000" m_b="0.000000" m_c="0.000000" m_d="1.000000" m_tx="0.000000" m_ty="0.000000"/>
  </frame>
  <frame idx="25" w="880" h="1162" x="0.000000" y="-256.000000">
   <element name="images" layername="close" frame="2" z_index="3" m_a="1.000000" m_b="0.000000" m_c="0.000000" m_d="1.000000" m_tx="0.000000" m_ty="0.000000"/>
  </frame>
  <frame idx="50" w="880" h="1162" x="0.000000" y="-256.000000">
   <element name="images" layername="close" frame="2" z_index="3" m_a="1.000000" m_b="0.000000" m_c="0.000000" m_d="1.000000" m_tx="0.000000" m_ty="0.000000"/>
  </frame>
  <frame idx="75" w="880" h="1162" x="0.000000" y="-256.000000">
   <element name="images" layername="close" frame="2" z_index="3" m_a="1.000000" m_b="0.000000" m_c="0.000000" m_d="1.000000" m_tx="0.000000" m_ty="0.000000"/>
  </frame>
  <frame idx="100" w="880" h="1162" x="0.000000" y="-256.000000">
   <element name="images" layername="close" frame="2" z_index="3" m_a="1.000000" m_b="0.000000" m_c="0.000000" m_d="1.000000" m_tx="0.000000" m_ty="0.000000"/>
  </frame>
  <frame idx="125" w="880" h="1162" x="0.000000" y="-256.000000">
   <element name="images" layername="close" frame="2" z_index="3" m_a="1.000000" m_b="0.000000" m_c="0.000000" m_d="1.000000" m_tx="0.000000" m_ty="0.000000"/>
  </frame>
  <frame idx="150" w="880" h="1162" x="0.000000" y="-256.000000">
   <element name="images" layername="close" frame="2" z_index="3" m_a="1.000000" m_b="0.000000" m_c="0.000000" m_d="1.000000" m_tx="0.000000" m_ty="0.000000"/>
  </frame>
  <frame idx="175" w="880" h="1162" x="0.000000" y="-256.000000">
   <element name="images" layername="close" frame="2" z_index="3" m_a="1.000000" m_b="0.000000" m_c="0.000000" m_d="1.000000" m_tx="0.000000" m_ty="0.000000"/>
  </frame>
  <frame idx="200" w="880" h="1162" x="0.000000" y="-256.000000">
   <element name="images" layername="close" frame="2" z_index="3" m_a="1.000000" m_b="0.000000" m_c="0.000000" m_d="1.000000" m_tx="0.000000" m_ty="0.000000"/>
  </frame>
  <frame idx="225" w="880" h="1162" x="0.000000" y="-256.000000">
   <element name="images" layername="close" frame="2" z_index="3" m_a="1.000000" m_b="0.000000" m_c="0.000000" m_d="1.000000" m_tx="0.000000" m_ty="0.000000"/>
  </frame>
  <frame idx="250" w="880" h="1162" x="0.000000" y="-256.000000">
   <element name="images" layername="close" frame="2" z_index="3" m_a="1.000000" m_b="0.000000" m_c="0.000000" m_d="1.000000" m_tx="0.000000" m_ty="0.000000"/>
  </frame>
  <frame idx="275" w="880" h="1162" x="0.000000" y="-256.000000">
   <element name="images" layername="close" frame="2" z_index="3" m_a="1.000000" m_b="0.000000" m_c="0.000000" m_d="1.000000" m_tx="0.000000" m_ty="0.000000"/>
  </frame>
  <frame idx="300" w="880" h="1162" x="0.000000" y="-256.000000">
   <element name="images" layername="close" frame="2" z_index="3" m_a="1.000000" m_b="0.000000" m_c="0.000000" m_d="1.000000" m_tx="0.000000" m_ty="0.000000"/>
  </frame>
  <frame idx="325" w="880" h="1162" x="0.000000" y="-256.000000">
   <element name="images" layername="close" frame="2" z_index="3" m_a="1.000000" m_b="0.000000" m_c="0.000000" m_d="1.000000" m_tx="0.000000" m_ty="0.000000"/>
  </frame>
  <frame idx="350" w="880" h="1162" x="0.000000" y="-256.000000">
   <element name="images" layername="close" frame="2" z_index="3" m_a="1.000000" m_b="0.000000" m_c="0.000000" m_d="1.000000" m_tx="0.000000" m_ty="0.000000"/>
  </frame>
  <frame idx="375" w="880" h="1162" x="0.000000" y="-256.000000">
   <element name="images" layername="close" frame="2" z_index="3" m_a="1.000000" m_b="0.000000" m_c="0.000000" m_d="1.000000" m_tx="0.000000" m_ty="0.000000"/>
  </frame>
  <frame idx="400" w="880" h="1162" x="0.000000" y="-256.000000">
   <element name="images" layername="close" frame="2" z_index="3" m_a="1.000000" m_b="0.000000" m_c="0.000000" m_d="1.000000" m_tx="0.000000" m_ty="0.000000"/>
  </frame>
  <frame idx="425" w="880" h="1162" x="0.000000" y="-256.000000">
   <element name="images" layername="close" frame="2" z_index="3" m_a="1.000000" m_b="0.000000" m_c="0.000000" m_d="1.000000" m_tx="0.000000" m_ty="0.000000"/>
  </frame>
  <frame idx="450" w="880" h="1162" x="0.000000" y="-256.000000">
   <element name="images" layername="close" frame="2" z_index="3" m_a="1.000000" m_b="0.000000" m_c="0.000000" m_d="1.000000" m_tx="0.000000" m_ty="0.000000"/>
  </frame>
  <frame idx="475" w="880" h="1162" x="0.000000" y="-256.000000">
   <element name="images" layername="close" frame="2" z_index="3" m_a="1.000000" m_b="0.000000" m_c="0.000000" m_d="1.000000" m_tx="0.000000" m_ty="0.000000"/>
  </frame>
  <frame idx="500" w="880" h="1162" x="0.000000" y="-256.000000">
   <element name="images" layername="close" frame="2" z_index="3" m_a="1.000000" m_b="0.000000" m_c="0.000000" m_d="1.000000" m_tx="0.000000" m_ty="0.000000"/>
  </frame>
  <frame idx="525" w="880" h="1162" x="0.000000" y="-256.000000">
   <element name="images" layername="close" frame="2" z_index="3" m_a="1.000000" m_b="0.000000" m_c="0.000000" m_d="1.000000" m_tx="0.000000" m_ty="0.000000"/>
  </frame>
  <frame idx="550" w="880" h="1162" x="0.000000" y="-256.000000">
   <element name="images" layername="close" frame="2" z_index="3" m_a="1.000000" m_b="0.000000" m_c="0.000000" m_d="1.000000" m_tx="0.000000" m_ty="0.000000"/>
  </frame>
  <frame idx="575" w="880" h="1162" x="0.000000" y="-256.000000">
   <element name="images" layername="close" frame="2" z_index="3" m_a="1.000000" m_b="0.000000" m_c="0.000000" m_d="1.000000" m_tx="0.000000" m_ty="0.000000"/>
  </frame>
  <frame idx="600" w="880" h="1162" x="0.000000" y="-256.000000">
   <element name="images" layername="close" frame="2" z_index="3" m_a="1.000000" m_b="0.000000" m_c="0.000000" m_d="1.000000" m_tx="0.000000" m_ty="0.000000"/>
  </frame>
  <frame idx="625" w="880" h="1162" x="0.000000" y="-256.000000">
   <element name="images" layername="close" frame="2" z_index="3" m_a="1.000000" m_b="0.000000" m_c="0.000000" m_d="1.000000" m_tx="0.000000" m_ty="0.000000"/>
  </frame>
  <frame idx="650" w="880" h="1162" x="0.000000" y="-256.000000">
   <element name="images" layername="close" frame="2" z_index="3" m_a="1.000000" m_b="0.000000" m_c="0.000000" m_d="1.000000" m_tx="0.000000" m_ty="0.000000"/>
  </frame>
  <frame idx="675" w="880" h="1162" x="0.000000" y="-256.000000">
   <element name="images" layername="close" frame="2" z_index="3" m_a="1.000000" m_b="0.000000" m_c="0.000000" m_d="1.000000" m_tx="0.000000" m_ty="0.000000"/>
  </frame>
  <frame idx="700" w="880" h="1162" x="0.000000" y="-256.000000">
   <element name="images" layername="close" frame="2" z_index="3" m_a="1.000000" m_b="0.000000" m_c="0.000000" m_d="1.000000" m_tx="0.000000" m_ty="0.000000"/>
  </frame>
  <frame idx="725" w="880" h="1162" x="0.000000" y="-256.000000">
   <element name="images" layername="close" frame="2" z_index="3" m_a="1.000000" m_b="0.000000" m_c="0.000000" m_d="1.000000" m_tx="0.000000" m_ty="0.000000"/>
  </frame>
  <frame idx="750" w="880" h="1162" x="0.000000" y="-256.000000">
   <element name="images" layername="close" frame="2" z_index="3" m_a="1.000000" m_b="0.000000" m_c="0.000000" m_d="1.000000" m_tx="0.000000" m_ty="0.000000"/>
  </frame>
  <frame idx="775" w="880" h="1162" x="0.000000" y="-256.000000">
   <element name="images" layername="close" frame="2" z_index="3" m_a="1.000000" m_b="0.000000" m_c="0.000000" m_d="1.000000" m_tx="0.000000" m_ty="0.000000"/>
  </frame>
  <frame idx="800" w="880" h="1162" x="0.000000" y="-256.000000">
   <element name="images" layername="close" frame="2" z_index="3" m_a="1.000000" m_b="0.000000" m_c="0.000000" m_d="1.000000" m_tx="0.000000" m_ty="0.000000"/>
  </frame>
  <frame idx="825" w="880" h="1162" x="0.000000" y="-256.000000">
   <element name="images" layername="close" frame="2" z_index="3" m_a="1.000000" m_b="0.000000" m_c="0.000000" m_d="1.000000" m_tx="0.000000" m_ty="0.000000"/>
  </frame>
  <frame idx="850" w="880" h="1162" x="0.000000" y="-256.000000">
   <element name="images" layername="close" frame="2" z_index="3" m_a="1.000000" m_b="0.000000" m_c="0.000000" m_d="1.000000" m_tx="0.000000" m_ty="0.000000"/>
  </frame>
  <frame idx="875" w="880" h="1162" x="0.000000" y="-256.000000">
   <element name="images" layername="close" frame="2" z_index="3" m_a="1.000000" m_b="0.000000" m_c="0.000000" m_d="1.000000" m_tx="0.000000" m_ty="0.000000"/>
  </frame>
  <frame idx="900" w="880" h="1162" x="0.000000" y="-256.000000">
   <element name="images" layername="close" frame="2" z_index="3" m_a="1.000000" m_b="0.000000" m_c="0.000000" m_d="1.000000" m_tx="0.000000" m_ty="0.000000"/>
  </frame>
  <frame idx="925" w="880" h="1162" x="0.000000" y="-256.000000">
   <element name="images" layername="close" frame="2" z_index="3" m_a="1.000000" m_b="0.000000" m_c="0.000000" m_d="1.000000" m_tx="0.000000" m_ty="0.000000"/>
  </frame>
  <frame idx="950" w="880" h="1162" x="0.000000" y="-256.000000">
   <element name="images" layername="close" frame="2" z_index="3" m_a="1.000000" m_b="0.000000" m_c="0.000000" m_d="1.000000" m_tx="0.000000" m_ty="0.000000"/>
  </frame>
  <frame idx="975" w="880" h="1162" x="0.000000" y="-256.000000">
   <element name="images" layername="close" frame="2" z_index="3" m_a="1.000000" m_b="0.000000" m_c="0.000000" m_d="1.000000" m_tx="0.000000" m_ty="0.000000"/>
  </frame>
  <frame idx="1000" w="880" h="1162" x="0.000000" y="-256.000000">
   <element name="images" layername="close" frame="2" z_index="3" m_a="1.000000" m_b="0.000000" m_c="0.000000" m_d="1.000000" m_tx="0.000000" m_ty="0.000000"/>
  </frame>
  <frame idx="1025" w="880" h="1162" x="0.000000" y="-256.000000">
   <element name="images" layername="close" frame="2" z_index="3" m_a="1.000000" m_b="0.000000" m_c="0.000000" m_d="1.000000" m_tx="0.000000" m_ty="0.000000"/>
  </frame>
  <frame idx="1050" w="880" h="1162" x="0.000000" y="-256.000000">
   <element name="images" layername="close" frame="2" z_index="3" m_a="1.000000" m_b="0.000000" m_c="0.000000" m_d="1.000000" m_tx="0.000000" m_ty="0.000000"/>
  </frame>
  <frame idx="1075" w="880" h="1162" x="0.000000" y="-256.000000">
   <element name="images" layername="close" frame="2" z_index="3" m_a="1.000000" m_b="0.000000" m_c="0.000000" m_d="1.000000" m_tx="0.000000" m_ty="0.000000"/>
  </frame>
  <frame idx="1100" w="880" h="1162" x="0.000000" y="-256.000000">
   <element name="images" layername="close" frame="2" z_index="3" m_a="1.000000" m_b="0.000000" m_c="0.000000" m_d="1.000000" m_tx="0.000000" m_ty="0.000000"/>
  </frame>
  <frame idx="1125" w="880" h="1162" x="0.000000" y="-256.000000">
   <element name="images" layername="close" frame="2" z_index="3" m_a="1.000000" m_b="0.000000" m_c="0.000000" m_d="1.000000" m_tx="0.000000" m_ty="0.000000"/>
  </frame>
  <frame idx="1150" w="880" h="1162" x="0.000000" y="-256.000000">
   <element name="images" layername="close" frame="2" z_index="3" m_a="1.000000" m_b="0.000000" m_c="0.000000" m_d="1.000000" m_tx="0.000000" m_ty="0.000000"/>
  </frame>
  <frame idx="1175" w="880" h="1162" x="0.000000" y="-256.000000">
   <element name="images" layername="close" frame="2" z_index="3" m_a="1.000000" m_b="0.000000" m_c="0.000000" m_d="1.000000" m_tx="0.000000" m_ty="0.000000"/>
  </frame>
  <frame idx="1200" w="880" h="1162" x="0.000000" y="-256.000000">
   <element name="images" layername="close" frame="2" z_index="3" m_a="1.000000" m_b="0.000000" m_c="0.000000" m_d="1.000000" m_tx="0.000000" m_ty="0.000000"/>
  </frame>
  <frame idx="1225" w="880" h="1162" x="0.000000" y="-256.000000">
   <element name="images" layername="close" frame="2" z_index="3" m_a="1.000000" m_b="0.000000" m_c="0.000000" m_d="1.000000" m_tx="0.000000" m_ty="0.000000"/>
  </frame>
  <frame idx="1250" w="880" h="1162" x="0.000000" y="-256.000000">
   <element name="images" layername="close" frame="2" z_index="3" m_a="1.000000" m_b="0.000000" m_c="0.000000" m_d="1.000000" m_tx="0.000000" m_ty="0.000000"/>
  </frame>
  <frame idx="1275" w="880" h="1162" x="0.000000" y="-256.000000">
   <element name="images" layername="close" frame="2" z_index="3" m_a="1.000000" m_b="0.000000" m_c="0.000000" m_d="1.000000" m_tx="0.000000" m_ty="0.000000"/>
  </frame>
  <frame idx="1300" w="880" h="1162" x="0.000000" y="-256.000000">
   <element name="images" layername="close" frame="2" z_index="3" m_a="1.000000" m_b="0.000000" m_c="0.000000" m_d="1.000000" m_tx="0.000000" m_ty="0.000000"/>
  </frame>
  <frame idx="1325" w="880" h="1162" x="0.000000" y="-256.000000">
   <element name="images" layername="close" frame="2" z_index="3" m_a="1.000000" m_b="0.000000" m_c="0.000000" m_d="1.000000" m_tx="0.000000" m_ty="0.000000"/>
  </frame>
  <frame idx="1350" w="880" h="1162" x="0.000000" y="-256.000000">
   <element name="images" layername="close" frame="2" z_index="3" m_a="1.000000" m_b="0.000000" m_c="0.000000" m_d="1.000000" m_tx="0.000000" m_ty="0.000000"/>
  </frame>
  <frame idx="1375" w="880" h="1162" x="0.000000" y="-256.000000">
   <element name="images" layername="close" frame="2" z_index="3" m_a="1.000000" m_b="0.000000" m_c="0.000000" m_d="1.000000" m_tx="0.000000" m_ty="0.000000"/>
  </frame>
  <frame idx="1400" w="880" h="1162" x="0.000000" y="-256.000000">
   <element name="images" layername="close" frame="2" z_index="3" m_a="1.000000" m_b="0.000000" m_c="0.000000" m_d="1.000000" m_tx="0.000000" m_ty="0.000000"/>
  </frame>
  <frame idx="1425" w="880" h="1162" x="0.000000" y="-256.000000">
   <element name="images" layername="close" frame="2" z_index="3" m_a="1.000000" m_b="0.000000" m_c="0.000000" m_d="1.000000" m_tx="0.000000" m_ty="0.000000"/>
  </frame>
  <frame idx="1450" w="880" h="1162" x="0.000000" y="-256.000000">
   <element name="images" layername="close" frame="2" z_index="3" m_a="1.000000" m_b="0.000000" m_c="0.000000" m_d="1.000000" m_tx="0.000000" m_ty="0.000000"/>
  </frame>
  <frame idx="1475" w="880" h="1162" x="0.000000" y="-256.000000">
   <element name="images" layername="close" frame="2" z_index="3" m_a="1.000000" m_b="0.000000" m_c="0.000000" m_d="1.000000" m_tx="0.000000" m_ty="0.000000"/>
  </frame>
  <frame idx="1500" w="880" h="1162" x="0.000000" y="-256.000000">
   <element name="images" layername="close" frame="2" z_index="3" m_a="1.000000" m_b="0.000000" m_c="0.000000" m_d="1.000000" m_tx="0.000000" m_ty="0.000000"/>
  </frame>
  <frame idx="1525" w="880" h="1162" x="0.000000" y="-256.000000">
   <element name="images" layername="close" frame="2" z_index="3" m_a="1.000000" m_b="0.000000" m_c="0.000000" m_d="1.000000" m_tx="0.000000" m_ty="0.000000"/>
  </frame>
  <frame idx="1550" w="880" h="1162" x="0.000000" y="-256.000000">
   <element name="images" layername="close" frame="2" z_index="3" m_a="1.000000" m_b="0.000000" m_c="0.000000" m_d="1.000000" m_tx="0.000000" m_ty="0.000000"/>
  </frame>
  <frame idx="1575" w="880" h="1162" x="0.000000" y="-256.000000">
   <element name="images" layername="close" frame="2" z_index="3" m_a="1.000000" m_b="0.000000" m_c="0.000000" m_d="1.000000" m_tx="0.000000" m_ty="0.000000"/>
  </frame>
  <frame idx="1600" w="880" h="1162" x="0.000000" y="-256.000000">
   <element name="images" layername="close" frame="2" z_index="3" m_a="1.000000" m_b="0.000000" m_c="0.000000" m_d="1.000000" m_tx="0.000000" m_ty="0.000000"/>
  </frame>
  <frame idx="1625" w="880" h="1162" x="0.000000" y="-256.000000">
   <element name="images" layername="close" frame="2" z_index="3" m_a="1.000000" m_b="0.000000" m_c="0.000000" m_d="1.000000" m_tx="0.000000" m_ty="0.000000"/>
  </frame>
  <frame idx="1650" w="880" h="1162" x="0.000000" y="-256.000000">
   <element name="images" layername="close" frame="2" z_index="3" m_a="1.000000" m_b="0.000000" m_c="0.000000" m_d="1.000000" m_tx="0.000000" m_ty="0.000000"/>
  </frame>
  <frame idx="1675" w="880" h="1162" x="0.000000" y="-256.000000">
   <element name="images" layername="close" frame="2" z_index="3" m_a="1.000000" m_b="0.000000" m_c="0.000000" m_d="1.000000" m_tx="0.000000" m_ty="0.000000"/>
  </frame>
  <frame idx="1700" w="880" h="1162" x="0.000000" y="-256.000000">
   <element name="images" layername="close" frame="2" z_index="3" m_a="1.000000" m_b="0.000000" m_c="0.000000" m_d="1.000000" m_tx="0.000000" m_ty="0.000000"/>
  </frame>
  <frame idx="1725" w="880" h="1162" x="0.000000" y="-256.000000">
   <element name="images" layername="close" frame="2" z_index="3" m_a="1.000000" m_b="0.000000" m_c="0.000000" m_d="1.000000" m_tx="0.000000" m_ty="0.000000"/>
  </frame>
  <frame idx="1750" w="880" h="1162" x="0.000000" y="-256.000000">
   <element name="images" layername="close" frame="2" z_index="3" m_a="1.000000" m_b="0.000000" m_c="0.000000" m_d="1.000000" m_tx="0.000000" m_ty="0.000000"/>
  </frame>
  <frame idx="1775" w="880" h="1162" x="0.000000" y="-256.000000">
   <element name="images" layername="close" frame="2" z_index="3" m_a="1.000000" m_b="0.000000" m_c="0.000000" m_d="1.000000" m_tx="0.000000" m_ty="0.000000"/>
  </frame>
  <frame idx="1800" w="880" h="1162" x="0.000000" y="-256.000000">
   <element name="images" layername="close" frame="2" z_index="3" m_a="1.000000" m_b="0.000000" m_c="0.000000" m_d="1.000000" m_tx="0.000000" m_ty="0.000000"/>
  </frame>
  <frame idx="1825" w="880" h="1162" x="0.000000" y="-256.000000">
   <element name="images" layername="close" frame="2" z_index="3" m_a="1.000000" m_b="0.000000" m_c="0.000000" m_d="1.000000" m_tx="0.000000" m_ty="0.000000"/>
  </frame>
  <frame idx="1850" w="880" h="1162" x="0.000000" y="-256.000000">
   <element name="images" layername="close" frame="2" z_index="3" m_a="1.000000" m_b="0.000000" m_c="0.000000" m_d="1.000000" m_tx="0.000000" m_ty="0.000000"/>
  </frame>
  <frame idx="1875" w="880" h="1162" x="0.000000" y="-256.000000">
   <element name="images" layername="close" frame="2" z_index="3" m_a="1.000000" m_b="0.000000" m_c="0.000000" m_d="1.000000" m_tx="0.000000" m_ty="0.000000"/>
  </frame>
  <frame idx="1900" w="880" h="1162" x="0.000000" y="-256.000000">
   <element name="images" layername="close" frame="2" z_index="3" m_a="1.000000" m_b="0.000000" m_c="0.000000" m_d="1.000000" m_tx="0.000000" m_ty="0.000000"/>
  </frame>
  <frame idx="1925" w="880" h="1162" x="0.000000" y="-256.000000">
   <element name="images" layername="close" frame="2" z_index="3" m_a="1.000000" m_b="0.000000" m_c="0.000000" m_d="1.000000" m_tx="0.000000" m_ty="0.000000"/>
  </frame>
  <frame idx="1950" w="880" h="1162" x="0.000000" y="-256.000000">
   <element name="images" layername="close" frame="2" z_index="3" m_a="1.000000" m_b="0.000000" m_c="0.000000" m_d="1.000000" m_tx="0.000000" m_ty="0.000000"/>
  </frame>
  <frame idx="1975" w="880" h="1162" x="0.000000" y="-256.000000">
   <element name="images" layername="close" frame="2" z_index="3" m_a="1.000000" m_b="0.000000" m_c="0.000000" m_d="1.000000" m_tx="0.000000" m_ty="0.000000"/>
  </frame>
  <frame idx="2000" w="880" h="1162" x="0.000000" y="-256.000000">
   <element name="images" layername="close" frame="2" z_index="3" m_a="1.000000" m_b="0.000000" m_c="0.000000" m_d="1.000000" m_tx="0.000000" m_ty="0.000000"/>
  </frame>
  <frame idx="2025" w="880" h="1162" x="0.000000" y="-256.000000">
   <element name="images" layername="close" frame="2" z_index="3" m_a="1.000000" m_b="0.000000" m_c="0.000000" m_d="1.000000" m_tx="0.000000" m_ty="0.000000"/>
  </frame>
  <frame idx="2050" w="880" h="1162" x="0.000000" y="-256.000000">
   <element name="images" layername="close" frame="2" z_index="3" m_a="1.000000" m_b="0.000000" m_c="0.000000" m_d="1.000000" m_tx="0.000000" m_ty="0.000000"/>
  </frame>
  <frame idx="2075" w="880" h="1162" x="0.000000" y="-256.000000">
   <element name="images" layername="close" frame="2" z_index="3" m_a="1.000000" m_b="0.000000" m_c="0.000000" m_d="1.000000" m_tx="0.000000" m_ty="0.000000"/>
  </frame>
  <frame idx="2100" w="880" h="1162" x="0.000000" y="-256.000000">
   <element name="images" layername="close" frame="2" z_index="3" m_a="1.000000" m_b="0.000000" m_c="0.000000" m_d="1.000000" m_tx="0.000000" m_ty="0.000000"/>
  </frame>
  <frame idx="2125" w="880" h="1162" x="0.000000" y="-256.000000">
   <element name="images" layername="close" frame="2" z_index="3" m_a="1.000000" m_b="0.000000" m_c="0.000000" m_d="1.000000" m_tx="0.000000" m_ty="0.000000"/>
  </frame>
  <frame idx="2150" w="880" h="1162" x="0.000000" y="-256.000000">
   <element name="images" layername="close" frame="2" z_index="3" m_a="1.000000" m_b="0.000000" m_c="0.000000" m_d="1.000000" m_tx="0.000000" m_ty="0.000000"/>
  </frame>
  <frame idx="2175" w="880" h="1162" x="0.000000" y="-256.000000">
   <element name="images" layername="close" frame="2" z_index="3" m_a="1.000000" m_b="0.000000" m_c="0.000000" m_d="1.000000" m_tx="0.000000" m_ty="0.000000"/>
  </frame>
  <frame idx="2200" w="880" h="1162" x="0.000000" y="-256.000000">
   <element name="images" layername="close" frame="2" z_index="3" m_a="1.000000" m_b="0.000000" m_c="0.000000" m_d="1.000000" m_tx="0.000000" m_ty="0.000000"/>
  </frame>
  <frame idx="2225" w="880" h="1162" x="0.000000" y="-256.000000">
   <element name="images" layername="close" frame="2" z_index="3" m_a="1.000000" m_b="0.000000" m_c="0.000000" m_d="1.000000" m_tx="0.000000" m_ty="0.000000"/>
  </frame>
  <frame idx="2250" w="880" h="1162" x="0.000000" y="-256.000000">
   <element name="images" layername="close" frame="2" z_index="3" m_a="1.000000" m_b="0.000000" m_c="0.000000" m_d="1.000000" m_tx="0.000000" m_ty="0.000000"/>
  </frame>
  <frame idx="2275" w="880" h="1162" x="0.000000" y="-256.000000">
   <element name="images" layername="close" frame="2" z_index="3" m_a="1.000000" m_b="0.000000" m_c="0.000000" m_d="1.000000" m_tx="0.000000" m_ty="0.000000"/>
  </frame>
  <frame idx="2300" w="880" h="1162" x="0.000000" y="-256.000000">
   <element name="images" layername="close" frame="2" z_index="3" m_a="1.000000" m_b="0.000000" m_c="0.000000" m_d="1.000000" m_tx="0.000000" m_ty="0.000000"/>
  </frame>
  <frame idx="2325" w="880" h="1162" x="0.000000" y="-256.000000">
   <element name="images" layername="close" frame="2" z_index="3" m_a="1.000000" m_b="0.000000" m_c="0.000000" m_d="1.000000" m_tx="0.000000" m_ty="0.000000"/>
  </frame>
  <frame idx="2350" w="880" h="1162" x="0.000000" y="-256.000000">
   <element name="images" layername="close" frame="2" z_index="3" m_a="1.000000" m_b="0.000000" m_c="0.000000" m_d="1.000000" m_tx="0.000000" m_ty="0.000000"/>
  </frame>
  <frame idx="2375" w="880" h="1162" x="0.000000" y="-256.000000">
   <element name="images" layername="close" frame="2" z_index="3" m_a="1.000000" m_b="0.000000" m_c="0.000000" m_d="1.000000" m_tx="0.000000" m_ty="0.000000"/>
  </frame>
  <frame idx="2400" w="880" h="1162" x="0.000000" y="-256.000000">
   <element name="images" layername="close" frame="2" z_index="3" m_a="1.000000" m_b="0.000000" m_c="0.000000" m_d="1.000000" m_tx="0.000000" m_ty="0.000000"/>
  </frame>
  <frame idx="2425" w="880" h="1162" x="0.000000" y="-256.000000">
   <element name="images" layername="close" frame="2" z_index="3" m_a="1.000000" m_b="0.000000" m_c="0.000000" m_d="1.000000" m_tx="0.000000" m_ty="0.000000"/>
  </frame>
  <frame idx="2450" w="880" h="1162" x="0.000000" y="-256.000000">
   <element name="images" layername="close" frame="2" z_index="3" m_a="1.000000" m_b="0.000000" m_c="0.000000" m_d="1.000000" m_tx="0.000000" m_ty="0.000000"/>
  </frame>
  <frame idx="2475" w="880" h="1162" x="0.000000" y="-256.000000">
   <element name="images" layername="close" frame="2" z_index="3" m_a="1.000000" m_b="0.000000" m_c="0.000000" m_d="1.000000" m_tx="0.000000" m_ty="0.000000"/>
  </frame>
  <frame idx="2500" w="880" h="1162" x="0.000000" y="-256.000000">
   <element name="images" layername="close" frame="2" z_index="3" m_a="1.000000" m_b="0.000000" m_c="0.000000" m_d="1.000000" m_tx="0.000000" m_ty="0.000000"/>
  </frame>
  <frame idx="2525" w="880" h="1162" x="0.000000" y="-256.000000">
   <element name="images" layername="close" frame="2" z_index="3" m_a="1.000000" m_b="0.000000" m_c="0.000000" m_d="1.000000" m_tx="0.000000" m_ty="0.000000"/>
  </frame>
  <frame idx="2550" w="880" h="1162" x="0.000000" y="-256.000000">
   <element name="images" layername="close" frame="2" z_index="3" m_a="1.000000" m_b="0.000000" m_c="0.000000" m_d="1.000000" m_tx="0.000000" m_ty="0.000000"/>
  </frame>
  <frame idx="2575" w="880" h="1162" x="0.000000" y="-256.000000">
   <element name="images" layername="close" frame="2" z_index="3" m_a="1.000000" m_b="0.000000" m_c="0.000000" m_d="1.000000" m_tx="0.000000" m_ty="0.000000"/>
  </frame>
  <frame idx="2600" w="880" h="1162" x="0.000000" y="-256.000000">
   <element name="images" layername="close" frame="2" z_index="3" m_a="1.000000" m_b="0.000000" m_c="0.000000" m_d="1.000000" m_tx="0.000000" m_ty="0.000000"/>
  </frame>
  <frame idx="2625" w="880" h="1162" x="0.000000" y="-256.000000">
   <element name="images" layername="close" frame="2" z_index="3" m_a="1.000000" m_b="0.000000" m_c="0.000000" m_d="1.000000" m_tx="0.000000" m_ty="0.000000"/>
  </frame>
  <frame idx="2650" w="880" h="1162" x="0.000000" y="-256.000000">
   <element name="images" layername="close" frame="2" z_index="3" m_a="1.000000" m_b="0.000000" m_c="0.000000" m_d="1.000000" m_tx="0.000000" m_ty="0.000000"/>
  </frame>
  <frame idx="2675" w="880" h="1162" x="0.000000" y="-256.000000">
   <element name="images" layername="close" frame="2" z_index="3" m_a="1.000000" m_b="0.000000" m_c="0.000000" m_d="1.000000" m_tx="0.000000" m_ty="0.000000"/>
  </frame>
  <frame idx="2700" w="880" h="1162" x="0.000000" y="-256.000000">
   <element name="images" layername="close" frame="2" z_index="3" m_a="1.000000" m_b="0.000000" m_c="0.000000" m_d="1.000000" m_tx="0.000000" m_ty="0.000000"/>
  </frame>
  <frame idx="2725" w="880" h="1162" x="0.000000" y="-256.000000">
   <element name="images" layername="close" frame="2" z_index="3" m_a="1.000000" m_b="0.000000" m_c="0.000000" m_d="1.000000" m_tx="0.000000" m_ty="0.000000"/>
  </frame>
  <frame idx="2750" w="880" h="1162" x="0.000000" y="-256.000000">
   <element name="images" layername="close" frame="2" z_index="3" m_a="1.000000" m_b="0.000000" m_c="0.000000" m_d="1.000000" m_tx="0.000000" m_ty="0.000000"/>
  </frame>
  <frame idx="2775" w="880" h="1162" x="0.000000" y="-256.000000">
   <element name="images" layername="close" frame="2" z_index="3" m_a="1.000000" m_b="0.000000" m_c="0.000000" m_d="1.000000" m_tx="0.000000" m_ty="0.000000"/>
  </frame>
  <frame idx="2800" w="880" h="1162" x="0.000000" y="-256.000000">
   <element name="images" layername="close" frame="2" z_index="3" m_a="1.000000" m_b="0.000000" m_c="0.000000" m_d="1.000000" m_tx="0.000000" m_ty="0.000000"/>
  </frame>
  <frame idx="2825" w="880" h="1162" x="0.000000" y="-256.000000">
   <element name="images" layername="close" frame="2" z_index="3" m_a="1.000000" m_b="0.000000" m_c="0.000000" m_d="1.000000" m_tx="0.000000" m_ty="0.000000"/>
  </frame>
  <frame idx="2850" w="880" h="1162" x="0.000000" y="-256.000000">
   <element name="images" layername="close" frame="2" z_index="3" m_a="1.000000" m_b="0.000000" m_c="0.000000" m_d="1.000000" m_tx="0.000000" m_ty="0.000000"/>
  </frame>
  <frame idx="2875" w="880" h="1162" x="0.000000" y="-256.000000">
   <element name="images" layername="close" frame="2" z_index="3" m_a="1.000000" m_b="0.000000" m_c="0.000000" m_d="1.000000" m_tx="0.000000" m_ty="0.000000"/>
  </frame>
  <frame idx="2900" w="880" h="1162" x="0.000000" y="-256.000000">
   <element name="images" layername="close" frame="2" z_index="3" m_a="1.000000" m_b="0.000000" m_c="0.000000" m_d="1.000000" m_tx="0.000000" m_ty="0.000000"/>
  </frame>
  <frame idx="2925" w="880" h="1162" x="0.000000" y="-256.000000">
   <element name="images" layername="close" frame="2" z_index="3" m_a="1.000000" m_b="0.000000" m_c="0.000000" m_d="1.000000" m_tx="0.000000" m_ty="0.000000"/>
  </frame>
  <frame idx="2950" w="880" h="1162" x="0.000000" y="-256.000000">
   <element name="images" layername="close" frame="2" z_index="3" m_a="1.000000" m_b="0.000000" m_c="0.000000" m_d="1.000000" m_tx="0.000000" m_ty="0.000000"/>
  </frame>
  <frame idx="2975" w="880" h="1162" x="0.000000" y="-256.000000">
   <element name="images" layername="close" frame="2" z_index="3" m_a="1.000000" m_b="0.000000" m_c="0.000000" m_d="1.000000" m_tx="0.000000" m_ty="0.000000"/>
  </frame>
 </anim>
</Anims>
