<Anims>
 <anim name="idle" root="asa_mine" numframes="1000" framerate="40">
  <frame idx="0" w="147" h="161" x="-4.358421" y="-17.087608">
   <element name="asa_mine" layername="mine" frame="0" z_index="7" m_a="1.000000" m_b="0.000000" m_c="0.000000" m_d="1.000000" m_tx="1.641577" m_ty="-1.849462"/>
  </frame>
  <frame idx="25" w="147" h="161" x="-4.358421" y="-17.087608">
   <element name="asa_mine" layername="mine" frame="0" z_index="7" m_a="1.000000" m_b="0.000000" m_c="0.000000" m_d="1.000000" m_tx="1.641577" m_ty="-1.849462"/>
  </frame>
  <frame idx="50" w="147" h="161" x="-4.358421" y="-17.087608">
   <element name="asa_mine" layername="mine" frame="0" z_index="7" m_a="1.000000" m_b="0.000000" m_c="0.000000" m_d="1.000000" m_tx="1.641577" m_ty="-1.849462"/>
  </frame>
  <frame idx="75" w="147" h="161" x="-4.358421" y="-17.087608">
   <element name="asa_mine" layername="mine" frame="0" z_index="7" m_a="1.000000" m_b="0.000000" m_c="0.000000" m_d="1.000000" m_tx="1.641577" m_ty="-1.849462"/>
  </frame>
  <frame idx="100" w="147" h="161" x="-4.358421" y="-17.087608">
   <element name="asa_mine" layername="mine" frame="0" z_index="7" m_a="1.000000" m_b="0.000000" m_c="0.000000" m_d="1.000000" m_tx="1.641577" m_ty="-1.849462"/>
  </frame>
  <frame idx="125" w="147" h="161" x="-4.358421" y="-17.087608">
   <element name="asa_mine" layername="mine" frame="0" z_index="7" m_a="1.000000" m_b="0.000000" m_c="0.000000" m_d="1.000000" m_tx="1.641577" m_ty="-1.849462"/>
  </frame>
  <frame idx="150" w="147" h="161" x="-4.358421" y="-17.087608">
   <element name="asa_mine" layername="mine" frame="0" z_index="7" m_a="1.000000" m_b="0.000000" m_c="0.000000" m_d="1.000000" m_tx="1.641577" m_ty="-1.849462"/>
  </frame>
  <frame idx="175" w="147" h="161" x="-4.358421" y="-17.087608">
   <element name="asa_mine" layername="mine" frame="0" z_index="7" m_a="1.000000" m_b="0.000000" m_c="0.000000" m_d="1.000000" m_tx="1.641577" m_ty="-1.849462"/>
  </frame>
  <frame idx="200" w="147" h="161" x="-4.358421" y="-17.087608">
   <element name="asa_mine" layername="mine" frame="0" z_index="7" m_a="1.000000" m_b="0.000000" m_c="0.000000" m_d="1.000000" m_tx="1.641577" m_ty="-1.849462"/>
  </frame>
  <frame idx="225" w="147" h="161" x="-4.358421" y="-17.087608">
   <element name="asa_mine" layername="mine" frame="0" z_index="7" m_a="1.000000" m_b="0.000000" m_c="0.000000" m_d="1.000000" m_tx="1.641577" m_ty="-1.849462"/>
  </frame>
  <frame idx="250" w="147" h="161" x="-4.358421" y="-17.087608">
   <element name="asa_mine" layername="mine" frame="0" z_index="7" m_a="1.000000" m_b="0.000000" m_c="0.000000" m_d="1.000000" m_tx="1.641577" m_ty="-1.849462"/>
  </frame>
  <frame idx="275" w="147" h="161" x="-4.358421" y="-17.087608">
   <element name="asa_mine" layername="mine" frame="0" z_index="7" m_a="1.000000" m_b="0.000000" m_c="0.000000" m_d="1.000000" m_tx="1.641577" m_ty="-1.849462"/>
  </frame>
  <frame idx="300" w="147" h="161" x="-4.358421" y="-17.087608">
   <element name="asa_mine" layername="mine" frame="0" z_index="7" m_a="1.000000" m_b="0.000000" m_c="0.000000" m_d="1.000000" m_tx="1.641577" m_ty="-1.849462"/>
  </frame>
  <frame idx="325" w="147" h="161" x="-4.358421" y="-17.087608">
   <element name="asa_mine" layername="mine" frame="0" z_index="7" m_a="1.000000" m_b="0.000000" m_c="0.000000" m_d="1.000000" m_tx="1.641577" m_ty="-1.849462"/>
  </frame>
  <frame idx="350" w="147" h="161" x="-4.358421" y="-17.087608">
   <element name="asa_mine" layername="mine" frame="0" z_index="7" m_a="1.000000" m_b="0.000000" m_c="0.000000" m_d="1.000000" m_tx="1.641577" m_ty="-1.849462"/>
  </frame>
  <frame idx="375" w="147" h="161" x="-4.358421" y="-17.087608">
   <element name="asa_mine" layername="mine" frame="0" z_index="7" m_a="1.000000" m_b="0.000000" m_c="0.000000" m_d="1.000000" m_tx="1.641577" m_ty="-1.849462"/>
  </frame>
  <frame idx="400" w="147" h="161" x="-4.358421" y="-17.087608">
   <element name="asa_mine" layername="mine" frame="0" z_index="7" m_a="1.000000" m_b="0.000000" m_c="0.000000" m_d="1.000000" m_tx="1.641577" m_ty="-1.849462"/>
  </frame>
  <frame idx="425" w="147" h="161" x="-4.358421" y="-17.087608">
   <element name="asa_mine" layername="mine" frame="0" z_index="7" m_a="1.000000" m_b="0.000000" m_c="0.000000" m_d="1.000000" m_tx="1.641577" m_ty="-1.849462"/>
  </frame>
  <frame idx="450" w="147" h="161" x="-4.358421" y="-17.087608">
   <element name="asa_mine" layername="mine" frame="0" z_index="7" m_a="1.000000" m_b="0.000000" m_c="0.000000" m_d="1.000000" m_tx="1.641577" m_ty="-1.849462"/>
  </frame>
  <frame idx="475" w="147" h="161" x="-4.358421" y="-17.087608">
   <element name="asa_mine" layername="mine" frame="0" z_index="7" m_a="1.000000" m_b="0.000000" m_c="0.000000" m_d="1.000000" m_tx="1.641577" m_ty="-1.849462"/>
  </frame>
  <frame idx="500" w="147" h="161" x="-4.358421" y="-17.087608">
   <element name="asa_mine" layername="mine" frame="0" z_index="7" m_a="1.000000" m_b="0.000000" m_c="0.000000" m_d="1.000000" m_tx="1.641577" m_ty="-1.849462"/>
  </frame>
  <frame idx="525" w="147" h="161" x="-4.358421" y="-17.087608">
   <element name="asa_mine" layername="mine" frame="0" z_index="7" m_a="1.000000" m_b="0.000000" m_c="0.000000" m_d="1.000000" m_tx="1.641577" m_ty="-1.849462"/>
  </frame>
  <frame idx="550" w="147" h="161" x="-4.358421" y="-17.087608">
   <element name="asa_mine" layername="mine" frame="0" z_index="7" m_a="1.000000" m_b="0.000000" m_c="0.000000" m_d="1.000000" m_tx="1.641577" m_ty="-1.849462"/>
  </frame>
  <frame idx="575" w="147" h="161" x="-4.358421" y="-17.087608">
   <element name="asa_mine" layername="mine" frame="0" z_index="7" m_a="1.000000" m_b="0.000000" m_c="0.000000" m_d="1.000000" m_tx="1.641577" m_ty="-1.849462"/>
  </frame>
  <frame idx="600" w="147" h="161" x="-4.358421" y="-17.087608">
   <element name="asa_mine" layername="mine" frame="0" z_index="7" m_a="1.000000" m_b="0.000000" m_c="0.000000" m_d="1.000000" m_tx="1.641577" m_ty="-1.849462"/>
  </frame>
  <frame idx="625" w="147" h="161" x="-4.358421" y="-17.087608">
   <element name="asa_mine" layername="mine" frame="0" z_index="7" m_a="1.000000" m_b="0.000000" m_c="0.000000" m_d="1.000000" m_tx="1.641577" m_ty="-1.849462"/>
  </frame>
  <frame idx="650" w="147" h="161" x="-4.358421" y="-17.087608">
   <element name="asa_mine" layername="mine" frame="0" z_index="7" m_a="1.000000" m_b="0.000000" m_c="0.000000" m_d="1.000000" m_tx="1.641577" m_ty="-1.849462"/>
  </frame>
  <frame idx="675" w="147" h="161" x="-4.358421" y="-17.087608">
   <element name="asa_mine" layername="mine" frame="0" z_index="7" m_a="1.000000" m_b="0.000000" m_c="0.000000" m_d="1.000000" m_tx="1.641577" m_ty="-1.849462"/>
  </frame>
  <frame idx="700" w="147" h="161" x="-4.358421" y="-17.087608">
   <element name="asa_mine" layername="mine" frame="0" z_index="7" m_a="1.000000" m_b="0.000000" m_c="0.000000" m_d="1.000000" m_tx="1.641577" m_ty="-1.849462"/>
  </frame>
  <frame idx="725" w="147" h="161" x="-4.358421" y="-17.087608">
   <element name="asa_mine" layername="mine" frame="0" z_index="7" m_a="1.000000" m_b="0.000000" m_c="0.000000" m_d="1.000000" m_tx="1.641577" m_ty="-1.849462"/>
  </frame>
  <frame idx="750" w="147" h="161" x="-4.358421" y="-17.087608">
   <element name="asa_mine" layername="mine" frame="0" z_index="7" m_a="1.000000" m_b="0.000000" m_c="0.000000" m_d="1.000000" m_tx="1.641577" m_ty="-1.849462"/>
  </frame>
  <frame idx="775" w="147" h="161" x="-4.358421" y="-17.087608">
   <element name="asa_mine" layername="mine" frame="0" z_index="7" m_a="1.000000" m_b="0.000000" m_c="0.000000" m_d="1.000000" m_tx="1.641577" m_ty="-1.849462"/>
  </frame>
  <frame idx="800" w="147" h="161" x="-4.358421" y="-17.087608">
   <element name="asa_mine" layername="mine" frame="0" z_index="7" m_a="1.000000" m_b="0.000000" m_c="0.000000" m_d="1.000000" m_tx="1.641577" m_ty="-1.849462"/>
  </frame>
  <frame idx="825" w="147" h="161" x="-4.358421" y="-17.087608">
   <element name="asa_mine" layername="mine" frame="0" z_index="7" m_a="1.000000" m_b="0.000000" m_c="0.000000" m_d="1.000000" m_tx="1.641577" m_ty="-1.849462"/>
  </frame>
  <frame idx="850" w="147" h="161" x="-4.358421" y="-17.087608">
   <element name="asa_mine" layername="mine" frame="0" z_index="7" m_a="1.000000" m_b="0.000000" m_c="0.000000" m_d="1.000000" m_tx="1.641577" m_ty="-1.849462"/>
  </frame>
  <frame idx="875" w="147" h="161" x="-4.358421" y="-17.087608">
   <element name="asa_mine" layername="mine" frame="0" z_index="7" m_a="1.000000" m_b="0.000000" m_c="0.000000" m_d="1.000000" m_tx="1.641577" m_ty="-1.849462"/>
  </frame>
  <frame idx="900" w="147" h="161" x="-4.358421" y="-17.087608">
   <element name="asa_mine" layername="mine" frame="0" z_index="7" m_a="1.000000" m_b="0.000000" m_c="0.000000" m_d="1.000000" m_tx="1.641577" m_ty="-1.849462"/>
  </frame>
  <frame idx="925" w="147" h="161" x="-4.358421" y="-17.087608">
   <element name="asa_mine" layername="mine" frame="0" z_index="7" m_a="1.000000" m_b="0.000000" m_c="0.000000" m_d="1.000000" m_tx="1.641577" m_ty="-1.849462"/>
  </frame>
  <frame idx="950" w="147" h="161" x="-4.358421" y="-17.087608">
   <element name="asa_mine" layername="mine" frame="0" z_index="7" m_a="1.000000" m_b="0.000000" m_c="0.000000" m_d="1.000000" m_tx="1.641577" m_ty="-1.849462"/>
  </frame>
  <frame idx="975" w="147" h="161" x="-4.358421" y="-17.087608">
   <element name="asa_mine" layername="mine" frame="0" z_index="7" m_a="1.000000" m_b="0.000000" m_c="0.000000" m_d="1.000000" m_tx="1.641577" m_ty="-1.849462"/>
  </frame>
 </anim>
 <anim name="launch" root="asa_mine" numframes="1000" framerate="40">
  <frame idx="0" w="147" h="197" x="-4.358421" y="-34.035339">
   <element name="asa_mine" layername="mine" frame="1" z_index="7" m_a="1.000000" m_b="0.000000" m_c="0.000000" m_d="1.000000" m_tx="3.427291" m_ty="-12.563748"/>
   <element name="asa_mine" layername="mine" frame="0" z_index="6" m_a="1.000000" m_b="0.000000" m_c="0.000000" m_d="1.000000" m_tx="1.641577" m_ty="-26.849463"/>
  </frame>
  <frame idx="25" w="146" h="214" x="-3.865677" y="-39.155472">
   <element name="asa_mine" layername="mine" frame="1" z_index="7" m_a="1.029238" m_b="0.000000" m_c="0.000000" m_d="1.166441" m_tx="3.920038" m_ty="-23.009979"/>
   <element name="asa_mine" layername="mine" frame="0" z_index="6" m_a="1.000000" m_b="0.000000" m_c="0.000000" m_d="1.000000" m_tx="2.134324" m_ty="-37.295692"/>
  </frame>
  <frame idx="50" w="146" h="231" x="-3.372925" y="-44.275604">
   <element name="asa_mine" layername="mine" frame="1" z_index="7" m_a="1.058475" m_b="0.000000" m_c="0.000000" m_d="1.332881" m_tx="4.412785" m_ty="-33.456211"/>
   <element name="asa_mine" layername="mine" frame="0" z_index="6" m_a="1.000000" m_b="0.000000" m_c="0.000000" m_d="1.000000" m_tx="2.627071" m_ty="-47.741924"/>
  </frame>
  <frame idx="75" w="145" h="249" x="-2.880188" y="-49.395744">
   <element name="asa_mine" layername="mine" frame="1" z_index="7" m_a="1.087713" m_b="0.000000" m_c="0.000000" m_d="1.499322" m_tx="4.905531" m_ty="-43.902447"/>
   <element name="asa_mine" layername="mine" frame="0" z_index="6" m_a="1.000000" m_b="0.000000" m_c="0.000000" m_d="1.000000" m_tx="3.119817" m_ty="-58.188156"/>
  </frame>
  <frame idx="100" w="145" h="267" x="-2.387436" y="-54.515877">
   <element name="asa_mine" layername="mine" frame="1" z_index="7" m_a="1.116951" m_b="0.000000" m_c="0.000000" m_d="1.665762" m_tx="5.398278" m_ty="-54.348675"/>
   <element name="asa_mine" layername="mine" frame="0" z_index="6" m_a="1.000000" m_b="0.000000" m_c="0.000000" m_d="1.000000" m_tx="3.612564" m_ty="-68.634384"/>
  </frame>
  <frame idx="125" w="143" h="284" x="-1.894684" y="-59.636009">
   <element name="asa_mine" layername="mine" frame="1" z_index="7" m_a="1.146189" m_b="0.000000" m_c="0.000000" m_d="1.832203" m_tx="5.891026" m_ty="-64.794907"/>
   <element name="asa_mine" layername="mine" frame="0" z_index="6" m_a="1.000000" m_b="0.000000" m_c="0.000000" m_d="1.000000" m_tx="4.105311" m_ty="-79.080620"/>
  </frame>
  <frame idx="150" w="143" h="301" x="-1.401947" y="-64.756149">
   <element name="asa_mine" layername="mine" frame="1" z_index="7" m_a="1.175426" m_b="0.000000" m_c="0.000000" m_d="1.998643" m_tx="6.383772" m_ty="-75.241142"/>
   <element name="asa_mine" layername="mine" frame="0" z_index="6" m_a="1.000000" m_b="0.000000" m_c="0.000000" m_d="1.000000" m_tx="4.598058" m_ty="-89.526855"/>
  </frame>
  <frame idx="175" w="143" h="301" x="-1.411163" y="-64.660278">
   <element name="asa_mine" layername="mine" frame="1" z_index="7" m_a="1.174879" m_b="0.000000" m_c="0.000000" m_d="1.995527" m_tx="6.374546" m_ty="-75.045547"/>
   <element name="asa_mine" layername="mine" frame="0" z_index="6" m_a="1.000000" m_b="0.000000" m_c="0.000000" m_d="1.000000" m_tx="4.588832" m_ty="-89.331261"/>
  </frame>
  <frame idx="200" w="143" h="300" x="-1.441315" y="-64.347076">
   <element name="asa_mine" layername="mine" frame="1" z_index="7" m_a="1.173091" m_b="0.000000" m_c="0.000000" m_d="1.985346" m_tx="6.344404" m_ty="-74.406540"/>
   <element name="asa_mine" layername="mine" frame="0" z_index="6" m_a="1.000000" m_b="0.000000" m_c="0.000000" m_d="1.000000" m_tx="4.558690" m_ty="-88.692253"/>
  </frame>
  <frame idx="225" w="143" h="299" x="-1.471451" y="-64.033875">
   <element name="asa_mine" layername="mine" frame="1" z_index="7" m_a="1.171302" m_b="0.000000" m_c="0.000000" m_d="1.975164" m_tx="6.314262" m_ty="-73.767532"/>
   <element name="asa_mine" layername="mine" frame="0" z_index="6" m_a="1.000000" m_b="0.000000" m_c="0.000000" m_d="1.000000" m_tx="4.528548" m_ty="-88.053246"/>
  </frame>
  <frame idx="250" w="143" h="297" x="-1.501595" y="-63.720673">
   <element name="asa_mine" layername="mine" frame="1" z_index="7" m_a="1.169514" m_b="0.000000" m_c="0.000000" m_d="1.964983" m_tx="6.284121" m_ty="-73.128532"/>
   <element name="asa_mine" layername="mine" frame="0" z_index="6" m_a="1.000000" m_b="0.000000" m_c="0.000000" m_d="1.000000" m_tx="4.498406" m_ty="-87.414246"/>
  </frame>
  <frame idx="275" w="143" h="296" x="-1.531738" y="-63.407455">
   <element name="asa_mine" layername="mine" frame="1" z_index="7" m_a="1.167725" m_b="0.000000" m_c="0.000000" m_d="1.954802" m_tx="6.253979" m_ty="-72.489525"/>
   <element name="asa_mine" layername="mine" frame="0" z_index="6" m_a="1.000000" m_b="0.000000" m_c="0.000000" m_d="1.000000" m_tx="4.468265" m_ty="-86.775238"/>
  </frame>
  <frame idx="300" w="143" h="295" x="-1.561874" y="-63.094254">
   <element name="asa_mine" layername="mine" frame="1" z_index="7" m_a="1.165937" m_b="0.000000" m_c="0.000000" m_d="1.944620" m_tx="6.223837" m_ty="-71.850517"/>
   <element name="asa_mine" layername="mine" frame="0" z_index="6" m_a="1.000000" m_b="0.000000" m_c="0.000000" m_d="1.000000" m_tx="4.438123" m_ty="-86.136230"/>
  </frame>
  <frame idx="325" w="143" h="294" x="-1.592018" y="-62.781052">
   <element name="asa_mine" layername="mine" frame="1" z_index="7" m_a="1.164148" m_b="0.000000" m_c="0.000000" m_d="1.934439" m_tx="6.193696" m_ty="-71.211517"/>
   <element name="asa_mine" layername="mine" frame="0" z_index="6" m_a="1.000000" m_b="0.000000" m_c="0.000000" m_d="1.000000" m_tx="4.407981" m_ty="-85.497231"/>
  </frame>
  <frame idx="350" w="143" h="293" x="-1.622162" y="-62.467850">
   <element name="asa_mine" layername="mine" frame="1" z_index="7" m_a="1.162360" m_b="0.000000" m_c="0.000000" m_d="1.924258" m_tx="6.163554" m_ty="-70.572510"/>
   <element name="asa_mine" layername="mine" frame="0" z_index="6" m_a="1.000000" m_b="0.000000" m_c="0.000000" m_d="1.000000" m_tx="4.377840" m_ty="-84.858223"/>
  </frame>
  <frame idx="375" w="143" h="292" x="-1.652298" y="-62.154648">
   <element name="asa_mine" layername="mine" frame="1" z_index="7" m_a="1.160571" m_b="0.000000" m_c="0.000000" m_d="1.914077" m_tx="6.133412" m_ty="-69.933502"/>
   <element name="asa_mine" layername="mine" frame="0" z_index="6" m_a="1.000000" m_b="0.000000" m_c="0.000000" m_d="1.000000" m_tx="4.347698" m_ty="-84.219223"/>
  </frame>
  <frame idx="400" w="143" h="291" x="-1.682449" y="-61.841446">
   <element name="asa_mine" layername="mine" frame="1" z_index="7" m_a="1.158783" m_b="0.000000" m_c="0.000000" m_d="1.903895" m_tx="6.103271" m_ty="-69.294502"/>
   <element name="asa_mine" layername="mine" frame="0" z_index="6" m_a="1.000000" m_b="0.000000" m_c="0.000000" m_d="1.000000" m_tx="4.317556" m_ty="-83.580215"/>
  </frame>
  <frame idx="425" w="143" h="290" x="-1.712585" y="-61.528244">
   <element name="asa_mine" layername="mine" frame="1" z_index="7" m_a="1.156994" m_b="0.000000" m_c="0.000000" m_d="1.893714" m_tx="6.073129" m_ty="-68.655495"/>
   <element name="asa_mine" layername="mine" frame="0" z_index="6" m_a="1.000000" m_b="0.000000" m_c="0.000000" m_d="1.000000" m_tx="4.287414" m_ty="-82.941208"/>
  </frame>
  <frame idx="450" w="143" h="289" x="-1.742729" y="-61.215042">
   <element name="asa_mine" layername="mine" frame="1" z_index="7" m_a="1.155206" m_b="0.000000" m_c="0.000000" m_d="1.883533" m_tx="6.042987" m_ty="-68.016495"/>
   <element name="asa_mine" layername="mine" frame="0" z_index="6" m_a="1.000000" m_b="0.000000" m_c="0.000000" m_d="1.000000" m_tx="4.257272" m_ty="-82.302208"/>
  </frame>
  <frame idx="475" w="143" h="288" x="-1.772873" y="-60.901840">
   <element name="asa_mine" layername="mine" frame="1" z_index="7" m_a="1.153417" m_b="0.000000" m_c="0.000000" m_d="1.873351" m_tx="6.012845" m_ty="-67.377487"/>
   <element name="asa_mine" layername="mine" frame="0" z_index="6" m_a="1.000000" m_b="0.000000" m_c="0.000000" m_d="1.000000" m_tx="4.227131" m_ty="-81.663200"/>
  </frame>
  <frame idx="500" w="143" h="286" x="-1.803009" y="-60.588638">
   <element name="asa_mine" layername="mine" frame="1" z_index="7" m_a="1.151629" m_b="0.000000" m_c="0.000000" m_d="1.863170" m_tx="5.982704" m_ty="-66.738480"/>
   <element name="asa_mine" layername="mine" frame="0" z_index="6" m_a="1.000000" m_b="0.000000" m_c="0.000000" m_d="1.000000" m_tx="4.196989" m_ty="-81.024200"/>
  </frame>
  <frame idx="525" w="143" h="285" x="-1.833153" y="-60.275436">
   <element name="asa_mine" layername="mine" frame="1" z_index="7" m_a="1.149840" m_b="0.000000" m_c="0.000000" m_d="1.852989" m_tx="5.952562" m_ty="-66.099480"/>
   <element name="asa_mine" layername="mine" frame="0" z_index="6" m_a="1.000000" m_b="0.000000" m_c="0.000000" m_d="1.000000" m_tx="4.166847" m_ty="-80.385193"/>
  </frame>
  <frame idx="550" w="143" h="285" x="-1.863297" y="-59.962227">
   <element name="asa_mine" layername="mine" frame="1" z_index="7" m_a="1.148052" m_b="0.000000" m_c="0.000000" m_d="1.842807" m_tx="5.922420" m_ty="-65.460472"/>
   <element name="asa_mine" layername="mine" frame="0" z_index="6" m_a="1.000000" m_b="0.000000" m_c="0.000000" m_d="1.000000" m_tx="4.136705" m_ty="-79.746185"/>
  </frame>
  <frame idx="575" w="143" h="284" x="-1.893433" y="-59.649017">
   <element name="asa_mine" layername="mine" frame="1" z_index="7" m_a="1.146263" m_b="0.000000" m_c="0.000000" m_d="1.832626" m_tx="5.892278" m_ty="-64.821465"/>
   <element name="asa_mine" layername="mine" frame="0" z_index="6" m_a="1.000000" m_b="0.000000" m_c="0.000000" m_d="1.000000" m_tx="4.106564" m_ty="-79.107185"/>
  </frame>
  <frame idx="600" w="143" h="283" x="-1.923576" y="-59.335815">
   <element name="asa_mine" layername="mine" frame="1" z_index="7" m_a="1.144475" m_b="0.000000" m_c="0.000000" m_d="1.822445" m_tx="5.862137" m_ty="-64.182465"/>
   <element name="asa_mine" layername="mine" frame="0" z_index="6" m_a="1.000000" m_b="0.000000" m_c="0.000000" m_d="1.000000" m_tx="4.076422" m_ty="-78.468178"/>
  </frame>
  <frame idx="625" w="143" h="282" x="-1.953720" y="-59.022614">
   <element name="asa_mine" layername="mine" frame="1" z_index="7" m_a="1.142686" m_b="0.000000" m_c="0.000000" m_d="1.812263" m_tx="5.831995" m_ty="-63.543457"/>
   <element name="asa_mine" layername="mine" frame="0" z_index="6" m_a="1.000000" m_b="0.000000" m_c="0.000000" m_d="1.000000" m_tx="4.046280" m_ty="-77.829170"/>
  </frame>
  <frame idx="650" w="143" h="281" x="-1.983856" y="-58.709412">
   <element name="asa_mine" layername="mine" frame="1" z_index="7" m_a="1.140898" m_b="0.000000" m_c="0.000000" m_d="1.802082" m_tx="5.801853" m_ty="-62.904453"/>
   <element name="asa_mine" layername="mine" frame="0" z_index="6" m_a="1.000000" m_b="0.000000" m_c="0.000000" m_d="1.000000" m_tx="4.016139" m_ty="-77.190170"/>
  </frame>
  <frame idx="675" w="145" h="280" x="-2.014008" y="-58.396210">
   <element name="asa_mine" layername="mine" frame="1" z_index="7" m_a="1.139109" m_b="0.000000" m_c="0.000000" m_d="1.791901" m_tx="5.771711" m_ty="-62.265450"/>
   <element name="asa_mine" layername="mine" frame="0" z_index="6" m_a="1.000000" m_b="0.000000" m_c="0.000000" m_d="1.000000" m_tx="3.985997" m_ty="-76.551163"/>
  </frame>
  <frame idx="700" w="145" h="279" x="-2.044144" y="-58.083008">
   <element name="asa_mine" layername="mine" frame="1" z_index="7" m_a="1.137321" m_b="0.000000" m_c="0.000000" m_d="1.781720" m_tx="5.741570" m_ty="-61.626442"/>
   <element name="asa_mine" layername="mine" frame="0" z_index="6" m_a="1.000000" m_b="0.000000" m_c="0.000000" m_d="1.000000" m_tx="3.955855" m_ty="-75.912155"/>
  </frame>
  <frame idx="725" w="145" h="278" x="-2.074287" y="-57.769814">
   <element name="asa_mine" layername="mine" frame="1" z_index="7" m_a="1.135532" m_b="0.000000" m_c="0.000000" m_d="1.771538" m_tx="5.711428" m_ty="-60.987438"/>
   <element name="asa_mine" layername="mine" frame="0" z_index="6" m_a="1.000000" m_b="0.000000" m_c="0.000000" m_d="1.000000" m_tx="3.925713" m_ty="-75.273155"/>
  </frame>
  <frame idx="750" w="145" h="277" x="-2.104431" y="-57.456604">
   <element name="asa_mine" layername="mine" frame="1" z_index="7" m_a="1.133744" m_b="0.000000" m_c="0.000000" m_d="1.761357" m_tx="5.681286" m_ty="-60.348434"/>
   <element name="asa_mine" layername="mine" frame="0" z_index="6" m_a="1.000000" m_b="0.000000" m_c="0.000000" m_d="1.000000" m_tx="3.895571" m_ty="-74.634148"/>
  </frame>
  <frame idx="775" w="145" h="275" x="-2.134567" y="-57.143402">
   <element name="asa_mine" layername="mine" frame="1" z_index="7" m_a="1.131955" m_b="0.000000" m_c="0.000000" m_d="1.751176" m_tx="5.651145" m_ty="-59.709427"/>
   <element name="asa_mine" layername="mine" frame="0" z_index="6" m_a="1.000000" m_b="0.000000" m_c="0.000000" m_d="1.000000" m_tx="3.865430" m_ty="-73.995148"/>
  </frame>
  <frame idx="800" w="145" h="274" x="-2.164711" y="-56.830200">
   <element name="asa_mine" layername="mine" frame="1" z_index="7" m_a="1.130167" m_b="0.000000" m_c="0.000000" m_d="1.740994" m_tx="5.621003" m_ty="-59.070427"/>
   <element name="asa_mine" layername="mine" frame="0" z_index="6" m_a="1.000000" m_b="0.000000" m_c="0.000000" m_d="1.000000" m_tx="3.835288" m_ty="-73.356140"/>
  </frame>
  <frame idx="825" w="145" h="273" x="-2.194855" y="-56.516998">
   <element name="asa_mine" layername="mine" frame="1" z_index="7" m_a="1.128378" m_b="0.000000" m_c="0.000000" m_d="1.730813" m_tx="5.590861" m_ty="-58.431419"/>
   <element name="asa_mine" layername="mine" frame="0" z_index="6" m_a="1.000000" m_b="0.000000" m_c="0.000000" m_d="1.000000" m_tx="3.805146" m_ty="-72.717133"/>
  </frame>
  <frame idx="850" w="145" h="272" x="-2.224991" y="-56.203781">
   <element name="asa_mine" layername="mine" frame="1" z_index="7" m_a="1.126590" m_b="0.000000" m_c="0.000000" m_d="1.720632" m_tx="5.560719" m_ty="-57.792412"/>
   <element name="asa_mine" layername="mine" frame="0" z_index="6" m_a="1.000000" m_b="0.000000" m_c="0.000000" m_d="1.000000" m_tx="3.775004" m_ty="-72.078133"/>
  </frame>
  <frame idx="875" w="145" h="271" x="-2.255142" y="-55.890579">
   <element name="asa_mine" layername="mine" frame="1" z_index="7" m_a="1.124802" m_b="0.000000" m_c="0.000000" m_d="1.710451" m_tx="5.530578" m_ty="-57.153412"/>
   <element name="asa_mine" layername="mine" frame="0" z_index="6" m_a="1.000000" m_b="0.000000" m_c="0.000000" m_d="1.000000" m_tx="3.744863" m_ty="-71.439125"/>
  </frame>
  <frame idx="900" w="145" h="270" x="-2.285278" y="-55.577385">
   <element name="asa_mine" layername="mine" frame="1" z_index="7" m_a="1.123013" m_b="0.000000" m_c="0.000000" m_d="1.700269" m_tx="5.500436" m_ty="-56.514404"/>
   <element name="asa_mine" layername="mine" frame="0" z_index="6" m_a="1.000000" m_b="0.000000" m_c="0.000000" m_d="1.000000" m_tx="3.714721" m_ty="-70.800125"/>
  </frame>
  <frame idx="925" w="145" h="269" x="-2.315422" y="-55.264175">
   <element name="asa_mine" layername="mine" frame="1" z_index="7" m_a="1.121225" m_b="0.000000" m_c="0.000000" m_d="1.690088" m_tx="5.470294" m_ty="-55.875401"/>
   <element name="asa_mine" layername="mine" frame="0" z_index="6" m_a="1.000000" m_b="0.000000" m_c="0.000000" m_d="1.000000" m_tx="3.684579" m_ty="-70.161118"/>
  </frame>
  <frame idx="950" w="145" h="268" x="-2.345566" y="-54.950974">
   <element name="asa_mine" layername="mine" frame="1" z_index="7" m_a="1.119436" m_b="0.000000" m_c="0.000000" m_d="1.679907" m_tx="5.440152" m_ty="-55.236397"/>
   <element name="asa_mine" layername="mine" frame="0" z_index="6" m_a="1.000000" m_b="0.000000" m_c="0.000000" m_d="1.000000" m_tx="3.654437" m_ty="-69.522110"/>
  </frame>
  <frame idx="975" w="145" h="267" x="-2.375702" y="-54.637779">
   <element name="asa_mine" layername="mine" frame="1" z_index="7" m_a="1.117648" m_b="0.000000" m_c="0.000000" m_d="1.669725" m_tx="5.410011" m_ty="-54.597389"/>
   <element name="asa_mine" layername="mine" frame="0" z_index="6" m_a="1.000000" m_b="0.000000" m_c="0.000000" m_d="1.000000" m_tx="3.624296" m_ty="-68.883110"/>
  </frame>
 </anim>
 <anim name="blast" root="asa_mine" numframes="400" framerate="40">
  <frame idx="0" w="263" h="571" x="44.308502" y="-75.039795">
   <element name="asa_mine" layername="mine-3" frame="7" z_index="7" m_a="1.383085" m_b="0.000000" m_c="0.000000" m_d="2.079602" m_tx="9.000000" m_ty="-169.000000"/>
   <element name="asa_mine" layername="mine-3" frame="2" z_index="6" m_a="1.000000" m_b="0.000000" m_c="0.000000" m_d="1.000000" m_tx="3.000000" m_ty="-197.000000"/>
  </frame>
  <frame idx="25" w="263" h="571" x="44.308502" y="-75.039795">
   <element name="asa_mine" layername="mine-3" frame="7" z_index="7" m_a="1.383085" m_b="0.000000" m_c="0.000000" m_d="2.079602" m_tx="9.000000" m_ty="-169.000000"/>
   <element name="asa_mine" layername="mine-3" frame="2" z_index="6" m_a="1.000000" m_b="0.000000" m_c="0.000000" m_d="1.000000" m_tx="3.000000" m_ty="-197.000000"/>
  </frame>
  <frame idx="50" w="263" h="571" x="44.308502" y="-75.039795">
   <element name="asa_mine" layername="mine-3" frame="7" z_index="7" m_a="1.383085" m_b="0.000000" m_c="0.000000" m_d="2.079602" m_tx="9.000000" m_ty="-169.000000"/>
   <element name="asa_mine" layername="mine-3" frame="2" z_index="6" m_a="1.000000" m_b="0.000000" m_c="0.000000" m_d="1.000000" m_tx="3.000000" m_ty="-197.000000"/>
  </frame>
  <frame idx="75" w="266" h="590" x="43.573807" y="-80.672455">
   <element name="asa_mine" layername="mine-3" frame="8" z_index="7" m_a="1.383085" m_b="0.000000" m_c="0.000000" m_d="2.079602" m_tx="9.000000" m_ty="-169.000000"/>
   <element name="asa_mine" layername="mine-3" frame="3" z_index="6" m_a="1.109656" m_b="0.000000" m_c="0.000000" m_d="1.168139" m_tx="1.530612" m_ty="-208.265305"/>
  </frame>
  <frame idx="100" w="268" h="610" x="42.808502" y="-86.539795">
   <element name="asa_mine" layername="mine-3" frame="9" z_index="7" m_a="1.383085" m_b="0.000000" m_c="0.000000" m_d="2.079602" m_tx="9.000000" m_ty="-169.000000"/>
   <element name="asa_mine" layername="mine-3" frame="4" z_index="6" m_a="1.223881" m_b="0.000000" m_c="0.000000" m_d="1.343284" m_tx="0.000000" m_ty="-220.000000"/>
  </frame>
  <frame idx="125" w="274" h="649" x="50.751686" y="-98.470352">
   <element name="asa_mine" layername="mine-3" frame="9" z_index="7" m_a="1.383085" m_b="0.000000" m_c="0.000000" m_d="2.079602" m_tx="9.000000" m_ty="-169.000000"/>
   <element name="asa_mine" layername="mine-3" frame="4" z_index="6" m_a="1.496683" m_b="0.000000" m_c="0.000000" m_d="1.702874" m_tx="1.083333" m_ty="-243.861115"/>
  </frame>
  <frame idx="150" w="303" h="689" x="79.115257" y="-110.400909">
   <element name="asa_mine" layername="mine-3" frame="10" z_index="7" m_a="1.383085" m_b="0.000000" m_c="0.000000" m_d="2.079602" m_tx="9.000000" m_ty="-169.000000"/>
   <element name="asa_mine" layername="mine-3" frame="4" z_index="6" m_a="1.769486" m_b="0.000000" m_c="0.000000" m_d="2.062465" m_tx="2.166667" m_ty="-267.722229"/>
  </frame>
  <frame idx="175" w="301" h="685" x="76.876572" y="-109.360870">
   <element name="asa_mine" layername="mine-3" frame="10" z_index="7" m_a="1.383085" m_b="0.000000" m_c="0.000000" m_d="2.079602" m_tx="9.000000" m_ty="-169.000000"/>
   <element name="asa_mine" layername="mine-3" frame="4" z_index="6" m_a="1.746854" m_b="0.000000" m_c="0.000000" m_d="2.031216" m_tx="2.191176" m_ty="-265.642151"/>
  </frame>
  <frame idx="200" w="299" h="681" x="74.637878" y="-108.320847">
   <element name="asa_mine" layername="mine-3" frame="11" z_index="7" m_a="1.383085" m_b="0.000000" m_c="0.000000" m_d="2.079602" m_tx="9.000000" m_ty="-169.000000"/>
   <element name="asa_mine" layername="mine-3" frame="5" z_index="6" m_a="1.724222" m_b="0.000000" m_c="0.000000" m_d="1.999967" m_tx="2.215686" m_ty="-263.562103"/>
  </frame>
  <frame idx="225" w="312" h="736" x="85.329536" y="-125.010010">
   <element name="asa_mine" layername="mine-3" frame="11" z_index="7" m_a="1.383085" m_b="0.000000" m_c="0.000000" m_d="2.079602" m_tx="9.000000" m_ty="-169.000000"/>
   <element name="asa_mine" layername="mine-3" frame="5" z_index="6" m_a="1.840889" m_b="0.000000" m_c="0.000000" m_d="2.147651" m_tx="1.240686" m_ty="-296.940430"/>
  </frame>
  <frame idx="250" w="326" h="791" x="96.021194" y="-141.699188">
   <element name="asa_mine" layername="mine-3" frame="12" z_index="7" m_a="1.383085" m_b="0.000000" m_c="0.000000" m_d="2.079602" m_tx="9.000000" m_ty="-169.000000"/>
   <element name="asa_mine" layername="mine-3" frame="6" z_index="6" m_a="1.957555" m_b="0.000000" m_c="0.000000" m_d="2.295336" m_tx="0.265686" m_ty="-330.318756"/>
  </frame>
  <frame idx="275" w="343" h="833" x="109.899246" y="-140.702789">
   <element name="asa_mine" layername="mine-3" frame="12" z_index="7" m_a="1.383085" m_b="0.000000" m_c="0.000000" m_d="2.079602" m_tx="8.094203" m_ty="-148.891296"/>
   <element name="asa_mine" layername="mine-3" frame="6" z_index="6" m_a="2.099959" m_b="0.000000" m_c="0.000000" m_d="2.457568" m_tx="-0.096633" m_ty="-348.434692"/>
  </frame>
  <frame idx="300" w="358" h="874" x="123.777344" y="-139.706421">
   <element name="asa_mine" layername="mine-3" frame="12" z_index="7" m_a="1.383085" m_b="0.000000" m_c="0.000000" m_d="2.079602" m_tx="7.188406" m_ty="-128.782608"/>
   <element name="asa_mine" layername="mine-3" frame="6" z_index="6" m_a="2.242363" m_b="0.000000" m_c="0.000000" m_d="2.619801" m_tx="-0.458952" m_ty="-366.550629"/>
  </frame>
  <frame idx="325" w="374" h="915" x="137.655441" y="-138.710022">
   <element name="asa_mine" layername="mine-3" frame="12" z_index="7" m_a="1.383085" m_b="0.000000" m_c="0.000000" m_d="2.079602" m_tx="6.282609" m_ty="-108.673920"/>
   <element name="asa_mine" layername="mine-3" frame="6" z_index="6" m_a="2.384767" m_b="0.000000" m_c="0.000000" m_d="2.782033" m_tx="-0.821270" m_ty="-384.666565"/>
  </frame>
  <frame idx="350" w="390" h="955" x="151.533508" y="-137.713684">
   <element name="asa_mine" layername="mine-3" frame="12" z_index="7" m_a="1.383085" m_b="0.000000" m_c="0.000000" m_d="2.079602" m_tx="5.376812" m_ty="-88.565216"/>
   <element name="asa_mine" layername="mine-3" frame="6" z_index="6" m_a="2.527171" m_b="0.000000" m_c="0.000000" m_d="2.944265" m_tx="-1.183589" m_ty="-402.782532"/>
  </frame>
  <frame idx="375" w="406" h="997" x="165.411560" y="-136.717285">
   <element name="asa_mine" layername="mine-3" frame="12" z_index="7" m_a="1.383085" m_b="0.000000" m_c="0.000000" m_d="2.079602" m_tx="4.471014" m_ty="-68.456520"/>
   <element name="asa_mine" layername="mine-3" frame="6" z_index="6" m_a="2.669575" m_b="0.000000" m_c="0.000000" m_d="3.106497" m_tx="-1.545908" m_ty="-420.898468"/>
  </frame>
 </anim>
 <anim name="idle_off" root="asa_mirage" numframes="1000" framerate="40">
  <frame idx="0" w="172" h="227" x="4.806213" y="-45.581390">
   <element name="asa_mirage" layername="asa_mirage" frame="0" z_index="7" m_a="1.000000" m_b="0.000000" m_c="0.000000" m_d="1.000000" m_tx="-75.193794" m_ty="-125.581398"/>
  </frame>
  <frame idx="25" w="172" h="227" x="4.806213" y="-45.581390">
   <element name="asa_mirage" layername="asa_mirage" frame="0" z_index="7" m_a="1.000000" m_b="0.000000" m_c="0.000000" m_d="1.000000" m_tx="-75.193794" m_ty="-125.581398"/>
  </frame>
  <frame idx="50" w="172" h="227" x="4.806213" y="-45.581390">
   <element name="asa_mirage" layername="asa_mirage" frame="0" z_index="7" m_a="1.000000" m_b="0.000000" m_c="0.000000" m_d="1.000000" m_tx="-75.193794" m_ty="-125.581398"/>
  </frame>
  <frame idx="75" w="172" h="227" x="4.806213" y="-45.581390">
   <element name="asa_mirage" layername="asa_mirage" frame="0" z_index="7" m_a="1.000000" m_b="0.000000" m_c="0.000000" m_d="1.000000" m_tx="-75.193794" m_ty="-125.581398"/>
  </frame>
  <frame idx="100" w="172" h="227" x="4.806213" y="-45.581390">
   <element name="asa_mirage" layername="asa_mirage" frame="0" z_index="7" m_a="1.000000" m_b="0.000000" m_c="0.000000" m_d="1.000000" m_tx="-75.193794" m_ty="-125.581398"/>
  </frame>
  <frame idx="125" w="172" h="227" x="4.806213" y="-45.581390">
   <element name="asa_mirage" layername="asa_mirage" frame="0" z_index="7" m_a="1.000000" m_b="0.000000" m_c="0.000000" m_d="1.000000" m_tx="-75.193794" m_ty="-125.581398"/>
  </frame>
  <frame idx="150" w="172" h="227" x="4.806213" y="-45.581390">
   <element name="asa_mirage" layername="asa_mirage" frame="0" z_index="7" m_a="1.000000" m_b="0.000000" m_c="0.000000" m_d="1.000000" m_tx="-75.193794" m_ty="-125.581398"/>
  </frame>
  <frame idx="175" w="172" h="227" x="4.806213" y="-45.581390">
   <element name="asa_mirage" layername="asa_mirage" frame="0" z_index="7" m_a="1.000000" m_b="0.000000" m_c="0.000000" m_d="1.000000" m_tx="-75.193794" m_ty="-125.581398"/>
  </frame>
  <frame idx="200" w="172" h="227" x="4.806213" y="-45.581390">
   <element name="asa_mirage" layername="asa_mirage" frame="0" z_index="7" m_a="1.000000" m_b="0.000000" m_c="0.000000" m_d="1.000000" m_tx="-75.193794" m_ty="-125.581398"/>
  </frame>
  <frame idx="225" w="172" h="227" x="4.806213" y="-45.581390">
   <element name="asa_mirage" layername="asa_mirage" frame="0" z_index="7" m_a="1.000000" m_b="0.000000" m_c="0.000000" m_d="1.000000" m_tx="-75.193794" m_ty="-125.581398"/>
  </frame>
  <frame idx="250" w="172" h="227" x="4.806213" y="-45.581390">
   <element name="asa_mirage" layername="asa_mirage" frame="0" z_index="7" m_a="1.000000" m_b="0.000000" m_c="0.000000" m_d="1.000000" m_tx="-75.193794" m_ty="-125.581398"/>
  </frame>
  <frame idx="275" w="172" h="227" x="4.806213" y="-45.581390">
   <element name="asa_mirage" layername="asa_mirage" frame="0" z_index="7" m_a="1.000000" m_b="0.000000" m_c="0.000000" m_d="1.000000" m_tx="-75.193794" m_ty="-125.581398"/>
  </frame>
  <frame idx="300" w="172" h="227" x="4.806213" y="-45.581390">
   <element name="asa_mirage" layername="asa_mirage" frame="0" z_index="7" m_a="1.000000" m_b="0.000000" m_c="0.000000" m_d="1.000000" m_tx="-75.193794" m_ty="-125.581398"/>
  </frame>
  <frame idx="325" w="172" h="227" x="4.806213" y="-45.581390">
   <element name="asa_mirage" layername="asa_mirage" frame="0" z_index="7" m_a="1.000000" m_b="0.000000" m_c="0.000000" m_d="1.000000" m_tx="-75.193794" m_ty="-125.581398"/>
  </frame>
  <frame idx="350" w="172" h="227" x="4.806213" y="-45.581390">
   <element name="asa_mirage" layername="asa_mirage" frame="0" z_index="7" m_a="1.000000" m_b="0.000000" m_c="0.000000" m_d="1.000000" m_tx="-75.193794" m_ty="-125.581398"/>
  </frame>
  <frame idx="375" w="172" h="227" x="4.806213" y="-45.581390">
   <element name="asa_mirage" layername="asa_mirage" frame="0" z_index="7" m_a="1.000000" m_b="0.000000" m_c="0.000000" m_d="1.000000" m_tx="-75.193794" m_ty="-125.581398"/>
  </frame>
  <frame idx="400" w="172" h="227" x="4.806213" y="-45.581390">
   <element name="asa_mirage" layername="asa_mirage" frame="0" z_index="7" m_a="1.000000" m_b="0.000000" m_c="0.000000" m_d="1.000000" m_tx="-75.193794" m_ty="-125.581398"/>
  </frame>
  <frame idx="425" w="172" h="227" x="4.806213" y="-45.581390">
   <element name="asa_mirage" layername="asa_mirage" frame="0" z_index="7" m_a="1.000000" m_b="0.000000" m_c="0.000000" m_d="1.000000" m_tx="-75.193794" m_ty="-125.581398"/>
  </frame>
  <frame idx="450" w="172" h="227" x="4.806213" y="-45.581390">
   <element name="asa_mirage" layername="asa_mirage" frame="0" z_index="7" m_a="1.000000" m_b="0.000000" m_c="0.000000" m_d="1.000000" m_tx="-75.193794" m_ty="-125.581398"/>
  </frame>
  <frame idx="475" w="172" h="227" x="4.806213" y="-45.581390">
   <element name="asa_mirage" layername="asa_mirage" frame="0" z_index="7" m_a="1.000000" m_b="0.000000" m_c="0.000000" m_d="1.000000" m_tx="-75.193794" m_ty="-125.581398"/>
  </frame>
  <frame idx="500" w="172" h="227" x="4.806213" y="-45.581390">
   <element name="asa_mirage" layername="asa_mirage" frame="0" z_index="7" m_a="1.000000" m_b="0.000000" m_c="0.000000" m_d="1.000000" m_tx="-75.193794" m_ty="-125.581398"/>
  </frame>
  <frame idx="525" w="172" h="227" x="4.806213" y="-45.581390">
   <element name="asa_mirage" layername="asa_mirage" frame="0" z_index="7" m_a="1.000000" m_b="0.000000" m_c="0.000000" m_d="1.000000" m_tx="-75.193794" m_ty="-125.581398"/>
  </frame>
  <frame idx="550" w="172" h="227" x="4.806213" y="-45.581390">
   <element name="asa_mirage" layername="asa_mirage" frame="0" z_index="7" m_a="1.000000" m_b="0.000000" m_c="0.000000" m_d="1.000000" m_tx="-75.193794" m_ty="-125.581398"/>
  </frame>
  <frame idx="575" w="172" h="227" x="4.806213" y="-45.581390">
   <element name="asa_mirage" layername="asa_mirage" frame="0" z_index="7" m_a="1.000000" m_b="0.000000" m_c="0.000000" m_d="1.000000" m_tx="-75.193794" m_ty="-125.581398"/>
  </frame>
  <frame idx="600" w="172" h="227" x="4.806213" y="-45.581390">
   <element name="asa_mirage" layername="asa_mirage" frame="0" z_index="7" m_a="1.000000" m_b="0.000000" m_c="0.000000" m_d="1.000000" m_tx="-75.193794" m_ty="-125.581398"/>
  </frame>
  <frame idx="625" w="172" h="227" x="4.806213" y="-45.581390">
   <element name="asa_mirage" layername="asa_mirage" frame="0" z_index="7" m_a="1.000000" m_b="0.000000" m_c="0.000000" m_d="1.000000" m_tx="-75.193794" m_ty="-125.581398"/>
  </frame>
  <frame idx="650" w="172" h="227" x="4.806213" y="-45.581390">
   <element name="asa_mirage" layername="asa_mirage" frame="0" z_index="7" m_a="1.000000" m_b="0.000000" m_c="0.000000" m_d="1.000000" m_tx="-75.193794" m_ty="-125.581398"/>
  </frame>
  <frame idx="675" w="172" h="227" x="4.806213" y="-45.581390">
   <element name="asa_mirage" layername="asa_mirage" frame="0" z_index="7" m_a="1.000000" m_b="0.000000" m_c="0.000000" m_d="1.000000" m_tx="-75.193794" m_ty="-125.581398"/>
  </frame>
  <frame idx="700" w="172" h="227" x="4.806213" y="-45.581390">
   <element name="asa_mirage" layername="asa_mirage" frame="0" z_index="7" m_a="1.000000" m_b="0.000000" m_c="0.000000" m_d="1.000000" m_tx="-75.193794" m_ty="-125.581398"/>
  </frame>
  <frame idx="725" w="172" h="227" x="4.806213" y="-45.581390">
   <element name="asa_mirage" layername="asa_mirage" frame="0" z_index="7" m_a="1.000000" m_b="0.000000" m_c="0.000000" m_d="1.000000" m_tx="-75.193794" m_ty="-125.581398"/>
  </frame>
  <frame idx="750" w="172" h="227" x="4.806213" y="-45.581390">
   <element name="asa_mirage" layername="asa_mirage" frame="0" z_index="7" m_a="1.000000" m_b="0.000000" m_c="0.000000" m_d="1.000000" m_tx="-75.193794" m_ty="-125.581398"/>
  </frame>
  <frame idx="775" w="172" h="227" x="4.806213" y="-45.581390">
   <element name="asa_mirage" layername="asa_mirage" frame="0" z_index="7" m_a="1.000000" m_b="0.000000" m_c="0.000000" m_d="1.000000" m_tx="-75.193794" m_ty="-125.581398"/>
  </frame>
  <frame idx="800" w="172" h="227" x="4.806213" y="-45.581390">
   <element name="asa_mirage" layername="asa_mirage" frame="0" z_index="7" m_a="1.000000" m_b="0.000000" m_c="0.000000" m_d="1.000000" m_tx="-75.193794" m_ty="-125.581398"/>
  </frame>
  <frame idx="825" w="172" h="227" x="4.806213" y="-45.581390">
   <element name="asa_mirage" layername="asa_mirage" frame="0" z_index="7" m_a="1.000000" m_b="0.000000" m_c="0.000000" m_d="1.000000" m_tx="-75.193794" m_ty="-125.581398"/>
  </frame>
  <frame idx="850" w="172" h="227" x="4.806213" y="-45.581390">
   <element name="asa_mirage" layername="asa_mirage" frame="0" z_index="7" m_a="1.000000" m_b="0.000000" m_c="0.000000" m_d="1.000000" m_tx="-75.193794" m_ty="-125.581398"/>
  </frame>
  <frame idx="875" w="172" h="227" x="4.806213" y="-45.581390">
   <element name="asa_mirage" layername="asa_mirage" frame="0" z_index="7" m_a="1.000000" m_b="0.000000" m_c="0.000000" m_d="1.000000" m_tx="-75.193794" m_ty="-125.581398"/>
  </frame>
  <frame idx="900" w="172" h="227" x="4.806213" y="-45.581390">
   <element name="asa_mirage" layername="asa_mirage" frame="0" z_index="7" m_a="1.000000" m_b="0.000000" m_c="0.000000" m_d="1.000000" m_tx="-75.193794" m_ty="-125.581398"/>
  </frame>
  <frame idx="925" w="172" h="227" x="4.806213" y="-45.581390">
   <element name="asa_mirage" layername="asa_mirage" frame="0" z_index="7" m_a="1.000000" m_b="0.000000" m_c="0.000000" m_d="1.000000" m_tx="-75.193794" m_ty="-125.581398"/>
  </frame>
  <frame idx="950" w="172" h="227" x="4.806213" y="-45.581390">
   <element name="asa_mirage" layername="asa_mirage" frame="0" z_index="7" m_a="1.000000" m_b="0.000000" m_c="0.000000" m_d="1.000000" m_tx="-75.193794" m_ty="-125.581398"/>
  </frame>
  <frame idx="975" w="172" h="227" x="4.806213" y="-45.581390">
   <element name="asa_mirage" layername="asa_mirage" frame="0" z_index="7" m_a="1.000000" m_b="0.000000" m_c="0.000000" m_d="1.000000" m_tx="-75.193794" m_ty="-125.581398"/>
  </frame>
 </anim>
 <anim name="idle_on" root="asa_mirage" numframes="1000" framerate="40">
  <frame idx="0" w="172" h="227" x="4.806213" y="-45.581390">
   <element name="asa_mirage" layername="asa_mirage" frame="1" z_index="7" m_a="1.000000" m_b="0.000000" m_c="0.000000" m_d="1.000000" m_tx="-75.193794" m_ty="-125.581398"/>
  </frame>
  <frame idx="25" w="172" h="227" x="4.806213" y="-45.581390">
   <element name="asa_mirage" layername="asa_mirage" frame="1" z_index="7" m_a="1.000000" m_b="0.000000" m_c="0.000000" m_d="1.000000" m_tx="-75.193794" m_ty="-125.581398"/>
  </frame>
  <frame idx="50" w="172" h="227" x="4.806213" y="-45.581390">
   <element name="asa_mirage" layername="asa_mirage" frame="1" z_index="7" m_a="1.000000" m_b="0.000000" m_c="0.000000" m_d="1.000000" m_tx="-75.193794" m_ty="-125.581398"/>
  </frame>
  <frame idx="75" w="172" h="227" x="4.806213" y="-45.581390">
   <element name="asa_mirage" layername="asa_mirage" frame="1" z_index="7" m_a="1.000000" m_b="0.000000" m_c="0.000000" m_d="1.000000" m_tx="-75.193794" m_ty="-125.581398"/>
  </frame>
  <frame idx="100" w="172" h="227" x="4.806213" y="-45.581390">
   <element name="asa_mirage" layername="asa_mirage" frame="1" z_index="7" m_a="1.000000" m_b="0.000000" m_c="0.000000" m_d="1.000000" m_tx="-75.193794" m_ty="-125.581398"/>
  </frame>
  <frame idx="125" w="172" h="227" x="4.806213" y="-45.581390">
   <element name="asa_mirage" layername="asa_mirage" frame="1" z_index="7" m_a="1.000000" m_b="0.000000" m_c="0.000000" m_d="1.000000" m_tx="-75.193794" m_ty="-125.581398"/>
  </frame>
  <frame idx="150" w="172" h="227" x="4.806213" y="-45.581390">
   <element name="asa_mirage" layername="asa_mirage" frame="1" z_index="7" m_a="1.000000" m_b="0.000000" m_c="0.000000" m_d="1.000000" m_tx="-75.193794" m_ty="-125.581398"/>
  </frame>
  <frame idx="175" w="172" h="227" x="4.806213" y="-45.581390">
   <element name="asa_mirage" layername="asa_mirage" frame="1" z_index="7" m_a="1.000000" m_b="0.000000" m_c="0.000000" m_d="1.000000" m_tx="-75.193794" m_ty="-125.581398"/>
  </frame>
  <frame idx="200" w="172" h="227" x="4.806213" y="-45.581390">
   <element name="asa_mirage" layername="asa_mirage" frame="1" z_index="7" m_a="1.000000" m_b="0.000000" m_c="0.000000" m_d="1.000000" m_tx="-75.193794" m_ty="-125.581398"/>
  </frame>
  <frame idx="225" w="172" h="227" x="4.806213" y="-45.581390">
   <element name="asa_mirage" layername="asa_mirage" frame="1" z_index="7" m_a="1.000000" m_b="0.000000" m_c="0.000000" m_d="1.000000" m_tx="-75.193794" m_ty="-125.581398"/>
  </frame>
  <frame idx="250" w="172" h="227" x="4.806213" y="-45.581390">
   <element name="asa_mirage" layername="asa_mirage" frame="1" z_index="7" m_a="1.000000" m_b="0.000000" m_c="0.000000" m_d="1.000000" m_tx="-75.193794" m_ty="-125.581398"/>
  </frame>
  <frame idx="275" w="172" h="227" x="4.806213" y="-45.581390">
   <element name="asa_mirage" layername="asa_mirage" frame="1" z_index="7" m_a="1.000000" m_b="0.000000" m_c="0.000000" m_d="1.000000" m_tx="-75.193794" m_ty="-125.581398"/>
  </frame>
  <frame idx="300" w="172" h="227" x="4.806213" y="-45.581390">
   <element name="asa_mirage" layername="asa_mirage" frame="1" z_index="7" m_a="1.000000" m_b="0.000000" m_c="0.000000" m_d="1.000000" m_tx="-75.193794" m_ty="-125.581398"/>
  </frame>
  <frame idx="325" w="172" h="227" x="4.806213" y="-45.581390">
   <element name="asa_mirage" layername="asa_mirage" frame="1" z_index="7" m_a="1.000000" m_b="0.000000" m_c="0.000000" m_d="1.000000" m_tx="-75.193794" m_ty="-125.581398"/>
  </frame>
  <frame idx="350" w="172" h="227" x="4.806213" y="-45.581390">
   <element name="asa_mirage" layername="asa_mirage" frame="1" z_index="7" m_a="1.000000" m_b="0.000000" m_c="0.000000" m_d="1.000000" m_tx="-75.193794" m_ty="-125.581398"/>
  </frame>
  <frame idx="375" w="172" h="227" x="4.806213" y="-45.581390">
   <element name="asa_mirage" layername="asa_mirage" frame="1" z_index="7" m_a="1.000000" m_b="0.000000" m_c="0.000000" m_d="1.000000" m_tx="-75.193794" m_ty="-125.581398"/>
  </frame>
  <frame idx="400" w="172" h="227" x="4.806213" y="-45.581390">
   <element name="asa_mirage" layername="asa_mirage" frame="1" z_index="7" m_a="1.000000" m_b="0.000000" m_c="0.000000" m_d="1.000000" m_tx="-75.193794" m_ty="-125.581398"/>
  </frame>
  <frame idx="425" w="172" h="227" x="4.806213" y="-45.581390">
   <element name="asa_mirage" layername="asa_mirage" frame="1" z_index="7" m_a="1.000000" m_b="0.000000" m_c="0.000000" m_d="1.000000" m_tx="-75.193794" m_ty="-125.581398"/>
  </frame>
  <frame idx="450" w="172" h="227" x="4.806213" y="-45.581390">
   <element name="asa_mirage" layername="asa_mirage" frame="1" z_index="7" m_a="1.000000" m_b="0.000000" m_c="0.000000" m_d="1.000000" m_tx="-75.193794" m_ty="-125.581398"/>
  </frame>
  <frame idx="475" w="172" h="227" x="4.806213" y="-45.581390">
   <element name="asa_mirage" layername="asa_mirage" frame="1" z_index="7" m_a="1.000000" m_b="0.000000" m_c="0.000000" m_d="1.000000" m_tx="-75.193794" m_ty="-125.581398"/>
  </frame>
  <frame idx="500" w="172" h="227" x="4.806213" y="-45.581390">
   <element name="asa_mirage" layername="asa_mirage" frame="1" z_index="7" m_a="1.000000" m_b="0.000000" m_c="0.000000" m_d="1.000000" m_tx="-75.193794" m_ty="-125.581398"/>
  </frame>
  <frame idx="525" w="172" h="227" x="4.806213" y="-45.581390">
   <element name="asa_mirage" layername="asa_mirage" frame="1" z_index="7" m_a="1.000000" m_b="0.000000" m_c="0.000000" m_d="1.000000" m_tx="-75.193794" m_ty="-125.581398"/>
  </frame>
  <frame idx="550" w="172" h="227" x="4.806213" y="-45.581390">
   <element name="asa_mirage" layername="asa_mirage" frame="1" z_index="7" m_a="1.000000" m_b="0.000000" m_c="0.000000" m_d="1.000000" m_tx="-75.193794" m_ty="-125.581398"/>
  </frame>
  <frame idx="575" w="172" h="227" x="4.806213" y="-45.581390">
   <element name="asa_mirage" layername="asa_mirage" frame="1" z_index="7" m_a="1.000000" m_b="0.000000" m_c="0.000000" m_d="1.000000" m_tx="-75.193794" m_ty="-125.581398"/>
  </frame>
  <frame idx="600" w="172" h="227" x="4.806213" y="-45.581390">
   <element name="asa_mirage" layername="asa_mirage" frame="1" z_index="7" m_a="1.000000" m_b="0.000000" m_c="0.000000" m_d="1.000000" m_tx="-75.193794" m_ty="-125.581398"/>
  </frame>
  <frame idx="625" w="172" h="227" x="4.806213" y="-45.581390">
   <element name="asa_mirage" layername="asa_mirage" frame="1" z_index="7" m_a="1.000000" m_b="0.000000" m_c="0.000000" m_d="1.000000" m_tx="-75.193794" m_ty="-125.581398"/>
  </frame>
  <frame idx="650" w="172" h="227" x="4.806213" y="-45.581390">
   <element name="asa_mirage" layername="asa_mirage" frame="1" z_index="7" m_a="1.000000" m_b="0.000000" m_c="0.000000" m_d="1.000000" m_tx="-75.193794" m_ty="-125.581398"/>
  </frame>
  <frame idx="675" w="172" h="227" x="4.806213" y="-45.581390">
   <element name="asa_mirage" layername="asa_mirage" frame="1" z_index="7" m_a="1.000000" m_b="0.000000" m_c="0.000000" m_d="1.000000" m_tx="-75.193794" m_ty="-125.581398"/>
  </frame>
  <frame idx="700" w="172" h="227" x="4.806213" y="-45.581390">
   <element name="asa_mirage" layername="asa_mirage" frame="1" z_index="7" m_a="1.000000" m_b="0.000000" m_c="0.000000" m_d="1.000000" m_tx="-75.193794" m_ty="-125.581398"/>
  </frame>
  <frame idx="725" w="172" h="227" x="4.806213" y="-45.581390">
   <element name="asa_mirage" layername="asa_mirage" frame="1" z_index="7" m_a="1.000000" m_b="0.000000" m_c="0.000000" m_d="1.000000" m_tx="-75.193794" m_ty="-125.581398"/>
  </frame>
  <frame idx="750" w="172" h="227" x="4.806213" y="-45.581390">
   <element name="asa_mirage" layername="asa_mirage" frame="1" z_index="7" m_a="1.000000" m_b="0.000000" m_c="0.000000" m_d="1.000000" m_tx="-75.193794" m_ty="-125.581398"/>
  </frame>
  <frame idx="775" w="172" h="227" x="4.806213" y="-45.581390">
   <element name="asa_mirage" layername="asa_mirage" frame="1" z_index="7" m_a="1.000000" m_b="0.000000" m_c="0.000000" m_d="1.000000" m_tx="-75.193794" m_ty="-125.581398"/>
  </frame>
  <frame idx="800" w="172" h="227" x="4.806213" y="-45.581390">
   <element name="asa_mirage" layername="asa_mirage" frame="1" z_index="7" m_a="1.000000" m_b="0.000000" m_c="0.000000" m_d="1.000000" m_tx="-75.193794" m_ty="-125.581398"/>
  </frame>
  <frame idx="825" w="172" h="227" x="4.806213" y="-45.581390">
   <element name="asa_mirage" layername="asa_mirage" frame="1" z_index="7" m_a="1.000000" m_b="0.000000" m_c="0.000000" m_d="1.000000" m_tx="-75.193794" m_ty="-125.581398"/>
  </frame>
  <frame idx="850" w="172" h="227" x="4.806213" y="-45.581390">
   <element name="asa_mirage" layername="asa_mirage" frame="1" z_index="7" m_a="1.000000" m_b="0.000000" m_c="0.000000" m_d="1.000000" m_tx="-75.193794" m_ty="-125.581398"/>
  </frame>
  <frame idx="875" w="172" h="227" x="4.806213" y="-45.581390">
   <element name="asa_mirage" layername="asa_mirage" frame="1" z_index="7" m_a="1.000000" m_b="0.000000" m_c="0.000000" m_d="1.000000" m_tx="-75.193794" m_ty="-125.581398"/>
  </frame>
  <frame idx="900" w="172" h="227" x="4.806213" y="-45.581390">
   <element name="asa_mirage" layername="asa_mirage" frame="1" z_index="7" m_a="1.000000" m_b="0.000000" m_c="0.000000" m_d="1.000000" m_tx="-75.193794" m_ty="-125.581398"/>
  </frame>
  <frame idx="925" w="172" h="227" x="4.806213" y="-45.581390">
   <element name="asa_mirage" layername="asa_mirage" frame="1" z_index="7" m_a="1.000000" m_b="0.000000" m_c="0.000000" m_d="1.000000" m_tx="-75.193794" m_ty="-125.581398"/>
  </frame>
  <frame idx="950" w="172" h="227" x="4.806213" y="-45.581390">
   <element name="asa_mirage" layername="asa_mirage" frame="1" z_index="7" m_a="1.000000" m_b="0.000000" m_c="0.000000" m_d="1.000000" m_tx="-75.193794" m_ty="-125.581398"/>
  </frame>
  <frame idx="975" w="172" h="227" x="4.806213" y="-45.581390">
   <element name="asa_mirage" layername="asa_mirage" frame="1" z_index="7" m_a="1.000000" m_b="0.000000" m_c="0.000000" m_d="1.000000" m_tx="-75.193794" m_ty="-125.581398"/>
  </frame>
 </anim>
</Anims>
