<Anims>
 <anim name="idle" root="asa_ring" numframes="1000" framerate="40">
  <frame idx="0" w="670" h="670" x="97.311005" y="96.811005">
   <element name="ring" layername="ring" frame="0" z_index="4" m_a="1.378168" m_b="0.000000" m_c="0.000000" m_d="1.378168" m_tx="0.500000" m_ty="0.000000"/>
  </frame>
  <frame idx="25" w="670" h="670" x="97.311005" y="96.811005">
   <element name="ring" layername="ring" frame="0" z_index="4" m_a="1.378168" m_b="0.000000" m_c="0.000000" m_d="1.378168" m_tx="0.500000" m_ty="0.000000"/>
  </frame>
  <frame idx="50" w="670" h="670" x="97.311005" y="96.811005">
   <element name="ring" layername="ring" frame="0" z_index="4" m_a="1.378168" m_b="0.000000" m_c="0.000000" m_d="1.378168" m_tx="0.500000" m_ty="0.000000"/>
  </frame>
  <frame idx="75" w="670" h="670" x="97.311005" y="96.811005">
   <element name="ring" layername="ring" frame="0" z_index="4" m_a="1.378168" m_b="0.000000" m_c="0.000000" m_d="1.378168" m_tx="0.500000" m_ty="0.000000"/>
  </frame>
  <frame idx="100" w="670" h="670" x="97.311005" y="96.811005">
   <element name="ring" layername="ring" frame="0" z_index="4" m_a="1.378168" m_b="0.000000" m_c="0.000000" m_d="1.378168" m_tx="0.500000" m_ty="0.000000"/>
  </frame>
  <frame idx="125" w="670" h="670" x="97.311005" y="96.811005">
   <element name="ring" layername="ring" frame="0" z_index="4" m_a="1.378168" m_b="0.000000" m_c="0.000000" m_d="1.378168" m_tx="0.500000" m_ty="0.000000"/>
  </frame>
  <frame idx="150" w="670" h="670" x="97.311005" y="96.811005">
   <element name="ring" layername="ring" frame="0" z_index="4" m_a="1.378168" m_b="0.000000" m_c="0.000000" m_d="1.378168" m_tx="0.500000" m_ty="0.000000"/>
  </frame>
  <frame idx="175" w="670" h="670" x="97.311005" y="96.811005">
   <element name="ring" layername="ring" frame="0" z_index="4" m_a="1.378168" m_b="0.000000" m_c="0.000000" m_d="1.378168" m_tx="0.500000" m_ty="0.000000"/>
  </frame>
  <frame idx="200" w="670" h="670" x="97.311005" y="96.811005">
   <element name="ring" layername="ring" frame="0" z_index="4" m_a="1.378168" m_b="0.000000" m_c="0.000000" m_d="1.378168" m_tx="0.500000" m_ty="0.000000"/>
  </frame>
  <frame idx="225" w="670" h="670" x="97.311005" y="96.811005">
   <element name="ring" layername="ring" frame="0" z_index="4" m_a="1.378168" m_b="0.000000" m_c="0.000000" m_d="1.378168" m_tx="0.500000" m_ty="0.000000"/>
  </frame>
  <frame idx="250" w="670" h="670" x="97.311005" y="96.811005">
   <element name="ring" layername="ring" frame="0" z_index="4" m_a="1.378168" m_b="0.000000" m_c="0.000000" m_d="1.378168" m_tx="0.500000" m_ty="0.000000"/>
  </frame>
  <frame idx="275" w="670" h="670" x="97.311005" y="96.811005">
   <element name="ring" layername="ring" frame="0" z_index="4" m_a="1.378168" m_b="0.000000" m_c="0.000000" m_d="1.378168" m_tx="0.500000" m_ty="0.000000"/>
  </frame>
  <frame idx="300" w="670" h="670" x="97.311005" y="96.811005">
   <element name="ring" layername="ring" frame="0" z_index="4" m_a="1.378168" m_b="0.000000" m_c="0.000000" m_d="1.378168" m_tx="0.500000" m_ty="0.000000"/>
  </frame>
  <frame idx="325" w="670" h="670" x="97.311005" y="96.811005">
   <element name="ring" layername="ring" frame="0" z_index="4" m_a="1.378168" m_b="0.000000" m_c="0.000000" m_d="1.378168" m_tx="0.500000" m_ty="0.000000"/>
  </frame>
  <frame idx="350" w="670" h="670" x="97.311005" y="96.811005">
   <element name="ring" layername="ring" frame="0" z_index="4" m_a="1.378168" m_b="0.000000" m_c="0.000000" m_d="1.378168" m_tx="0.500000" m_ty="0.000000"/>
  </frame>
  <frame idx="375" w="670" h="670" x="97.311005" y="96.811005">
   <element name="ring" layername="ring" frame="0" z_index="4" m_a="1.378168" m_b="0.000000" m_c="0.000000" m_d="1.378168" m_tx="0.500000" m_ty="0.000000"/>
  </frame>
  <frame idx="400" w="670" h="670" x="97.311005" y="96.811005">
   <element name="ring" layername="ring" frame="0" z_index="4" m_a="1.378168" m_b="0.000000" m_c="0.000000" m_d="1.378168" m_tx="0.500000" m_ty="0.000000"/>
  </frame>
  <frame idx="425" w="670" h="670" x="97.311005" y="96.811005">
   <element name="ring" layername="ring" frame="0" z_index="4" m_a="1.378168" m_b="0.000000" m_c="0.000000" m_d="1.378168" m_tx="0.500000" m_ty="0.000000"/>
  </frame>
  <frame idx="450" w="670" h="670" x="97.311005" y="96.811005">
   <element name="ring" layername="ring" frame="0" z_index="4" m_a="1.378168" m_b="0.000000" m_c="0.000000" m_d="1.378168" m_tx="0.500000" m_ty="0.000000"/>
  </frame>
  <frame idx="475" w="670" h="670" x="97.311005" y="96.811005">
   <element name="ring" layername="ring" frame="0" z_index="4" m_a="1.378168" m_b="0.000000" m_c="0.000000" m_d="1.378168" m_tx="0.500000" m_ty="0.000000"/>
  </frame>
  <frame idx="500" w="670" h="670" x="97.311005" y="96.811005">
   <element name="ring" layername="ring" frame="0" z_index="4" m_a="1.378168" m_b="0.000000" m_c="0.000000" m_d="1.378168" m_tx="0.500000" m_ty="0.000000"/>
  </frame>
  <frame idx="525" w="670" h="670" x="97.311005" y="96.811005">
   <element name="ring" layername="ring" frame="0" z_index="4" m_a="1.378168" m_b="0.000000" m_c="0.000000" m_d="1.378168" m_tx="0.500000" m_ty="0.000000"/>
  </frame>
  <frame idx="550" w="670" h="670" x="97.311005" y="96.811005">
   <element name="ring" layername="ring" frame="0" z_index="4" m_a="1.378168" m_b="0.000000" m_c="0.000000" m_d="1.378168" m_tx="0.500000" m_ty="0.000000"/>
  </frame>
  <frame idx="575" w="670" h="670" x="97.311005" y="96.811005">
   <element name="ring" layername="ring" frame="0" z_index="4" m_a="1.378168" m_b="0.000000" m_c="0.000000" m_d="1.378168" m_tx="0.500000" m_ty="0.000000"/>
  </frame>
  <frame idx="600" w="670" h="670" x="97.311005" y="96.811005">
   <element name="ring" layername="ring" frame="0" z_index="4" m_a="1.378168" m_b="0.000000" m_c="0.000000" m_d="1.378168" m_tx="0.500000" m_ty="0.000000"/>
  </frame>
  <frame idx="625" w="670" h="670" x="97.311005" y="96.811005">
   <element name="ring" layername="ring" frame="0" z_index="4" m_a="1.378168" m_b="0.000000" m_c="0.000000" m_d="1.378168" m_tx="0.500000" m_ty="0.000000"/>
  </frame>
  <frame idx="650" w="670" h="670" x="97.311005" y="96.811005">
   <element name="ring" layername="ring" frame="0" z_index="4" m_a="1.378168" m_b="0.000000" m_c="0.000000" m_d="1.378168" m_tx="0.500000" m_ty="0.000000"/>
  </frame>
  <frame idx="675" w="670" h="670" x="97.311005" y="96.811005">
   <element name="ring" layername="ring" frame="0" z_index="4" m_a="1.378168" m_b="0.000000" m_c="0.000000" m_d="1.378168" m_tx="0.500000" m_ty="0.000000"/>
  </frame>
  <frame idx="700" w="670" h="670" x="97.311005" y="96.811005">
   <element name="ring" layername="ring" frame="0" z_index="4" m_a="1.378168" m_b="0.000000" m_c="0.000000" m_d="1.378168" m_tx="0.500000" m_ty="0.000000"/>
  </frame>
  <frame idx="725" w="670" h="670" x="97.311005" y="96.811005">
   <element name="ring" layername="ring" frame="0" z_index="4" m_a="1.378168" m_b="0.000000" m_c="0.000000" m_d="1.378168" m_tx="0.500000" m_ty="0.000000"/>
  </frame>
  <frame idx="750" w="670" h="670" x="97.311005" y="96.811005">
   <element name="ring" layername="ring" frame="0" z_index="4" m_a="1.378168" m_b="0.000000" m_c="0.000000" m_d="1.378168" m_tx="0.500000" m_ty="0.000000"/>
  </frame>
  <frame idx="775" w="670" h="670" x="97.311005" y="96.811005">
   <element name="ring" layername="ring" frame="0" z_index="4" m_a="1.378168" m_b="0.000000" m_c="0.000000" m_d="1.378168" m_tx="0.500000" m_ty="0.000000"/>
  </frame>
  <frame idx="800" w="670" h="670" x="97.311005" y="96.811005">
   <element name="ring" layername="ring" frame="0" z_index="4" m_a="1.378168" m_b="0.000000" m_c="0.000000" m_d="1.378168" m_tx="0.500000" m_ty="0.000000"/>
  </frame>
  <frame idx="825" w="670" h="670" x="97.311005" y="96.811005">
   <element name="ring" layername="ring" frame="0" z_index="4" m_a="1.378168" m_b="0.000000" m_c="0.000000" m_d="1.378168" m_tx="0.500000" m_ty="0.000000"/>
  </frame>
  <frame idx="850" w="670" h="670" x="97.311005" y="96.811005">
   <element name="ring" layername="ring" frame="0" z_index="4" m_a="1.378168" m_b="0.000000" m_c="0.000000" m_d="1.378168" m_tx="0.500000" m_ty="0.000000"/>
  </frame>
  <frame idx="875" w="670" h="670" x="97.311005" y="96.811005">
   <element name="ring" layername="ring" frame="0" z_index="4" m_a="1.378168" m_b="0.000000" m_c="0.000000" m_d="1.378168" m_tx="0.500000" m_ty="0.000000"/>
  </frame>
  <frame idx="900" w="670" h="670" x="97.311005" y="96.811005">
   <element name="ring" layername="ring" frame="0" z_index="4" m_a="1.378168" m_b="0.000000" m_c="0.000000" m_d="1.378168" m_tx="0.500000" m_ty="0.000000"/>
  </frame>
  <frame idx="925" w="670" h="670" x="97.311005" y="96.811005">
   <element name="ring" layername="ring" frame="0" z_index="4" m_a="1.378168" m_b="0.000000" m_c="0.000000" m_d="1.378168" m_tx="0.500000" m_ty="0.000000"/>
  </frame>
  <frame idx="950" w="670" h="670" x="97.311005" y="96.811005">
   <element name="ring" layername="ring" frame="0" z_index="4" m_a="1.378168" m_b="0.000000" m_c="0.000000" m_d="1.378168" m_tx="0.500000" m_ty="0.000000"/>
  </frame>
  <frame idx="975" w="670" h="670" x="97.311005" y="96.811005">
   <element name="ring" layername="ring" frame="0" z_index="4" m_a="1.378168" m_b="0.000000" m_c="0.000000" m_d="1.378168" m_tx="0.500000" m_ty="0.000000"/>
  </frame>
 </anim>
 <anim name="idle_parry" root="asa_ring" numframes="1000" framerate="40">
  <frame idx="0" w="831" h="1380" x="243.450104" y="-256.000000">
   <element name="ring" layername="ring" frame="1" z_index="4" m_a="0.974512" m_b="-0.974512" m_c="0.974512" m_d="0.974512" m_tx="0.500000" m_ty="0.000000"/>
  </frame>
  <frame idx="25" w="831" h="1380" x="243.450104" y="-256.000000">
   <element name="ring" layername="ring" frame="1" z_index="4" m_a="0.974512" m_b="-0.974512" m_c="0.974512" m_d="0.974512" m_tx="0.500000" m_ty="0.000000"/>
  </frame>
  <frame idx="50" w="831" h="1380" x="243.450104" y="-256.000000">
   <element name="ring" layername="ring" frame="1" z_index="4" m_a="0.974512" m_b="-0.974512" m_c="0.974512" m_d="0.974512" m_tx="0.500000" m_ty="0.000000"/>
  </frame>
  <frame idx="75" w="831" h="1380" x="243.450104" y="-256.000000">
   <element name="ring" layername="ring" frame="1" z_index="4" m_a="0.974512" m_b="-0.974512" m_c="0.974512" m_d="0.974512" m_tx="0.500000" m_ty="0.000000"/>
  </frame>
  <frame idx="100" w="831" h="1380" x="243.450104" y="-256.000000">
   <element name="ring" layername="ring" frame="1" z_index="4" m_a="0.974512" m_b="-0.974512" m_c="0.974512" m_d="0.974512" m_tx="0.500000" m_ty="0.000000"/>
  </frame>
  <frame idx="125" w="831" h="1380" x="243.450104" y="-256.000000">
   <element name="ring" layername="ring" frame="1" z_index="4" m_a="0.974512" m_b="-0.974512" m_c="0.974512" m_d="0.974512" m_tx="0.500000" m_ty="0.000000"/>
  </frame>
  <frame idx="150" w="831" h="1380" x="243.450104" y="-256.000000">
   <element name="ring" layername="ring" frame="1" z_index="4" m_a="0.974512" m_b="-0.974512" m_c="0.974512" m_d="0.974512" m_tx="0.500000" m_ty="0.000000"/>
  </frame>
  <frame idx="175" w="831" h="1380" x="243.450104" y="-256.000000">
   <element name="ring" layername="ring" frame="1" z_index="4" m_a="0.974512" m_b="-0.974512" m_c="0.974512" m_d="0.974512" m_tx="0.500000" m_ty="0.000000"/>
  </frame>
  <frame idx="200" w="831" h="1380" x="243.450104" y="-256.000000">
   <element name="ring" layername="ring" frame="1" z_index="4" m_a="0.974512" m_b="-0.974512" m_c="0.974512" m_d="0.974512" m_tx="0.500000" m_ty="0.000000"/>
  </frame>
  <frame idx="225" w="831" h="1380" x="243.450104" y="-256.000000">
   <element name="ring" layername="ring" frame="1" z_index="4" m_a="0.974512" m_b="-0.974512" m_c="0.974512" m_d="0.974512" m_tx="0.500000" m_ty="0.000000"/>
  </frame>
  <frame idx="250" w="831" h="1380" x="243.450104" y="-256.000000">
   <element name="ring" layername="ring" frame="1" z_index="4" m_a="0.974512" m_b="-0.974512" m_c="0.974512" m_d="0.974512" m_tx="0.500000" m_ty="0.000000"/>
  </frame>
  <frame idx="275" w="831" h="1380" x="243.450104" y="-256.000000">
   <element name="ring" layername="ring" frame="1" z_index="4" m_a="0.974512" m_b="-0.974512" m_c="0.974512" m_d="0.974512" m_tx="0.500000" m_ty="0.000000"/>
  </frame>
  <frame idx="300" w="831" h="1380" x="243.450104" y="-256.000000">
   <element name="ring" layername="ring" frame="1" z_index="4" m_a="0.974512" m_b="-0.974512" m_c="0.974512" m_d="0.974512" m_tx="0.500000" m_ty="0.000000"/>
  </frame>
  <frame idx="325" w="831" h="1380" x="243.450104" y="-256.000000">
   <element name="ring" layername="ring" frame="1" z_index="4" m_a="0.974512" m_b="-0.974512" m_c="0.974512" m_d="0.974512" m_tx="0.500000" m_ty="0.000000"/>
  </frame>
  <frame idx="350" w="831" h="1380" x="243.450104" y="-256.000000">
   <element name="ring" layername="ring" frame="1" z_index="4" m_a="0.974512" m_b="-0.974512" m_c="0.974512" m_d="0.974512" m_tx="0.500000" m_ty="0.000000"/>
  </frame>
  <frame idx="375" w="831" h="1380" x="243.450104" y="-256.000000">
   <element name="ring" layername="ring" frame="1" z_index="4" m_a="0.974512" m_b="-0.974512" m_c="0.974512" m_d="0.974512" m_tx="0.500000" m_ty="0.000000"/>
  </frame>
  <frame idx="400" w="831" h="1380" x="243.450104" y="-256.000000">
   <element name="ring" layername="ring" frame="1" z_index="4" m_a="0.974512" m_b="-0.974512" m_c="0.974512" m_d="0.974512" m_tx="0.500000" m_ty="0.000000"/>
  </frame>
  <frame idx="425" w="831" h="1380" x="243.450104" y="-256.000000">
   <element name="ring" layername="ring" frame="1" z_index="4" m_a="0.974512" m_b="-0.974512" m_c="0.974512" m_d="0.974512" m_tx="0.500000" m_ty="0.000000"/>
  </frame>
  <frame idx="450" w="831" h="1380" x="243.450104" y="-256.000000">
   <element name="ring" layername="ring" frame="1" z_index="4" m_a="0.974512" m_b="-0.974512" m_c="0.974512" m_d="0.974512" m_tx="0.500000" m_ty="0.000000"/>
  </frame>
  <frame idx="475" w="831" h="1380" x="243.450104" y="-256.000000">
   <element name="ring" layername="ring" frame="1" z_index="4" m_a="0.974512" m_b="-0.974512" m_c="0.974512" m_d="0.974512" m_tx="0.500000" m_ty="0.000000"/>
  </frame>
  <frame idx="500" w="831" h="1380" x="243.450104" y="-256.000000">
   <element name="ring" layername="ring" frame="1" z_index="4" m_a="0.974512" m_b="-0.974512" m_c="0.974512" m_d="0.974512" m_tx="0.500000" m_ty="0.000000"/>
  </frame>
  <frame idx="525" w="831" h="1380" x="243.450104" y="-256.000000">
   <element name="ring" layername="ring" frame="1" z_index="4" m_a="0.974512" m_b="-0.974512" m_c="0.974512" m_d="0.974512" m_tx="0.500000" m_ty="0.000000"/>
  </frame>
  <frame idx="550" w="831" h="1380" x="243.450104" y="-256.000000">
   <element name="ring" layername="ring" frame="1" z_index="4" m_a="0.974512" m_b="-0.974512" m_c="0.974512" m_d="0.974512" m_tx="0.500000" m_ty="0.000000"/>
  </frame>
  <frame idx="575" w="831" h="1380" x="243.450104" y="-256.000000">
   <element name="ring" layername="ring" frame="1" z_index="4" m_a="0.974512" m_b="-0.974512" m_c="0.974512" m_d="0.974512" m_tx="0.500000" m_ty="0.000000"/>
  </frame>
  <frame idx="600" w="831" h="1380" x="243.450104" y="-256.000000">
   <element name="ring" layername="ring" frame="1" z_index="4" m_a="0.974512" m_b="-0.974512" m_c="0.974512" m_d="0.974512" m_tx="0.500000" m_ty="0.000000"/>
  </frame>
  <frame idx="625" w="831" h="1380" x="243.450104" y="-256.000000">
   <element name="ring" layername="ring" frame="1" z_index="4" m_a="0.974512" m_b="-0.974512" m_c="0.974512" m_d="0.974512" m_tx="0.500000" m_ty="0.000000"/>
  </frame>
  <frame idx="650" w="831" h="1380" x="243.450104" y="-256.000000">
   <element name="ring" layername="ring" frame="1" z_index="4" m_a="0.974512" m_b="-0.974512" m_c="0.974512" m_d="0.974512" m_tx="0.500000" m_ty="0.000000"/>
  </frame>
  <frame idx="675" w="831" h="1380" x="243.450104" y="-256.000000">
   <element name="ring" layername="ring" frame="1" z_index="4" m_a="0.974512" m_b="-0.974512" m_c="0.974512" m_d="0.974512" m_tx="0.500000" m_ty="0.000000"/>
  </frame>
  <frame idx="700" w="831" h="1380" x="243.450104" y="-256.000000">
   <element name="ring" layername="ring" frame="1" z_index="4" m_a="0.974512" m_b="-0.974512" m_c="0.974512" m_d="0.974512" m_tx="0.500000" m_ty="0.000000"/>
  </frame>
  <frame idx="725" w="831" h="1380" x="243.450104" y="-256.000000">
   <element name="ring" layername="ring" frame="1" z_index="4" m_a="0.974512" m_b="-0.974512" m_c="0.974512" m_d="0.974512" m_tx="0.500000" m_ty="0.000000"/>
  </frame>
  <frame idx="750" w="831" h="1380" x="243.450104" y="-256.000000">
   <element name="ring" layername="ring" frame="1" z_index="4" m_a="0.974512" m_b="-0.974512" m_c="0.974512" m_d="0.974512" m_tx="0.500000" m_ty="0.000000"/>
  </frame>
  <frame idx="775" w="831" h="1380" x="243.450104" y="-256.000000">
   <element name="ring" layername="ring" frame="1" z_index="4" m_a="0.974512" m_b="-0.974512" m_c="0.974512" m_d="0.974512" m_tx="0.500000" m_ty="0.000000"/>
  </frame>
  <frame idx="800" w="831" h="1380" x="243.450104" y="-256.000000">
   <element name="ring" layername="ring" frame="1" z_index="4" m_a="0.974512" m_b="-0.974512" m_c="0.974512" m_d="0.974512" m_tx="0.500000" m_ty="0.000000"/>
  </frame>
  <frame idx="825" w="831" h="1380" x="243.450104" y="-256.000000">
   <element name="ring" layername="ring" frame="1" z_index="4" m_a="0.974512" m_b="-0.974512" m_c="0.974512" m_d="0.974512" m_tx="0.500000" m_ty="0.000000"/>
  </frame>
  <frame idx="850" w="831" h="1380" x="243.450104" y="-256.000000">
   <element name="ring" layername="ring" frame="1" z_index="4" m_a="0.974512" m_b="-0.974512" m_c="0.974512" m_d="0.974512" m_tx="0.500000" m_ty="0.000000"/>
  </frame>
  <frame idx="875" w="831" h="1380" x="243.450104" y="-256.000000">
   <element name="ring" layername="ring" frame="1" z_index="4" m_a="0.974512" m_b="-0.974512" m_c="0.974512" m_d="0.974512" m_tx="0.500000" m_ty="0.000000"/>
  </frame>
  <frame idx="900" w="831" h="1380" x="243.450104" y="-256.000000">
   <element name="ring" layername="ring" frame="1" z_index="4" m_a="0.974512" m_b="-0.974512" m_c="0.974512" m_d="0.974512" m_tx="0.500000" m_ty="0.000000"/>
  </frame>
  <frame idx="925" w="831" h="1380" x="243.450104" y="-256.000000">
   <element name="ring" layername="ring" frame="1" z_index="4" m_a="0.974512" m_b="-0.974512" m_c="0.974512" m_d="0.974512" m_tx="0.500000" m_ty="0.000000"/>
  </frame>
  <frame idx="950" w="831" h="1380" x="243.450104" y="-256.000000">
   <element name="ring" layername="ring" frame="1" z_index="4" m_a="0.974512" m_b="-0.974512" m_c="0.974512" m_d="0.974512" m_tx="0.500000" m_ty="0.000000"/>
  </frame>
  <frame idx="975" w="831" h="1380" x="243.450104" y="-256.000000">
   <element name="ring" layername="ring" frame="1" z_index="4" m_a="0.974512" m_b="-0.974512" m_c="0.974512" m_d="0.974512" m_tx="0.500000" m_ty="0.000000"/>
  </frame>
 </anim>
 <anim name="idle_target" root="asa_ring" numframes="500" framerate="40">
  <frame idx="0" w="362" h="169" x="-151.702759" y="24.202751">
   <element name="ring" layername="ring" frame="3" z_index="4" m_a="0.000000" m_b="1.378168" m_c="-1.378168" m_d="0.000000" m_tx="0.500000" m_ty="0.000000"/>
  </frame>
  <frame idx="25" w="362" h="169" x="-151.702759" y="24.202751">
   <element name="ring" layername="ring" frame="3" z_index="4" m_a="0.000000" m_b="1.378168" m_c="-1.378168" m_d="0.000000" m_tx="0.500000" m_ty="0.000000"/>
  </frame>
  <frame idx="50" w="362" h="169" x="-151.702759" y="24.202751">
   <element name="ring" layername="ring" frame="3" z_index="4" m_a="0.000000" m_b="1.378168" m_c="-1.378168" m_d="0.000000" m_tx="0.500000" m_ty="0.000000"/>
  </frame>
  <frame idx="75" w="362" h="169" x="-151.702759" y="24.202751">
   <element name="ring" layername="ring" frame="3" z_index="4" m_a="0.000000" m_b="1.378168" m_c="-1.378168" m_d="0.000000" m_tx="0.500000" m_ty="0.000000"/>
  </frame>
  <frame idx="100" w="362" h="169" x="-151.702759" y="24.202751">
   <element name="ring" layername="ring" frame="3" z_index="4" m_a="0.000000" m_b="1.378168" m_c="-1.378168" m_d="0.000000" m_tx="0.500000" m_ty="0.000000"/>
  </frame>
  <frame idx="125" w="362" h="169" x="-151.702759" y="24.202751">
   <element name="ring" layername="ring" frame="3" z_index="4" m_a="0.000000" m_b="1.378168" m_c="-1.378168" m_d="0.000000" m_tx="0.500000" m_ty="0.000000"/>
  </frame>
  <frame idx="150" w="362" h="169" x="-151.702759" y="24.202751">
   <element name="ring" layername="ring" frame="3" z_index="4" m_a="0.000000" m_b="1.378168" m_c="-1.378168" m_d="0.000000" m_tx="0.500000" m_ty="0.000000"/>
  </frame>
  <frame idx="175" w="362" h="169" x="-151.702759" y="24.202751">
   <element name="ring" layername="ring" frame="3" z_index="4" m_a="0.000000" m_b="1.378168" m_c="-1.378168" m_d="0.000000" m_tx="0.500000" m_ty="0.000000"/>
  </frame>
  <frame idx="200" w="362" h="169" x="-151.702759" y="24.202751">
   <element name="ring" layername="ring" frame="3" z_index="4" m_a="0.000000" m_b="1.378168" m_c="-1.378168" m_d="0.000000" m_tx="0.500000" m_ty="0.000000"/>
  </frame>
  <frame idx="225" w="362" h="169" x="-151.702759" y="24.202751">
   <element name="ring" layername="ring" frame="3" z_index="4" m_a="0.000000" m_b="1.378168" m_c="-1.378168" m_d="0.000000" m_tx="0.500000" m_ty="0.000000"/>
  </frame>
  <frame idx="250" w="362" h="169" x="-151.702759" y="24.202751">
   <element name="ring" layername="ring" frame="3" z_index="4" m_a="0.000000" m_b="1.378168" m_c="-1.378168" m_d="0.000000" m_tx="0.500000" m_ty="0.000000"/>
  </frame>
  <frame idx="275" w="362" h="169" x="-151.702759" y="24.202751">
   <element name="ring" layername="ring" frame="3" z_index="4" m_a="0.000000" m_b="1.378168" m_c="-1.378168" m_d="0.000000" m_tx="0.500000" m_ty="0.000000"/>
  </frame>
  <frame idx="300" w="346" h="164" x="-144.631012" y="20.458839">
   <element name="ring" layername="ring" frame="3" z_index="4" m_a="0.000000" m_b="1.319382" m_c="-1.319382" m_d="0.000000" m_tx="3.809432" m_ty="0.018386"/>
  </frame>
  <frame idx="325" w="306" h="153" x="-126.951714" y="11.099072">
   <element name="ring" layername="ring" frame="3" z_index="4" m_a="0.000000" m_b="1.172418" m_c="-1.172418" m_d="0.000000" m_tx="12.083012" m_ty="0.064350"/>
  </frame>
  <frame idx="350" w="266" h="143" x="-109.272385" y="1.739296">
   <element name="ring" layername="ring" frame="3" z_index="4" m_a="0.000000" m_b="1.025453" m_c="-1.025453" m_d="0.000000" m_tx="20.356592" m_ty="0.110314"/>
  </frame>
  <frame idx="375" w="226" h="134" x="-91.593071" y="-7.620480">
   <element name="ring" layername="ring" frame="3" z_index="4" m_a="0.000000" m_b="0.878488" m_c="-0.878488" m_d="0.000000" m_tx="28.630171" m_ty="0.156279"/>
  </frame>
  <frame idx="400" w="185" h="123" x="-73.913757" y="-16.980251">
   <element name="ring" layername="ring" frame="3" z_index="4" m_a="0.000000" m_b="0.731524" m_c="-0.731524" m_d="0.000000" m_tx="36.903751" m_ty="0.202243"/>
  </frame>
  <frame idx="425" w="146" h="113" x="-56.234440" y="-26.340023">
   <element name="ring" layername="ring" frame="3" z_index="4" m_a="0.000000" m_b="0.584559" m_c="-0.584559" m_d="0.000000" m_tx="45.177330" m_ty="0.248207"/>
  </frame>
  <frame idx="450" w="105" h="102" x="-38.555119" y="-35.699799">
   <element name="ring" layername="ring" frame="3" z_index="4" m_a="0.000000" m_b="0.437594" m_c="-0.437594" m_d="0.000000" m_tx="53.450912" m_ty="0.294171"/>
  </frame>
  <frame idx="475" w="65" h="92" x="-20.875809" y="-45.059566">
   <element name="ring" layername="ring" frame="3" z_index="4" m_a="0.000000" m_b="0.290630" m_c="-0.290630" m_d="0.000000" m_tx="61.724487" m_ty="0.340136"/>
  </frame>
 </anim>
 <anim name="idle_alert" root="asa_ring" numframes="1000" framerate="40">
  <frame idx="0" w="246" h="247" x="-32.059875" y="-32.559875">
   <element name="ring" layername="ring" frame="2" z_index="4" m_a="0.745626" m_b="0.000000" m_c="0.000000" m_d="0.745626" m_tx="0.500000" m_ty="0.000000"/>
  </frame>
  <frame idx="25" w="258" h="258" x="-21.939201" y="-22.439201">
   <element name="ring" layername="ring" frame="2" z_index="4" m_a="0.824694" m_b="0.000000" m_c="0.000000" m_d="0.824694" m_tx="0.500000" m_ty="0.000000"/>
  </frame>
  <frame idx="50" w="269" h="269" x="-11.818527" y="-12.318527">
   <element name="ring" layername="ring" frame="2" z_index="4" m_a="0.903762" m_b="0.000000" m_c="0.000000" m_d="0.903762" m_tx="0.500000" m_ty="0.000000"/>
  </frame>
  <frame idx="75" w="280" h="280" x="-1.697861" y="-2.197861">
   <element name="ring" layername="ring" frame="2" z_index="4" m_a="0.982829" m_b="0.000000" m_c="0.000000" m_d="0.982829" m_tx="0.500000" m_ty="0.000000"/>
  </frame>
  <frame idx="100" w="291" h="291" x="8.422821" y="7.922821">
   <element name="ring" layername="ring" frame="2" z_index="4" m_a="1.061897" m_b="0.000000" m_c="0.000000" m_d="1.061897" m_tx="0.500000" m_ty="0.000000"/>
  </frame>
  <frame idx="125" w="302" h="303" x="18.543488" y="18.043488">
   <element name="ring" layername="ring" frame="2" z_index="4" m_a="1.140965" m_b="0.000000" m_c="0.000000" m_d="1.140965" m_tx="0.500000" m_ty="0.000000"/>
  </frame>
  <frame idx="150" w="313" h="314" x="28.664154" y="28.164154">
   <element name="ring" layername="ring" frame="2" z_index="4" m_a="1.220032" m_b="0.000000" m_c="0.000000" m_d="1.220032" m_tx="0.500000" m_ty="0.000000"/>
  </frame>
  <frame idx="175" w="324" h="325" x="38.784821" y="38.284821">
   <element name="ring" layername="ring" frame="2" z_index="4" m_a="1.299100" m_b="0.000000" m_c="0.000000" m_d="1.299100" m_tx="0.500000" m_ty="0.000000"/>
  </frame>
  <frame idx="200" w="335" h="336" x="48.905502" y="48.405502">
   <element name="ring" layername="ring" frame="2" z_index="4" m_a="1.378168" m_b="0.000000" m_c="0.000000" m_d="1.378168" m_tx="0.500000" m_ty="0.000000"/>
  </frame>
  <frame idx="225" w="337" h="337" x="50.273178" y="49.773178">
   <element name="ring" layername="ring" frame="2" z_index="4" m_a="1.388853" m_b="0.000000" m_c="0.000000" m_d="1.388853" m_tx="0.500000" m_ty="0.000000"/>
  </frame>
  <frame idx="250" w="338" h="339" x="51.640854" y="51.140854">
   <element name="ring" layername="ring" frame="2" z_index="4" m_a="1.399538" m_b="0.000000" m_c="0.000000" m_d="1.399538" m_tx="0.500000" m_ty="0.000000"/>
  </frame>
  <frame idx="275" w="340" h="340" x="53.008530" y="52.508530">
   <element name="ring" layername="ring" frame="2" z_index="4" m_a="1.410223" m_b="0.000000" m_c="0.000000" m_d="1.410223" m_tx="0.500000" m_ty="0.000000"/>
  </frame>
  <frame idx="300" w="341" h="341" x="54.376205" y="53.876205">
   <element name="ring" layername="ring" frame="2" z_index="4" m_a="1.420908" m_b="0.000000" m_c="0.000000" m_d="1.420908" m_tx="0.500000" m_ty="0.000000"/>
  </frame>
  <frame idx="325" w="343" h="344" x="55.743881" y="55.243881">
   <element name="ring" layername="ring" frame="2" z_index="4" m_a="1.431593" m_b="0.000000" m_c="0.000000" m_d="1.431593" m_tx="0.500000" m_ty="0.000000"/>
  </frame>
  <frame idx="350" w="345" h="345" x="57.111557" y="56.611557">
   <element name="ring" layername="ring" frame="2" z_index="4" m_a="1.442278" m_b="0.000000" m_c="0.000000" m_d="1.442278" m_tx="0.500000" m_ty="0.000000"/>
  </frame>
  <frame idx="375" w="346" h="346" x="58.479233" y="57.979233">
   <element name="ring" layername="ring" frame="2" z_index="4" m_a="1.452963" m_b="0.000000" m_c="0.000000" m_d="1.452963" m_tx="0.500000" m_ty="0.000000"/>
  </frame>
  <frame idx="400" w="347" h="348" x="59.846909" y="59.346909">
   <element name="ring" layername="ring" frame="2" z_index="4" m_a="1.463648" m_b="0.000000" m_c="0.000000" m_d="1.463648" m_tx="0.500000" m_ty="0.000000"/>
  </frame>
  <frame idx="425" w="349" h="349" x="61.214584" y="60.714584">
   <element name="ring" layername="ring" frame="2" z_index="4" m_a="1.474333" m_b="0.000000" m_c="0.000000" m_d="1.474333" m_tx="0.500000" m_ty="0.000000"/>
  </frame>
  <frame idx="450" w="350" h="351" x="62.582260" y="62.082260">
   <element name="ring" layername="ring" frame="2" z_index="4" m_a="1.485018" m_b="0.000000" m_c="0.000000" m_d="1.485018" m_tx="0.500000" m_ty="0.000000"/>
  </frame>
  <frame idx="475" w="351" h="352" x="63.949936" y="63.449936">
   <element name="ring" layername="ring" frame="2" z_index="4" m_a="1.495703" m_b="0.000000" m_c="0.000000" m_d="1.495703" m_tx="0.500000" m_ty="0.000000"/>
  </frame>
  <frame idx="500" w="354" h="354" x="65.317612" y="64.817612">
   <element name="ring" layername="ring" frame="2" z_index="4" m_a="1.506388" m_b="0.000000" m_c="0.000000" m_d="1.506388" m_tx="0.500000" m_ty="0.000000"/>
  </frame>
  <frame idx="525" w="355" h="356" x="66.685287" y="66.185287">
   <element name="ring" layername="ring" frame="2" z_index="4" m_a="1.517073" m_b="0.000000" m_c="0.000000" m_d="1.517073" m_tx="0.500000" m_ty="0.000000"/>
  </frame>
  <frame idx="550" w="357" h="357" x="68.052963" y="67.552963">
   <element name="ring" layername="ring" frame="2" z_index="4" m_a="1.527758" m_b="0.000000" m_c="0.000000" m_d="1.527758" m_tx="0.500000" m_ty="0.000000"/>
  </frame>
  <frame idx="575" w="358" h="358" x="69.420639" y="68.920639">
   <element name="ring" layername="ring" frame="2" z_index="4" m_a="1.538442" m_b="0.000000" m_c="0.000000" m_d="1.538442" m_tx="0.500000" m_ty="0.000000"/>
  </frame>
  <frame idx="600" w="359" h="360" x="70.788315" y="70.288315">
   <element name="ring" layername="ring" frame="2" z_index="4" m_a="1.549127" m_b="0.000000" m_c="0.000000" m_d="1.549127" m_tx="0.500000" m_ty="0.000000"/>
  </frame>
  <frame idx="625" w="361" h="361" x="72.155991" y="71.655991">
   <element name="ring" layername="ring" frame="2" z_index="4" m_a="1.559812" m_b="0.000000" m_c="0.000000" m_d="1.559812" m_tx="0.500000" m_ty="0.000000"/>
  </frame>
  <frame idx="650" w="362" h="363" x="73.523666" y="73.023666">
   <element name="ring" layername="ring" frame="2" z_index="4" m_a="1.570497" m_b="0.000000" m_c="0.000000" m_d="1.570497" m_tx="0.500000" m_ty="0.000000"/>
  </frame>
  <frame idx="675" w="363" h="365" x="74.891342" y="74.391342">
   <element name="ring" layername="ring" frame="2" z_index="4" m_a="1.581182" m_b="0.000000" m_c="0.000000" m_d="1.581182" m_tx="0.500000" m_ty="0.000000"/>
  </frame>
  <frame idx="700" w="365" h="366" x="75.844635" y="75.344635">
   <element name="ring" layername="ring" frame="2" z_index="4" m_a="1.588630" m_b="0.000000" m_c="0.000000" m_d="1.588630" m_tx="0.500000" m_ty="0.000000"/>
  </frame>
  <frame idx="725" w="355" h="356" x="66.852585" y="66.352585">
   <element name="ring" layername="ring" frame="2" z_index="4" m_a="1.518380" m_b="0.000000" m_c="0.000000" m_d="1.518380" m_tx="0.500000" m_ty="0.000000"/>
  </frame>
  <frame idx="750" w="345" h="346" x="57.860550" y="57.360550">
   <element name="ring" layername="ring" frame="2" z_index="4" m_a="1.448129" m_b="0.000000" m_c="0.000000" m_d="1.448129" m_tx="0.500000" m_ty="0.000000"/>
  </frame>
  <frame idx="775" w="335" h="336" x="48.868500" y="48.368500">
   <element name="ring" layername="ring" frame="2" z_index="4" m_a="1.377879" m_b="0.000000" m_c="0.000000" m_d="1.377879" m_tx="0.500000" m_ty="0.000000"/>
  </frame>
  <frame idx="800" w="325" h="326" x="39.876465" y="39.376465">
   <element name="ring" layername="ring" frame="2" z_index="4" m_a="1.307629" m_b="0.000000" m_c="0.000000" m_d="1.307629" m_tx="0.500000" m_ty="0.000000"/>
  </frame>
  <frame idx="825" w="315" h="316" x="30.884430" y="30.384430">
   <element name="ring" layername="ring" frame="2" z_index="4" m_a="1.237378" m_b="0.000000" m_c="0.000000" m_d="1.237378" m_tx="0.500000" m_ty="0.000000"/>
  </frame>
  <frame idx="850" w="305" h="306" x="21.892380" y="21.392380">
   <element name="ring" layername="ring" frame="2" z_index="4" m_a="1.167128" m_b="0.000000" m_c="0.000000" m_d="1.167128" m_tx="0.500000" m_ty="0.000000"/>
  </frame>
  <frame idx="875" w="295" h="296" x="12.900330" y="12.400330">
   <element name="ring" layername="ring" frame="2" z_index="4" m_a="1.096878" m_b="0.000000" m_c="0.000000" m_d="1.096878" m_tx="0.500000" m_ty="0.000000"/>
  </frame>
  <frame idx="900" w="285" h="286" x="3.908295" y="3.408295">
   <element name="ring" layername="ring" frame="2" z_index="4" m_a="1.026627" m_b="0.000000" m_c="0.000000" m_d="1.026627" m_tx="0.500000" m_ty="0.000000"/>
  </frame>
  <frame idx="925" w="275" h="277" x="-5.083748" y="-5.583748">
   <element name="ring" layername="ring" frame="2" z_index="4" m_a="0.956377" m_b="0.000000" m_c="0.000000" m_d="0.956377" m_tx="0.500000" m_ty="0.000000"/>
  </frame>
  <frame idx="950" w="266" h="267" x="-14.075790" y="-14.575790">
   <element name="ring" layername="ring" frame="2" z_index="4" m_a="0.886127" m_b="0.000000" m_c="0.000000" m_d="0.886127" m_tx="0.500000" m_ty="0.000000"/>
  </frame>
  <frame idx="975" w="256" h="257" x="-23.067833" y="-23.567833">
   <element name="ring" layername="ring" frame="2" z_index="4" m_a="0.815876" m_b="0.000000" m_c="0.000000" m_d="0.815876" m_tx="0.500000" m_ty="0.000000"/>
  </frame>
 </anim>
</Anims>
