<Anims>
 <anim name="anim" root="asa_cd" numframes="1000" framerate="40">
  <frame idx="0" w="145" h="-3" x="-129.715561" y="7.655883">
   <element name="power" layername="6" frame="0" z_index="1" m_a="0.003781" m_b="0.000000" m_c="0.000000" m_d="0.045387" m_tx="0.291022" m_ty="53.000000"/>
  </frame>
  <frame idx="25" w="145" h="-3" x="-123.222672" y="7.669280">
   <element name="power" layername="6" frame="0" z_index="1" m_a="0.028686" m_b="0.000000" m_c="0.000000" m_d="0.045387" m_tx="3.533747" m_ty="53.013397"/>
  </frame>
  <frame idx="50" w="145" h="-3" x="-116.729782" y="7.682677">
   <element name="power" layername="6" frame="0" z_index="1" m_a="0.053592" m_b="0.000000" m_c="0.000000" m_d="0.045387" m_tx="6.776471" m_ty="53.026794"/>
  </frame>
  <frame idx="75" w="145" h="-3" x="-110.236893" y="7.696074">
   <element name="power" layername="6" frame="0" z_index="1" m_a="0.078497" m_b="0.000000" m_c="0.000000" m_d="0.045387" m_tx="10.019196" m_ty="53.040192"/>
  </frame>
  <frame idx="100" w="145" h="-3" x="-103.744011" y="7.709472">
   <element name="power" layername="6" frame="0" z_index="1" m_a="0.103403" m_b="0.000000" m_c="0.000000" m_d="0.045387" m_tx="13.261921" m_ty="53.053589"/>
  </frame>
  <frame idx="125" w="145" h="-3" x="-97.251129" y="7.722873">
   <element name="power" layername="6" frame="0" z_index="1" m_a="0.128308" m_b="0.000000" m_c="0.000000" m_d="0.045387" m_tx="16.504642" m_ty="53.066990"/>
  </frame>
  <frame idx="150" w="145" h="-3" x="-90.758232" y="7.736270">
   <element name="power" layername="6" frame="0" z_index="1" m_a="0.153214" m_b="0.000000" m_c="0.000000" m_d="0.045387" m_tx="19.747368" m_ty="53.080387"/>
  </frame>
  <frame idx="175" w="145" h="-3" x="-84.265335" y="7.749667">
   <element name="power" layername="6" frame="0" z_index="1" m_a="0.178119" m_b="0.000000" m_c="0.000000" m_d="0.045387" m_tx="22.990093" m_ty="53.093784"/>
  </frame>
  <frame idx="200" w="145" h="-3" x="-77.772453" y="7.763064">
   <element name="power" layername="6" frame="0" z_index="1" m_a="0.203025" m_b="0.000000" m_c="0.000000" m_d="0.045387" m_tx="26.232819" m_ty="53.107182"/>
  </frame>
  <frame idx="225" w="145" h="-3" x="-71.279572" y="7.776462">
   <element name="power" layername="6" frame="0" z_index="1" m_a="0.227930" m_b="0.000000" m_c="0.000000" m_d="0.045387" m_tx="29.475542" m_ty="53.120579"/>
  </frame>
  <frame idx="250" w="145" h="-3" x="-64.786690" y="7.789859">
   <element name="power" layername="6" frame="0" z_index="1" m_a="0.252836" m_b="0.000000" m_c="0.000000" m_d="0.045387" m_tx="32.718266" m_ty="53.133976"/>
  </frame>
  <frame idx="275" w="145" h="-3" x="-58.293789" y="7.803256">
   <element name="power" layername="6" frame="0" z_index="1" m_a="0.277741" m_b="0.000000" m_c="0.000000" m_d="0.045387" m_tx="35.960995" m_ty="53.147373"/>
  </frame>
  <frame idx="300" w="145" h="-3" x="-51.800903" y="7.816653">
   <element name="power" layername="6" frame="0" z_index="1" m_a="0.302647" m_b="0.000000" m_c="0.000000" m_d="0.045387" m_tx="39.203716" m_ty="53.160770"/>
  </frame>
  <frame idx="325" w="145" h="-3" x="-45.308014" y="7.830050">
   <element name="power" layername="6" frame="0" z_index="1" m_a="0.327552" m_b="0.000000" m_c="0.000000" m_d="0.045387" m_tx="42.446442" m_ty="53.174168"/>
  </frame>
  <frame idx="350" w="145" h="-3" x="-38.815128" y="7.843451">
   <element name="power" layername="6" frame="0" z_index="1" m_a="0.352458" m_b="0.000000" m_c="0.000000" m_d="0.045387" m_tx="45.689167" m_ty="53.187569"/>
  </frame>
  <frame idx="375" w="145" h="-3" x="-32.322239" y="7.856849">
   <element name="power" layername="6" frame="0" z_index="1" m_a="0.377363" m_b="0.000000" m_c="0.000000" m_d="0.045387" m_tx="48.931892" m_ty="53.200966"/>
  </frame>
  <frame idx="400" w="145" h="-3" x="-25.829346" y="7.870246">
   <element name="power" layername="6" frame="0" z_index="1" m_a="0.402268" m_b="0.000000" m_c="0.000000" m_d="0.045387" m_tx="52.174618" m_ty="53.214363"/>
  </frame>
  <frame idx="425" w="145" h="-3" x="-19.336460" y="7.883643">
   <element name="power" layername="6" frame="0" z_index="1" m_a="0.427174" m_b="0.000000" m_c="0.000000" m_d="0.045387" m_tx="55.417339" m_ty="53.227760"/>
  </frame>
  <frame idx="450" w="145" h="-3" x="-12.843575" y="7.897040">
   <element name="power" layername="6" frame="0" z_index="1" m_a="0.452079" m_b="0.000000" m_c="0.000000" m_d="0.045387" m_tx="58.660065" m_ty="53.241158"/>
  </frame>
  <frame idx="475" w="145" h="-3" x="-6.350693" y="7.910438">
   <element name="power" layername="6" frame="0" z_index="1" m_a="0.476985" m_b="0.000000" m_c="0.000000" m_d="0.045387" m_tx="61.902786" m_ty="53.254555"/>
  </frame>
  <frame idx="500" w="145" h="-3" x="0.142189" y="7.923835">
   <element name="power" layername="6" frame="0" z_index="1" m_a="0.501890" m_b="0.000000" m_c="0.000000" m_d="0.045387" m_tx="65.145508" m_ty="53.267952"/>
  </frame>
  <frame idx="525" w="145" h="-3" x="6.635086" y="7.937232">
   <element name="power" layername="6" frame="0" z_index="1" m_a="0.526796" m_b="0.000000" m_c="0.000000" m_d="0.045387" m_tx="68.388237" m_ty="53.281349"/>
  </frame>
  <frame idx="550" w="145" h="-3" x="13.127975" y="7.950629">
   <element name="power" layername="6" frame="0" z_index="1" m_a="0.551701" m_b="0.000000" m_c="0.000000" m_d="0.045387" m_tx="71.630966" m_ty="53.294746"/>
  </frame>
  <frame idx="575" w="145" h="-3" x="19.620857" y="7.964030">
   <element name="power" layername="6" frame="0" z_index="1" m_a="0.576607" m_b="0.000000" m_c="0.000000" m_d="0.045387" m_tx="74.873688" m_ty="53.308147"/>
  </frame>
  <frame idx="600" w="145" h="-3" x="26.113754" y="7.977427">
   <element name="power" layername="6" frame="0" z_index="1" m_a="0.601512" m_b="0.000000" m_c="0.000000" m_d="0.045387" m_tx="78.116409" m_ty="53.321545"/>
  </frame>
  <frame idx="625" w="145" h="-3" x="32.606651" y="7.990825">
   <element name="power" layername="6" frame="0" z_index="1" m_a="0.626418" m_b="0.000000" m_c="0.000000" m_d="0.045387" m_tx="81.359138" m_ty="53.334942"/>
  </frame>
  <frame idx="650" w="145" h="-3" x="39.099533" y="8.004222">
   <element name="power" layername="6" frame="0" z_index="1" m_a="0.651323" m_b="0.000000" m_c="0.000000" m_d="0.045387" m_tx="84.601860" m_ty="53.348339"/>
  </frame>
  <frame idx="675" w="145" h="-3" x="45.592415" y="8.017619">
   <element name="power" layername="6" frame="0" z_index="1" m_a="0.676229" m_b="0.000000" m_c="0.000000" m_d="0.045387" m_tx="87.844582" m_ty="53.361736"/>
  </frame>
  <frame idx="700" w="145" h="-3" x="52.085312" y="8.031016">
   <element name="power" layername="6" frame="0" z_index="1" m_a="0.701134" m_b="0.000000" m_c="0.000000" m_d="0.045387" m_tx="91.087311" m_ty="53.375134"/>
  </frame>
  <frame idx="725" w="145" h="-3" x="58.578194" y="8.044414">
   <element name="power" layername="6" frame="0" z_index="1" m_a="0.726040" m_b="0.000000" m_c="0.000000" m_d="0.045387" m_tx="94.330032" m_ty="53.388531"/>
  </frame>
  <frame idx="750" w="145" h="-3" x="65.071083" y="8.057811">
   <element name="power" layername="6" frame="0" z_index="1" m_a="0.750945" m_b="0.000000" m_c="0.000000" m_d="0.045387" m_tx="97.572762" m_ty="53.401928"/>
  </frame>
  <frame idx="775" w="145" h="-3" x="71.563957" y="8.071208">
   <element name="power" layername="6" frame="0" z_index="1" m_a="0.775850" m_b="0.000000" m_c="0.000000" m_d="0.045387" m_tx="100.815483" m_ty="53.415325"/>
  </frame>
  <frame idx="800" w="145" h="-3" x="78.056862" y="8.084609">
   <element name="power" layername="6" frame="0" z_index="1" m_a="0.800756" m_b="0.000000" m_c="0.000000" m_d="0.045387" m_tx="104.058212" m_ty="53.428726"/>
  </frame>
  <frame idx="825" w="145" h="-3" x="84.549744" y="8.098006">
   <element name="power" layername="6" frame="0" z_index="1" m_a="0.825661" m_b="0.000000" m_c="0.000000" m_d="0.045387" m_tx="107.300934" m_ty="53.442123"/>
  </frame>
  <frame idx="850" w="145" h="-3" x="91.042633" y="8.111403">
   <element name="power" layername="6" frame="0" z_index="1" m_a="0.850567" m_b="0.000000" m_c="0.000000" m_d="0.045387" m_tx="110.543655" m_ty="53.455521"/>
  </frame>
  <frame idx="875" w="145" h="-3" x="97.535515" y="8.124801">
   <element name="power" layername="6" frame="0" z_index="1" m_a="0.875472" m_b="0.000000" m_c="0.000000" m_d="0.045387" m_tx="113.786377" m_ty="53.468918"/>
  </frame>
  <frame idx="900" w="145" h="-3" x="104.028404" y="8.138198">
   <element name="power" layername="6" frame="0" z_index="1" m_a="0.900378" m_b="0.000000" m_c="0.000000" m_d="0.045387" m_tx="117.029106" m_ty="53.482315"/>
  </frame>
  <frame idx="925" w="145" h="-3" x="110.521294" y="8.151595">
   <element name="power" layername="6" frame="0" z_index="1" m_a="0.925283" m_b="0.000000" m_c="0.000000" m_d="0.045387" m_tx="120.271828" m_ty="53.495712"/>
  </frame>
  <frame idx="950" w="145" h="-3" x="117.014198" y="8.029017">
   <element name="power" layername="6" frame="0" z_index="1" m_a="0.950189" m_b="0.000000" m_c="0.000000" m_d="0.045387" m_tx="123.514557" m_ty="53.373135"/>
  </frame>
  <frame idx="975" w="145" h="-3" x="123.507095" y="7.842448">
   <element name="power" layername="6" frame="0" z_index="1" m_a="0.975094" m_b="0.000000" m_c="0.000000" m_d="0.045387" m_tx="126.757278" m_ty="53.186565"/>
  </frame>
 </anim>
</Anims>
