<Anims>
 <anim name="open" root="zxbubblelight" numframes="3000" framerate="40">
  <frame idx="0" w="743" h="880" x="275.000000" y="159.500000">
   <element name="images" layername="open" frame="0" z_index="3" m_a="1.000000" m_b="0.000000" m_c="0.000000" m_d="1.000000" m_tx="0.000000" m_ty="0.000000"/>
   <element name="images" layername="point" frame="1" z_index="4" m_a="8.000000" m_b="0.000000" m_c="0.000000" m_d="8.000000" m_tx="0.000000" m_ty="-111.000000"/>
  </frame>
  <frame idx="25" w="748" h="885" x="279.166656" y="163.666656">
   <element name="images" layername="open" frame="0" z_index="3" m_a="1.000000" m_b="0.000000" m_c="0.000000" m_d="1.000000" m_tx="0.000000" m_ty="0.000000"/>
   <element name="images" layername="point" frame="1" z_index="4" m_a="8.083333" m_b="0.000000" m_c="0.000000" m_d="8.083333" m_tx="0.000000" m_ty="-111.000000"/>
  </frame>
  <frame idx="50" w="753" h="889" x="283.333344" y="167.833344">
   <element name="images" layername="open" frame="0" z_index="3" m_a="1.000000" m_b="0.000000" m_c="0.000000" m_d="1.000000" m_tx="0.000000" m_ty="0.000000"/>
   <element name="images" layername="point" frame="1" z_index="4" m_a="8.166667" m_b="0.000000" m_c="0.000000" m_d="8.166667" m_tx="0.000000" m_ty="-111.000000"/>
  </frame>
  <frame idx="75" w="757" h="894" x="287.500000" y="172.000000">
   <element name="images" layername="open" frame="0" z_index="3" m_a="1.000000" m_b="0.000000" m_c="0.000000" m_d="1.000000" m_tx="0.000000" m_ty="0.000000"/>
   <element name="images" layername="point" frame="1" z_index="4" m_a="8.250000" m_b="0.000000" m_c="0.000000" m_d="8.250000" m_tx="0.000000" m_ty="-111.000000"/>
  </frame>
  <frame idx="100" w="762" h="899" x="291.666656" y="176.166656">
   <element name="images" layername="open" frame="0" z_index="3" m_a="1.000000" m_b="0.000000" m_c="0.000000" m_d="1.000000" m_tx="0.000000" m_ty="0.000000"/>
   <element name="images" layername="point" frame="1" z_index="4" m_a="8.333333" m_b="0.000000" m_c="0.000000" m_d="8.333333" m_tx="0.000000" m_ty="-111.000000"/>
  </frame>
  <frame idx="125" w="766" h="904" x="295.833344" y="180.333344">
   <element name="images" layername="open" frame="0" z_index="3" m_a="1.000000" m_b="0.000000" m_c="0.000000" m_d="1.000000" m_tx="0.000000" m_ty="0.000000"/>
   <element name="images" layername="point" frame="1" z_index="4" m_a="8.416667" m_b="0.000000" m_c="0.000000" m_d="8.416667" m_tx="0.000000" m_ty="-111.000000"/>
  </frame>
  <frame idx="150" w="770" h="908" x="300.000000" y="184.500000">
   <element name="images" layername="open" frame="0" z_index="3" m_a="1.000000" m_b="0.000000" m_c="0.000000" m_d="1.000000" m_tx="0.000000" m_ty="0.000000"/>
   <element name="images" layername="point" frame="1" z_index="4" m_a="8.500000" m_b="0.000000" m_c="0.000000" m_d="8.500000" m_tx="0.000000" m_ty="-111.000000"/>
  </frame>
  <frame idx="175" w="776" h="912" x="304.166656" y="188.666656">
   <element name="images" layername="open" frame="0" z_index="3" m_a="1.000000" m_b="0.000000" m_c="0.000000" m_d="1.000000" m_tx="0.000000" m_ty="0.000000"/>
   <element name="images" layername="point" frame="1" z_index="4" m_a="8.583333" m_b="0.000000" m_c="0.000000" m_d="8.583333" m_tx="0.000000" m_ty="-111.000000"/>
  </frame>
  <frame idx="200" w="780" h="917" x="308.333344" y="192.833374">
   <element name="images" layername="open" frame="0" z_index="3" m_a="1.000000" m_b="0.000000" m_c="0.000000" m_d="1.000000" m_tx="0.000000" m_ty="0.000000"/>
   <element name="images" layername="point" frame="1" z_index="4" m_a="8.666667" m_b="0.000000" m_c="0.000000" m_d="8.666667" m_tx="0.000000" m_ty="-111.000000"/>
  </frame>
  <frame idx="225" w="785" h="921" x="312.500000" y="197.000000">
   <element name="images" layername="open" frame="0" z_index="3" m_a="1.000000" m_b="0.000000" m_c="0.000000" m_d="1.000000" m_tx="0.000000" m_ty="0.000000"/>
   <element name="images" layername="point" frame="1" z_index="4" m_a="8.750000" m_b="0.000000" m_c="0.000000" m_d="8.750000" m_tx="0.000000" m_ty="-111.000000"/>
  </frame>
  <frame idx="250" w="789" h="927" x="316.666626" y="201.166626">
   <element name="images" layername="open" frame="0" z_index="3" m_a="1.000000" m_b="0.000000" m_c="0.000000" m_d="1.000000" m_tx="0.000000" m_ty="0.000000"/>
   <element name="images" layername="point" frame="1" z_index="4" m_a="8.833333" m_b="0.000000" m_c="0.000000" m_d="8.833333" m_tx="0.000000" m_ty="-111.000000"/>
  </frame>
  <frame idx="275" w="794" h="931" x="320.833374" y="205.333374">
   <element name="images" layername="open" frame="0" z_index="3" m_a="1.000000" m_b="0.000000" m_c="0.000000" m_d="1.000000" m_tx="0.000000" m_ty="0.000000"/>
   <element name="images" layername="point" frame="1" z_index="4" m_a="8.916667" m_b="0.000000" m_c="0.000000" m_d="8.916667" m_tx="0.000000" m_ty="-111.000000"/>
  </frame>
  <frame idx="300" w="798" h="935" x="325.000000" y="209.500000">
   <element name="images" layername="open" frame="0" z_index="3" m_a="1.000000" m_b="0.000000" m_c="0.000000" m_d="1.000000" m_tx="0.000000" m_ty="0.000000"/>
   <element name="images" layername="point" frame="1" z_index="4" m_a="9.000000" m_b="0.000000" m_c="0.000000" m_d="9.000000" m_tx="0.000000" m_ty="-111.000000"/>
  </frame>
  <frame idx="325" w="803" h="940" x="329.166626" y="213.666626">
   <element name="images" layername="open" frame="0" z_index="3" m_a="1.000000" m_b="0.000000" m_c="0.000000" m_d="1.000000" m_tx="0.000000" m_ty="0.000000"/>
   <element name="images" layername="point" frame="1" z_index="4" m_a="9.083333" m_b="0.000000" m_c="0.000000" m_d="9.083333" m_tx="0.000000" m_ty="-111.000000"/>
  </frame>
  <frame idx="350" w="808" h="944" x="333.333374" y="217.833374">
   <element name="images" layername="open" frame="0" z_index="3" m_a="1.000000" m_b="0.000000" m_c="0.000000" m_d="1.000000" m_tx="0.000000" m_ty="0.000000"/>
   <element name="images" layername="point" frame="1" z_index="4" m_a="9.166667" m_b="0.000000" m_c="0.000000" m_d="9.166667" m_tx="0.000000" m_ty="-111.000000"/>
  </frame>
  <frame idx="375" w="812" h="949" x="337.500000" y="222.000000">
   <element name="images" layername="open" frame="0" z_index="3" m_a="1.000000" m_b="0.000000" m_c="0.000000" m_d="1.000000" m_tx="0.000000" m_ty="0.000000"/>
   <element name="images" layername="point" frame="1" z_index="4" m_a="9.250000" m_b="0.000000" m_c="0.000000" m_d="9.250000" m_tx="0.000000" m_ty="-111.000000"/>
  </frame>
  <frame idx="400" w="817" h="954" x="341.666626" y="226.166626">
   <element name="images" layername="open" frame="0" z_index="3" m_a="1.000000" m_b="0.000000" m_c="0.000000" m_d="1.000000" m_tx="0.000000" m_ty="0.000000"/>
   <element name="images" layername="point" frame="1" z_index="4" m_a="9.333333" m_b="0.000000" m_c="0.000000" m_d="9.333333" m_tx="0.000000" m_ty="-111.000000"/>
  </frame>
  <frame idx="425" w="821" h="959" x="345.833374" y="230.333374">
   <element name="images" layername="open" frame="0" z_index="3" m_a="1.000000" m_b="0.000000" m_c="0.000000" m_d="1.000000" m_tx="0.000000" m_ty="0.000000"/>
   <element name="images" layername="point" frame="1" z_index="4" m_a="9.416667" m_b="0.000000" m_c="0.000000" m_d="9.416667" m_tx="0.000000" m_ty="-111.000000"/>
  </frame>
  <frame idx="450" w="825" h="963" x="350.000000" y="234.500000">
   <element name="images" layername="open" frame="0" z_index="3" m_a="1.000000" m_b="0.000000" m_c="0.000000" m_d="1.000000" m_tx="0.000000" m_ty="0.000000"/>
   <element name="images" layername="point" frame="1" z_index="4" m_a="9.500000" m_b="0.000000" m_c="0.000000" m_d="9.500000" m_tx="0.000000" m_ty="-111.000000"/>
  </frame>
  <frame idx="475" w="831" h="967" x="354.166626" y="238.666626">
   <element name="images" layername="open" frame="0" z_index="3" m_a="1.000000" m_b="0.000000" m_c="0.000000" m_d="1.000000" m_tx="0.000000" m_ty="0.000000"/>
   <element name="images" layername="point" frame="1" z_index="4" m_a="9.583333" m_b="0.000000" m_c="0.000000" m_d="9.583333" m_tx="0.000000" m_ty="-111.000000"/>
  </frame>
  <frame idx="500" w="835" h="972" x="358.333374" y="242.833374">
   <element name="images" layername="open" frame="0" z_index="3" m_a="1.000000" m_b="0.000000" m_c="0.000000" m_d="1.000000" m_tx="0.000000" m_ty="0.000000"/>
   <element name="images" layername="point" frame="1" z_index="4" m_a="9.666667" m_b="0.000000" m_c="0.000000" m_d="9.666667" m_tx="0.000000" m_ty="-111.000000"/>
  </frame>
  <frame idx="525" w="840" h="976" x="362.500000" y="247.000000">
   <element name="images" layername="open" frame="0" z_index="3" m_a="1.000000" m_b="0.000000" m_c="0.000000" m_d="1.000000" m_tx="0.000000" m_ty="0.000000"/>
   <element name="images" layername="point" frame="1" z_index="4" m_a="9.750000" m_b="0.000000" m_c="0.000000" m_d="9.750000" m_tx="0.000000" m_ty="-111.000000"/>
  </frame>
  <frame idx="550" w="844" h="982" x="366.666626" y="251.166626">
   <element name="images" layername="open" frame="0" z_index="3" m_a="1.000000" m_b="0.000000" m_c="0.000000" m_d="1.000000" m_tx="0.000000" m_ty="0.000000"/>
   <element name="images" layername="point" frame="1" z_index="4" m_a="9.833333" m_b="0.000000" m_c="0.000000" m_d="9.833333" m_tx="0.000000" m_ty="-111.000000"/>
  </frame>
  <frame idx="575" w="849" h="986" x="370.833374" y="255.333374">
   <element name="images" layername="open" frame="0" z_index="3" m_a="1.000000" m_b="0.000000" m_c="0.000000" m_d="1.000000" m_tx="0.000000" m_ty="0.000000"/>
   <element name="images" layername="point" frame="1" z_index="4" m_a="9.916667" m_b="0.000000" m_c="0.000000" m_d="9.916667" m_tx="0.000000" m_ty="-111.000000"/>
  </frame>
  <frame idx="600" w="853" h="990" x="375.000000" y="259.500000">
   <element name="images" layername="open" frame="0" z_index="3" m_a="1.000000" m_b="0.000000" m_c="0.000000" m_d="1.000000" m_tx="0.000000" m_ty="0.000000"/>
   <element name="images" layername="point" frame="1" z_index="4" m_a="10.000000" m_b="0.000000" m_c="0.000000" m_d="10.000000" m_tx="0.000000" m_ty="-111.000000"/>
  </frame>
  <frame idx="625" w="858" h="995" x="379.166626" y="263.666626">
   <element name="images" layername="open" frame="0" z_index="3" m_a="1.000000" m_b="0.000000" m_c="0.000000" m_d="1.000000" m_tx="0.000000" m_ty="0.000000"/>
   <element name="images" layername="point" frame="1" z_index="4" m_a="10.083333" m_b="0.000000" m_c="0.000000" m_d="10.083333" m_tx="0.000000" m_ty="-111.000000"/>
  </frame>
  <frame idx="650" w="863" h="999" x="383.333374" y="267.833374">
   <element name="images" layername="open" frame="0" z_index="3" m_a="1.000000" m_b="0.000000" m_c="0.000000" m_d="1.000000" m_tx="0.000000" m_ty="0.000000"/>
   <element name="images" layername="point" frame="1" z_index="4" m_a="10.166667" m_b="0.000000" m_c="0.000000" m_d="10.166667" m_tx="0.000000" m_ty="-111.000000"/>
  </frame>
  <frame idx="675" w="867" h="1004" x="387.500000" y="272.000000">
   <element name="images" layername="open" frame="0" z_index="3" m_a="1.000000" m_b="0.000000" m_c="0.000000" m_d="1.000000" m_tx="0.000000" m_ty="0.000000"/>
   <element name="images" layername="point" frame="1" z_index="4" m_a="10.250000" m_b="0.000000" m_c="0.000000" m_d="10.250000" m_tx="0.000000" m_ty="-111.000000"/>
  </frame>
  <frame idx="700" w="872" h="1009" x="391.666626" y="276.166626">
   <element name="images" layername="open" frame="0" z_index="3" m_a="1.000000" m_b="0.000000" m_c="0.000000" m_d="1.000000" m_tx="0.000000" m_ty="0.000000"/>
   <element name="images" layername="point" frame="1" z_index="4" m_a="10.333333" m_b="0.000000" m_c="0.000000" m_d="10.333333" m_tx="0.000000" m_ty="-111.000000"/>
  </frame>
  <frame idx="725" w="876" h="1014" x="395.833313" y="280.333313">
   <element name="images" layername="open" frame="0" z_index="3" m_a="1.000000" m_b="0.000000" m_c="0.000000" m_d="1.000000" m_tx="0.000000" m_ty="0.000000"/>
   <element name="images" layername="point" frame="1" z_index="4" m_a="10.416666" m_b="0.000000" m_c="0.000000" m_d="10.416666" m_tx="0.000000" m_ty="-111.000000"/>
  </frame>
  <frame idx="750" w="880" h="1018" x="400.000000" y="284.500000">
   <element name="images" layername="open" frame="0" z_index="3" m_a="1.000000" m_b="0.000000" m_c="0.000000" m_d="1.000000" m_tx="0.000000" m_ty="0.000000"/>
   <element name="images" layername="point" frame="1" z_index="4" m_a="10.500000" m_b="0.000000" m_c="0.000000" m_d="10.500000" m_tx="0.000000" m_ty="-111.000000"/>
  </frame>
  <frame idx="775" w="886" h="1022" x="404.166626" y="288.666626">
   <element name="images" layername="open" frame="0" z_index="3" m_a="1.000000" m_b="0.000000" m_c="0.000000" m_d="1.000000" m_tx="0.000000" m_ty="0.000000"/>
   <element name="images" layername="point" frame="1" z_index="4" m_a="10.583333" m_b="0.000000" m_c="0.000000" m_d="10.583333" m_tx="0.000000" m_ty="-111.000000"/>
  </frame>
  <frame idx="800" w="890" h="1027" x="408.333374" y="292.833374">
   <element name="images" layername="open" frame="0" z_index="3" m_a="1.000000" m_b="0.000000" m_c="0.000000" m_d="1.000000" m_tx="0.000000" m_ty="0.000000"/>
   <element name="images" layername="point" frame="1" z_index="4" m_a="10.666667" m_b="0.000000" m_c="0.000000" m_d="10.666667" m_tx="0.000000" m_ty="-111.000000"/>
  </frame>
  <frame idx="825" w="895" h="1031" x="412.500000" y="297.000000">
   <element name="images" layername="open" frame="0" z_index="3" m_a="1.000000" m_b="0.000000" m_c="0.000000" m_d="1.000000" m_tx="0.000000" m_ty="0.000000"/>
   <element name="images" layername="point" frame="1" z_index="4" m_a="10.750000" m_b="0.000000" m_c="0.000000" m_d="10.750000" m_tx="0.000000" m_ty="-111.000000"/>
  </frame>
  <frame idx="850" w="899" h="1037" x="416.666626" y="301.166626">
   <element name="images" layername="open" frame="0" z_index="3" m_a="1.000000" m_b="0.000000" m_c="0.000000" m_d="1.000000" m_tx="0.000000" m_ty="0.000000"/>
   <element name="images" layername="point" frame="1" z_index="4" m_a="10.833333" m_b="0.000000" m_c="0.000000" m_d="10.833333" m_tx="0.000000" m_ty="-111.000000"/>
  </frame>
  <frame idx="875" w="904" h="1041" x="420.833313" y="305.333313">
   <element name="images" layername="open" frame="0" z_index="3" m_a="1.000000" m_b="0.000000" m_c="0.000000" m_d="1.000000" m_tx="0.000000" m_ty="0.000000"/>
   <element name="images" layername="point" frame="1" z_index="4" m_a="10.916666" m_b="0.000000" m_c="0.000000" m_d="10.916666" m_tx="0.000000" m_ty="-111.000000"/>
  </frame>
  <frame idx="900" w="908" h="1045" x="425.000000" y="309.500000">
   <element name="images" layername="open" frame="0" z_index="3" m_a="1.000000" m_b="0.000000" m_c="0.000000" m_d="1.000000" m_tx="0.000000" m_ty="0.000000"/>
   <element name="images" layername="point" frame="1" z_index="4" m_a="11.000000" m_b="0.000000" m_c="0.000000" m_d="11.000000" m_tx="0.000000" m_ty="-111.000000"/>
  </frame>
  <frame idx="925" w="913" h="1050" x="429.166687" y="313.666687">
   <element name="images" layername="open" frame="0" z_index="3" m_a="1.000000" m_b="0.000000" m_c="0.000000" m_d="1.000000" m_tx="0.000000" m_ty="0.000000"/>
   <element name="images" layername="point" frame="1" z_index="4" m_a="11.083334" m_b="0.000000" m_c="0.000000" m_d="11.083334" m_tx="0.000000" m_ty="-111.000000"/>
  </frame>
  <frame idx="950" w="918" h="1054" x="433.333313" y="317.833313">
   <element name="images" layername="open" frame="0" z_index="3" m_a="1.000000" m_b="0.000000" m_c="0.000000" m_d="1.000000" m_tx="0.000000" m_ty="0.000000"/>
   <element name="images" layername="point" frame="1" z_index="4" m_a="11.166666" m_b="0.000000" m_c="0.000000" m_d="11.166666" m_tx="0.000000" m_ty="-111.000000"/>
  </frame>
  <frame idx="975" w="922" h="1059" x="437.500000" y="322.000000">
   <element name="images" layername="open" frame="0" z_index="3" m_a="1.000000" m_b="0.000000" m_c="0.000000" m_d="1.000000" m_tx="0.000000" m_ty="0.000000"/>
   <element name="images" layername="point" frame="1" z_index="4" m_a="11.250000" m_b="0.000000" m_c="0.000000" m_d="11.250000" m_tx="0.000000" m_ty="-111.000000"/>
  </frame>
  <frame idx="1000" w="927" h="1064" x="441.666687" y="326.166687">
   <element name="images" layername="open" frame="0" z_index="3" m_a="1.000000" m_b="0.000000" m_c="0.000000" m_d="1.000000" m_tx="0.000000" m_ty="0.000000"/>
   <element name="images" layername="point" frame="1" z_index="4" m_a="11.333334" m_b="0.000000" m_c="0.000000" m_d="11.333334" m_tx="0.000000" m_ty="-111.000000"/>
  </frame>
  <frame idx="1025" w="931" h="1069" x="445.833374" y="330.333374">
   <element name="images" layername="open" frame="0" z_index="3" m_a="1.000000" m_b="0.000000" m_c="0.000000" m_d="1.000000" m_tx="0.000000" m_ty="0.000000"/>
   <element name="images" layername="point" frame="1" z_index="4" m_a="11.416667" m_b="0.000000" m_c="0.000000" m_d="11.416667" m_tx="0.000000" m_ty="-111.000000"/>
  </frame>
  <frame idx="1050" w="935" h="1073" x="450.000000" y="334.500000">
   <element name="images" layername="open" frame="0" z_index="3" m_a="1.000000" m_b="0.000000" m_c="0.000000" m_d="1.000000" m_tx="0.000000" m_ty="0.000000"/>
   <element name="images" layername="point" frame="1" z_index="4" m_a="11.500000" m_b="0.000000" m_c="0.000000" m_d="11.500000" m_tx="0.000000" m_ty="-111.000000"/>
  </frame>
  <frame idx="1075" w="941" h="1077" x="454.166626" y="338.666626">
   <element name="images" layername="open" frame="0" z_index="3" m_a="1.000000" m_b="0.000000" m_c="0.000000" m_d="1.000000" m_tx="0.000000" m_ty="0.000000"/>
   <element name="images" layername="point" frame="1" z_index="4" m_a="11.583333" m_b="0.000000" m_c="0.000000" m_d="11.583333" m_tx="0.000000" m_ty="-111.000000"/>
  </frame>
  <frame idx="1100" w="945" h="1082" x="458.333374" y="342.833374">
   <element name="images" layername="open" frame="0" z_index="3" m_a="1.000000" m_b="0.000000" m_c="0.000000" m_d="1.000000" m_tx="0.000000" m_ty="0.000000"/>
   <element name="images" layername="point" frame="1" z_index="4" m_a="11.666667" m_b="0.000000" m_c="0.000000" m_d="11.666667" m_tx="0.000000" m_ty="-111.000000"/>
  </frame>
  <frame idx="1125" w="950" h="1086" x="462.500000" y="347.000000">
   <element name="images" layername="open" frame="0" z_index="3" m_a="1.000000" m_b="0.000000" m_c="0.000000" m_d="1.000000" m_tx="0.000000" m_ty="0.000000"/>
   <element name="images" layername="point" frame="1" z_index="4" m_a="11.750000" m_b="0.000000" m_c="0.000000" m_d="11.750000" m_tx="0.000000" m_ty="-111.000000"/>
  </frame>
  <frame idx="1150" w="954" h="1092" x="466.666626" y="351.166626">
   <element name="images" layername="open" frame="0" z_index="3" m_a="1.000000" m_b="0.000000" m_c="0.000000" m_d="1.000000" m_tx="0.000000" m_ty="0.000000"/>
   <element name="images" layername="point" frame="1" z_index="4" m_a="11.833333" m_b="0.000000" m_c="0.000000" m_d="11.833333" m_tx="0.000000" m_ty="-111.000000"/>
  </frame>
  <frame idx="1175" w="959" h="1096" x="470.833374" y="355.333374">
   <element name="images" layername="open" frame="0" z_index="3" m_a="1.000000" m_b="0.000000" m_c="0.000000" m_d="1.000000" m_tx="0.000000" m_ty="0.000000"/>
   <element name="images" layername="point" frame="1" z_index="4" m_a="11.916667" m_b="0.000000" m_c="0.000000" m_d="11.916667" m_tx="0.000000" m_ty="-111.000000"/>
  </frame>
  <frame idx="1200" w="963" h="1100" x="475.000000" y="359.500000">
   <element name="images" layername="open" frame="0" z_index="3" m_a="1.000000" m_b="0.000000" m_c="0.000000" m_d="1.000000" m_tx="0.000000" m_ty="0.000000"/>
   <element name="images" layername="point" frame="1" z_index="4" m_a="12.000000" m_b="0.000000" m_c="0.000000" m_d="12.000000" m_tx="0.000000" m_ty="-111.000000"/>
  </frame>
  <frame idx="1225" w="968" h="1105" x="479.166687" y="363.666687">
   <element name="images" layername="open" frame="0" z_index="3" m_a="1.000000" m_b="0.000000" m_c="0.000000" m_d="1.000000" m_tx="0.000000" m_ty="0.000000"/>
   <element name="images" layername="point" frame="1" z_index="4" m_a="12.083334" m_b="0.000000" m_c="0.000000" m_d="12.083334" m_tx="0.000000" m_ty="-111.000000"/>
  </frame>
  <frame idx="1250" w="973" h="1109" x="483.333313" y="367.833313">
   <element name="images" layername="open" frame="0" z_index="3" m_a="1.000000" m_b="0.000000" m_c="0.000000" m_d="1.000000" m_tx="0.000000" m_ty="0.000000"/>
   <element name="images" layername="point" frame="1" z_index="4" m_a="12.166666" m_b="0.000000" m_c="0.000000" m_d="12.166666" m_tx="0.000000" m_ty="-111.000000"/>
  </frame>
  <frame idx="1275" w="977" h="1114" x="487.500000" y="372.000000">
   <element name="images" layername="open" frame="0" z_index="3" m_a="1.000000" m_b="0.000000" m_c="0.000000" m_d="1.000000" m_tx="0.000000" m_ty="0.000000"/>
   <element name="images" layername="point" frame="1" z_index="4" m_a="12.250000" m_b="0.000000" m_c="0.000000" m_d="12.250000" m_tx="0.000000" m_ty="-111.000000"/>
  </frame>
  <frame idx="1300" w="982" h="1119" x="491.666687" y="376.166687">
   <element name="images" layername="open" frame="0" z_index="3" m_a="1.000000" m_b="0.000000" m_c="0.000000" m_d="1.000000" m_tx="0.000000" m_ty="0.000000"/>
   <element name="images" layername="point" frame="1" z_index="4" m_a="12.333334" m_b="0.000000" m_c="0.000000" m_d="12.333334" m_tx="0.000000" m_ty="-111.000000"/>
  </frame>
  <frame idx="1325" w="986" h="1124" x="495.833313" y="380.333313">
   <element name="images" layername="open" frame="0" z_index="3" m_a="1.000000" m_b="0.000000" m_c="0.000000" m_d="1.000000" m_tx="0.000000" m_ty="0.000000"/>
   <element name="images" layername="point" frame="1" z_index="4" m_a="12.416666" m_b="0.000000" m_c="0.000000" m_d="12.416666" m_tx="0.000000" m_ty="-111.000000"/>
  </frame>
  <frame idx="1350" w="990" h="1128" x="500.000000" y="384.500000">
   <element name="images" layername="open" frame="0" z_index="3" m_a="1.000000" m_b="0.000000" m_c="0.000000" m_d="1.000000" m_tx="0.000000" m_ty="0.000000"/>
   <element name="images" layername="point" frame="1" z_index="4" m_a="12.500000" m_b="0.000000" m_c="0.000000" m_d="12.500000" m_tx="0.000000" m_ty="-111.000000"/>
  </frame>
  <frame idx="1375" w="996" h="1132" x="504.166687" y="388.666687">
   <element name="images" layername="open" frame="0" z_index="3" m_a="1.000000" m_b="0.000000" m_c="0.000000" m_d="1.000000" m_tx="0.000000" m_ty="0.000000"/>
   <element name="images" layername="point" frame="1" z_index="4" m_a="12.583334" m_b="0.000000" m_c="0.000000" m_d="12.583334" m_tx="0.000000" m_ty="-111.000000"/>
  </frame>
  <frame idx="1400" w="1000" h="1137" x="508.333313" y="392.833313">
   <element name="images" layername="open" frame="0" z_index="3" m_a="1.000000" m_b="0.000000" m_c="0.000000" m_d="1.000000" m_tx="0.000000" m_ty="0.000000"/>
   <element name="images" layername="point" frame="1" z_index="4" m_a="12.666666" m_b="0.000000" m_c="0.000000" m_d="12.666666" m_tx="0.000000" m_ty="-111.000000"/>
  </frame>
  <frame idx="1425" w="1005" h="1141" x="512.500000" y="397.000000">
   <element name="images" layername="open" frame="0" z_index="3" m_a="1.000000" m_b="0.000000" m_c="0.000000" m_d="1.000000" m_tx="0.000000" m_ty="0.000000"/>
   <element name="images" layername="point" frame="1" z_index="4" m_a="12.750000" m_b="0.000000" m_c="0.000000" m_d="12.750000" m_tx="0.000000" m_ty="-111.000000"/>
  </frame>
  <frame idx="1450" w="1009" h="1147" x="516.666626" y="401.166626">
   <element name="images" layername="open" frame="0" z_index="3" m_a="1.000000" m_b="0.000000" m_c="0.000000" m_d="1.000000" m_tx="0.000000" m_ty="0.000000"/>
   <element name="images" layername="point" frame="1" z_index="4" m_a="12.833333" m_b="0.000000" m_c="0.000000" m_d="12.833333" m_tx="0.000000" m_ty="-111.000000"/>
  </frame>
  <frame idx="1475" w="1014" h="1151" x="520.833374" y="405.333374">
   <element name="images" layername="open" frame="0" z_index="3" m_a="1.000000" m_b="0.000000" m_c="0.000000" m_d="1.000000" m_tx="0.000000" m_ty="0.000000"/>
   <element name="images" layername="point" frame="1" z_index="4" m_a="12.916667" m_b="0.000000" m_c="0.000000" m_d="12.916667" m_tx="0.000000" m_ty="-111.000000"/>
  </frame>
  <frame idx="1500" w="1018" h="1155" x="525.000000" y="409.500000">
   <element name="images" layername="open" frame="0" z_index="3" m_a="1.000000" m_b="0.000000" m_c="0.000000" m_d="1.000000" m_tx="0.000000" m_ty="0.000000"/>
   <element name="images" layername="point" frame="1" z_index="4" m_a="13.000000" m_b="0.000000" m_c="0.000000" m_d="13.000000" m_tx="0.000000" m_ty="-111.000000"/>
  </frame>
  <frame idx="1525" w="1014" h="1151" x="520.833374" y="405.333374">
   <element name="images" layername="open" frame="0" z_index="3" m_a="1.000000" m_b="0.000000" m_c="0.000000" m_d="1.000000" m_tx="0.000000" m_ty="0.000000"/>
   <element name="images" layername="point" frame="1" z_index="4" m_a="12.916667" m_b="0.000000" m_c="0.000000" m_d="12.916667" m_tx="0.000000" m_ty="-111.000000"/>
  </frame>
  <frame idx="1550" w="1009" h="1147" x="516.666626" y="401.166626">
   <element name="images" layername="open" frame="0" z_index="3" m_a="1.000000" m_b="0.000000" m_c="0.000000" m_d="1.000000" m_tx="0.000000" m_ty="0.000000"/>
   <element name="images" layername="point" frame="1" z_index="4" m_a="12.833333" m_b="0.000000" m_c="0.000000" m_d="12.833333" m_tx="0.000000" m_ty="-111.000000"/>
  </frame>
  <frame idx="1575" w="1005" h="1141" x="512.500000" y="397.000000">
   <element name="images" layername="open" frame="0" z_index="3" m_a="1.000000" m_b="0.000000" m_c="0.000000" m_d="1.000000" m_tx="0.000000" m_ty="0.000000"/>
   <element name="images" layername="point" frame="1" z_index="4" m_a="12.750000" m_b="0.000000" m_c="0.000000" m_d="12.750000" m_tx="0.000000" m_ty="-111.000000"/>
  </frame>
  <frame idx="1600" w="1000" h="1137" x="508.333374" y="392.833374">
   <element name="images" layername="open" frame="0" z_index="3" m_a="1.000000" m_b="0.000000" m_c="0.000000" m_d="1.000000" m_tx="0.000000" m_ty="0.000000"/>
   <element name="images" layername="point" frame="1" z_index="4" m_a="12.666667" m_b="0.000000" m_c="0.000000" m_d="12.666667" m_tx="0.000000" m_ty="-111.000000"/>
  </frame>
  <frame idx="1625" w="996" h="1132" x="504.166626" y="388.666626">
   <element name="images" layername="open" frame="0" z_index="3" m_a="1.000000" m_b="0.000000" m_c="0.000000" m_d="1.000000" m_tx="0.000000" m_ty="0.000000"/>
   <element name="images" layername="point" frame="1" z_index="4" m_a="12.583333" m_b="0.000000" m_c="0.000000" m_d="12.583333" m_tx="0.000000" m_ty="-111.000000"/>
  </frame>
  <frame idx="1650" w="990" h="1128" x="500.000000" y="384.500000">
   <element name="images" layername="open" frame="0" z_index="3" m_a="1.000000" m_b="0.000000" m_c="0.000000" m_d="1.000000" m_tx="0.000000" m_ty="0.000000"/>
   <element name="images" layername="point" frame="1" z_index="4" m_a="12.500000" m_b="0.000000" m_c="0.000000" m_d="12.500000" m_tx="0.000000" m_ty="-111.000000"/>
  </frame>
  <frame idx="1675" w="986" h="1124" x="495.833374" y="380.333374">
   <element name="images" layername="open" frame="0" z_index="3" m_a="1.000000" m_b="0.000000" m_c="0.000000" m_d="1.000000" m_tx="0.000000" m_ty="0.000000"/>
   <element name="images" layername="point" frame="1" z_index="4" m_a="12.416667" m_b="0.000000" m_c="0.000000" m_d="12.416667" m_tx="0.000000" m_ty="-111.000000"/>
  </frame>
  <frame idx="1700" w="982" h="1119" x="491.666626" y="376.166626">
   <element name="images" layername="open" frame="0" z_index="3" m_a="1.000000" m_b="0.000000" m_c="0.000000" m_d="1.000000" m_tx="0.000000" m_ty="0.000000"/>
   <element name="images" layername="point" frame="1" z_index="4" m_a="12.333333" m_b="0.000000" m_c="0.000000" m_d="12.333333" m_tx="0.000000" m_ty="-111.000000"/>
  </frame>
  <frame idx="1725" w="977" h="1114" x="487.500000" y="372.000000">
   <element name="images" layername="open" frame="0" z_index="3" m_a="1.000000" m_b="0.000000" m_c="0.000000" m_d="1.000000" m_tx="0.000000" m_ty="0.000000"/>
   <element name="images" layername="point" frame="1" z_index="4" m_a="12.250000" m_b="0.000000" m_c="0.000000" m_d="12.250000" m_tx="0.000000" m_ty="-111.000000"/>
  </frame>
  <frame idx="1750" w="973" h="1109" x="483.333374" y="367.833374">
   <element name="images" layername="open" frame="0" z_index="3" m_a="1.000000" m_b="0.000000" m_c="0.000000" m_d="1.000000" m_tx="0.000000" m_ty="0.000000"/>
   <element name="images" layername="point" frame="1" z_index="4" m_a="12.166667" m_b="0.000000" m_c="0.000000" m_d="12.166667" m_tx="0.000000" m_ty="-111.000000"/>
  </frame>
  <frame idx="1775" w="968" h="1105" x="479.166626" y="363.666626">
   <element name="images" layername="open" frame="0" z_index="3" m_a="1.000000" m_b="0.000000" m_c="0.000000" m_d="1.000000" m_tx="0.000000" m_ty="0.000000"/>
   <element name="images" layername="point" frame="1" z_index="4" m_a="12.083333" m_b="0.000000" m_c="0.000000" m_d="12.083333" m_tx="0.000000" m_ty="-111.000000"/>
  </frame>
  <frame idx="1800" w="963" h="1100" x="475.000000" y="359.500000">
   <element name="images" layername="open" frame="0" z_index="3" m_a="1.000000" m_b="0.000000" m_c="0.000000" m_d="1.000000" m_tx="0.000000" m_ty="0.000000"/>
   <element name="images" layername="point" frame="1" z_index="4" m_a="12.000000" m_b="0.000000" m_c="0.000000" m_d="12.000000" m_tx="0.000000" m_ty="-111.000000"/>
  </frame>
  <frame idx="1825" w="959" h="1096" x="470.833374" y="355.333374">
   <element name="images" layername="open" frame="0" z_index="3" m_a="1.000000" m_b="0.000000" m_c="0.000000" m_d="1.000000" m_tx="0.000000" m_ty="0.000000"/>
   <element name="images" layername="point" frame="1" z_index="4" m_a="11.916667" m_b="0.000000" m_c="0.000000" m_d="11.916667" m_tx="0.000000" m_ty="-111.000000"/>
  </frame>
  <frame idx="1850" w="954" h="1092" x="466.666626" y="351.166626">
   <element name="images" layername="open" frame="0" z_index="3" m_a="1.000000" m_b="0.000000" m_c="0.000000" m_d="1.000000" m_tx="0.000000" m_ty="0.000000"/>
   <element name="images" layername="point" frame="1" z_index="4" m_a="11.833333" m_b="0.000000" m_c="0.000000" m_d="11.833333" m_tx="0.000000" m_ty="-111.000000"/>
  </frame>
  <frame idx="1875" w="950" h="1086" x="462.500000" y="347.000000">
   <element name="images" layername="open" frame="0" z_index="3" m_a="1.000000" m_b="0.000000" m_c="0.000000" m_d="1.000000" m_tx="0.000000" m_ty="0.000000"/>
   <element name="images" layername="point" frame="1" z_index="4" m_a="11.750000" m_b="0.000000" m_c="0.000000" m_d="11.750000" m_tx="0.000000" m_ty="-111.000000"/>
  </frame>
  <frame idx="1900" w="945" h="1082" x="458.333374" y="342.833374">
   <element name="images" layername="open" frame="0" z_index="3" m_a="1.000000" m_b="0.000000" m_c="0.000000" m_d="1.000000" m_tx="0.000000" m_ty="0.000000"/>
   <element name="images" layername="point" frame="1" z_index="4" m_a="11.666667" m_b="0.000000" m_c="0.000000" m_d="11.666667" m_tx="0.000000" m_ty="-111.000000"/>
  </frame>
  <frame idx="1925" w="941" h="1077" x="454.166626" y="338.666626">
   <element name="images" layername="open" frame="0" z_index="3" m_a="1.000000" m_b="0.000000" m_c="0.000000" m_d="1.000000" m_tx="0.000000" m_ty="0.000000"/>
   <element name="images" layername="point" frame="1" z_index="4" m_a="11.583333" m_b="0.000000" m_c="0.000000" m_d="11.583333" m_tx="0.000000" m_ty="-111.000000"/>
  </frame>
  <frame idx="1950" w="935" h="1073" x="450.000000" y="334.500000">
   <element name="images" layername="open" frame="0" z_index="3" m_a="1.000000" m_b="0.000000" m_c="0.000000" m_d="1.000000" m_tx="0.000000" m_ty="0.000000"/>
   <element name="images" layername="point" frame="1" z_index="4" m_a="11.500000" m_b="0.000000" m_c="0.000000" m_d="11.500000" m_tx="0.000000" m_ty="-111.000000"/>
  </frame>
  <frame idx="1975" w="931" h="1069" x="445.833374" y="330.333374">
   <element name="images" layername="open" frame="0" z_index="3" m_a="1.000000" m_b="0.000000" m_c="0.000000" m_d="1.000000" m_tx="0.000000" m_ty="0.000000"/>
   <element name="images" layername="point" frame="1" z_index="4" m_a="11.416667" m_b="0.000000" m_c="0.000000" m_d="11.416667" m_tx="0.000000" m_ty="-111.000000"/>
  </frame>
  <frame idx="2000" w="927" h="1064" x="441.666626" y="326.166626">
   <element name="images" layername="open" frame="0" z_index="3" m_a="1.000000" m_b="0.000000" m_c="0.000000" m_d="1.000000" m_tx="0.000000" m_ty="0.000000"/>
   <element name="images" layername="point" frame="1" z_index="4" m_a="11.333333" m_b="0.000000" m_c="0.000000" m_d="11.333333" m_tx="0.000000" m_ty="-111.000000"/>
  </frame>
  <frame idx="2025" w="922" h="1059" x="437.500000" y="322.000000">
   <element name="images" layername="open" frame="0" z_index="3" m_a="1.000000" m_b="0.000000" m_c="0.000000" m_d="1.000000" m_tx="0.000000" m_ty="0.000000"/>
   <element name="images" layername="point" frame="1" z_index="4" m_a="11.250000" m_b="0.000000" m_c="0.000000" m_d="11.250000" m_tx="0.000000" m_ty="-111.000000"/>
  </frame>
  <frame idx="2050" w="918" h="1054" x="433.333374" y="317.833374">
   <element name="images" layername="open" frame="0" z_index="3" m_a="1.000000" m_b="0.000000" m_c="0.000000" m_d="1.000000" m_tx="0.000000" m_ty="0.000000"/>
   <element name="images" layername="point" frame="1" z_index="4" m_a="11.166667" m_b="0.000000" m_c="0.000000" m_d="11.166667" m_tx="0.000000" m_ty="-111.000000"/>
  </frame>
  <frame idx="2075" w="913" h="1050" x="429.166626" y="313.666626">
   <element name="images" layername="open" frame="0" z_index="3" m_a="1.000000" m_b="0.000000" m_c="0.000000" m_d="1.000000" m_tx="0.000000" m_ty="0.000000"/>
   <element name="images" layername="point" frame="1" z_index="4" m_a="11.083333" m_b="0.000000" m_c="0.000000" m_d="11.083333" m_tx="0.000000" m_ty="-111.000000"/>
  </frame>
  <frame idx="2100" w="908" h="1045" x="425.000000" y="309.500000">
   <element name="images" layername="open" frame="0" z_index="3" m_a="1.000000" m_b="0.000000" m_c="0.000000" m_d="1.000000" m_tx="0.000000" m_ty="0.000000"/>
   <element name="images" layername="point" frame="1" z_index="4" m_a="11.000000" m_b="0.000000" m_c="0.000000" m_d="11.000000" m_tx="0.000000" m_ty="-111.000000"/>
  </frame>
  <frame idx="2125" w="904" h="1041" x="420.833374" y="305.333374">
   <element name="images" layername="open" frame="0" z_index="3" m_a="1.000000" m_b="0.000000" m_c="0.000000" m_d="1.000000" m_tx="0.000000" m_ty="0.000000"/>
   <element name="images" layername="point" frame="1" z_index="4" m_a="10.916667" m_b="0.000000" m_c="0.000000" m_d="10.916667" m_tx="0.000000" m_ty="-111.000000"/>
  </frame>
  <frame idx="2150" w="899" h="1037" x="416.666626" y="301.166626">
   <element name="images" layername="open" frame="0" z_index="3" m_a="1.000000" m_b="0.000000" m_c="0.000000" m_d="1.000000" m_tx="0.000000" m_ty="0.000000"/>
   <element name="images" layername="point" frame="1" z_index="4" m_a="10.833333" m_b="0.000000" m_c="0.000000" m_d="10.833333" m_tx="0.000000" m_ty="-111.000000"/>
  </frame>
  <frame idx="2175" w="895" h="1031" x="412.500000" y="297.000000">
   <element name="images" layername="open" frame="0" z_index="3" m_a="1.000000" m_b="0.000000" m_c="0.000000" m_d="1.000000" m_tx="0.000000" m_ty="0.000000"/>
   <element name="images" layername="point" frame="1" z_index="4" m_a="10.750000" m_b="0.000000" m_c="0.000000" m_d="10.750000" m_tx="0.000000" m_ty="-111.000000"/>
  </frame>
  <frame idx="2200" w="890" h="1027" x="408.333374" y="292.833374">
   <element name="images" layername="open" frame="0" z_index="3" m_a="1.000000" m_b="0.000000" m_c="0.000000" m_d="1.000000" m_tx="0.000000" m_ty="0.000000"/>
   <element name="images" layername="point" frame="1" z_index="4" m_a="10.666667" m_b="0.000000" m_c="0.000000" m_d="10.666667" m_tx="0.000000" m_ty="-111.000000"/>
  </frame>
  <frame idx="2225" w="886" h="1022" x="404.166687" y="288.666687">
   <element name="images" layername="open" frame="0" z_index="3" m_a="1.000000" m_b="0.000000" m_c="0.000000" m_d="1.000000" m_tx="0.000000" m_ty="0.000000"/>
   <element name="images" layername="point" frame="1" z_index="4" m_a="10.583334" m_b="0.000000" m_c="0.000000" m_d="10.583334" m_tx="0.000000" m_ty="-111.000000"/>
  </frame>
  <frame idx="2250" w="880" h="1018" x="400.000000" y="284.500000">
   <element name="images" layername="open" frame="0" z_index="3" m_a="1.000000" m_b="0.000000" m_c="0.000000" m_d="1.000000" m_tx="0.000000" m_ty="0.000000"/>
   <element name="images" layername="point" frame="1" z_index="4" m_a="10.500000" m_b="0.000000" m_c="0.000000" m_d="10.500000" m_tx="0.000000" m_ty="-111.000000"/>
  </frame>
  <frame idx="2275" w="876" h="1014" x="395.833374" y="280.333374">
   <element name="images" layername="open" frame="0" z_index="3" m_a="1.000000" m_b="0.000000" m_c="0.000000" m_d="1.000000" m_tx="0.000000" m_ty="0.000000"/>
   <element name="images" layername="point" frame="1" z_index="4" m_a="10.416667" m_b="0.000000" m_c="0.000000" m_d="10.416667" m_tx="0.000000" m_ty="-111.000000"/>
  </frame>
  <frame idx="2300" w="872" h="1009" x="391.666626" y="276.166626">
   <element name="images" layername="open" frame="0" z_index="3" m_a="1.000000" m_b="0.000000" m_c="0.000000" m_d="1.000000" m_tx="0.000000" m_ty="0.000000"/>
   <element name="images" layername="point" frame="1" z_index="4" m_a="10.333333" m_b="0.000000" m_c="0.000000" m_d="10.333333" m_tx="0.000000" m_ty="-111.000000"/>
  </frame>
  <frame idx="2325" w="867" h="1004" x="387.500000" y="272.000000">
   <element name="images" layername="open" frame="0" z_index="3" m_a="1.000000" m_b="0.000000" m_c="0.000000" m_d="1.000000" m_tx="0.000000" m_ty="0.000000"/>
   <element name="images" layername="point" frame="1" z_index="4" m_a="10.250000" m_b="0.000000" m_c="0.000000" m_d="10.250000" m_tx="0.000000" m_ty="-111.000000"/>
  </frame>
  <frame idx="2350" w="863" h="999" x="383.333374" y="267.833374">
   <element name="images" layername="open" frame="0" z_index="3" m_a="1.000000" m_b="0.000000" m_c="0.000000" m_d="1.000000" m_tx="0.000000" m_ty="0.000000"/>
   <element name="images" layername="point" frame="1" z_index="4" m_a="10.166667" m_b="0.000000" m_c="0.000000" m_d="10.166667" m_tx="0.000000" m_ty="-111.000000"/>
  </frame>
  <frame idx="2375" w="858" h="995" x="379.166687" y="263.666687">
   <element name="images" layername="open" frame="0" z_index="3" m_a="1.000000" m_b="0.000000" m_c="0.000000" m_d="1.000000" m_tx="0.000000" m_ty="0.000000"/>
   <element name="images" layername="point" frame="1" z_index="4" m_a="10.083334" m_b="0.000000" m_c="0.000000" m_d="10.083334" m_tx="0.000000" m_ty="-111.000000"/>
  </frame>
  <frame idx="2400" w="853" h="990" x="375.000000" y="259.500000">
   <element name="images" layername="open" frame="0" z_index="3" m_a="1.000000" m_b="0.000000" m_c="0.000000" m_d="1.000000" m_tx="0.000000" m_ty="0.000000"/>
   <element name="images" layername="point" frame="1" z_index="4" m_a="10.000000" m_b="0.000000" m_c="0.000000" m_d="10.000000" m_tx="0.000000" m_ty="-111.000000"/>
  </frame>
  <frame idx="2425" w="849" h="986" x="370.833313" y="255.333313">
   <element name="images" layername="open" frame="0" z_index="3" m_a="1.000000" m_b="0.000000" m_c="0.000000" m_d="1.000000" m_tx="0.000000" m_ty="0.000000"/>
   <element name="images" layername="point" frame="1" z_index="4" m_a="9.916666" m_b="0.000000" m_c="0.000000" m_d="9.916666" m_tx="0.000000" m_ty="-111.000000"/>
  </frame>
  <frame idx="2450" w="844" h="982" x="366.666687" y="251.166687">
   <element name="images" layername="open" frame="0" z_index="3" m_a="1.000000" m_b="0.000000" m_c="0.000000" m_d="1.000000" m_tx="0.000000" m_ty="0.000000"/>
   <element name="images" layername="point" frame="1" z_index="4" m_a="9.833334" m_b="0.000000" m_c="0.000000" m_d="9.833334" m_tx="0.000000" m_ty="-111.000000"/>
  </frame>
  <frame idx="2475" w="840" h="976" x="362.500000" y="247.000000">
   <element name="images" layername="open" frame="0" z_index="3" m_a="1.000000" m_b="0.000000" m_c="0.000000" m_d="1.000000" m_tx="0.000000" m_ty="0.000000"/>
   <element name="images" layername="point" frame="1" z_index="4" m_a="9.750000" m_b="0.000000" m_c="0.000000" m_d="9.750000" m_tx="0.000000" m_ty="-111.000000"/>
  </frame>
  <frame idx="2500" w="835" h="972" x="358.333313" y="242.833313">
   <element name="images" layername="open" frame="0" z_index="3" m_a="1.000000" m_b="0.000000" m_c="0.000000" m_d="1.000000" m_tx="0.000000" m_ty="0.000000"/>
   <element name="images" layername="point" frame="1" z_index="4" m_a="9.666666" m_b="0.000000" m_c="0.000000" m_d="9.666666" m_tx="0.000000" m_ty="-111.000000"/>
  </frame>
  <frame idx="2525" w="831" h="967" x="354.166626" y="238.666626">
   <element name="images" layername="open" frame="0" z_index="3" m_a="1.000000" m_b="0.000000" m_c="0.000000" m_d="1.000000" m_tx="0.000000" m_ty="0.000000"/>
   <element name="images" layername="point" frame="1" z_index="4" m_a="9.583333" m_b="0.000000" m_c="0.000000" m_d="9.583333" m_tx="0.000000" m_ty="-111.000000"/>
  </frame>
  <frame idx="2550" w="825" h="963" x="350.000000" y="234.500000">
   <element name="images" layername="open" frame="0" z_index="3" m_a="1.000000" m_b="0.000000" m_c="0.000000" m_d="1.000000" m_tx="0.000000" m_ty="0.000000"/>
   <element name="images" layername="point" frame="1" z_index="4" m_a="9.500000" m_b="0.000000" m_c="0.000000" m_d="9.500000" m_tx="0.000000" m_ty="-111.000000"/>
  </frame>
  <frame idx="2575" w="821" h="959" x="345.833374" y="230.333374">
   <element name="images" layername="open" frame="0" z_index="3" m_a="1.000000" m_b="0.000000" m_c="0.000000" m_d="1.000000" m_tx="0.000000" m_ty="0.000000"/>
   <element name="images" layername="point" frame="1" z_index="4" m_a="9.416667" m_b="0.000000" m_c="0.000000" m_d="9.416667" m_tx="0.000000" m_ty="-111.000000"/>
  </frame>
  <frame idx="2600" w="817" h="954" x="341.666626" y="226.166626">
   <element name="images" layername="open" frame="0" z_index="3" m_a="1.000000" m_b="0.000000" m_c="0.000000" m_d="1.000000" m_tx="0.000000" m_ty="0.000000"/>
   <element name="images" layername="point" frame="1" z_index="4" m_a="9.333333" m_b="0.000000" m_c="0.000000" m_d="9.333333" m_tx="0.000000" m_ty="-111.000000"/>
  </frame>
  <frame idx="2625" w="812" h="949" x="337.500000" y="222.000000">
   <element name="images" layername="open" frame="0" z_index="3" m_a="1.000000" m_b="0.000000" m_c="0.000000" m_d="1.000000" m_tx="0.000000" m_ty="0.000000"/>
   <element name="images" layername="point" frame="1" z_index="4" m_a="9.250000" m_b="0.000000" m_c="0.000000" m_d="9.250000" m_tx="0.000000" m_ty="-111.000000"/>
  </frame>
  <frame idx="2650" w="808" h="944" x="333.333374" y="217.833374">
   <element name="images" layername="open" frame="0" z_index="3" m_a="1.000000" m_b="0.000000" m_c="0.000000" m_d="1.000000" m_tx="0.000000" m_ty="0.000000"/>
   <element name="images" layername="point" frame="1" z_index="4" m_a="9.166667" m_b="0.000000" m_c="0.000000" m_d="9.166667" m_tx="0.000000" m_ty="-111.000000"/>
  </frame>
  <frame idx="2675" w="803" h="940" x="329.166626" y="213.666626">
   <element name="images" layername="open" frame="0" z_index="3" m_a="1.000000" m_b="0.000000" m_c="0.000000" m_d="1.000000" m_tx="0.000000" m_ty="0.000000"/>
   <element name="images" layername="point" frame="1" z_index="4" m_a="9.083333" m_b="0.000000" m_c="0.000000" m_d="9.083333" m_tx="0.000000" m_ty="-111.000000"/>
  </frame>
  <frame idx="2700" w="798" h="935" x="325.000000" y="209.500000">
   <element name="images" layername="open" frame="0" z_index="3" m_a="1.000000" m_b="0.000000" m_c="0.000000" m_d="1.000000" m_tx="0.000000" m_ty="0.000000"/>
   <element name="images" layername="point" frame="1" z_index="4" m_a="9.000000" m_b="0.000000" m_c="0.000000" m_d="9.000000" m_tx="0.000000" m_ty="-111.000000"/>
  </frame>
  <frame idx="2725" w="794" h="931" x="320.833313" y="205.333313">
   <element name="images" layername="open" frame="0" z_index="3" m_a="1.000000" m_b="0.000000" m_c="0.000000" m_d="1.000000" m_tx="0.000000" m_ty="0.000000"/>
   <element name="images" layername="point" frame="1" z_index="4" m_a="8.916666" m_b="0.000000" m_c="0.000000" m_d="8.916666" m_tx="0.000000" m_ty="-111.000000"/>
  </frame>
  <frame idx="2750" w="789" h="927" x="316.666687" y="201.166687">
   <element name="images" layername="open" frame="0" z_index="3" m_a="1.000000" m_b="0.000000" m_c="0.000000" m_d="1.000000" m_tx="0.000000" m_ty="0.000000"/>
   <element name="images" layername="point" frame="1" z_index="4" m_a="8.833334" m_b="0.000000" m_c="0.000000" m_d="8.833334" m_tx="0.000000" m_ty="-111.000000"/>
  </frame>
  <frame idx="2775" w="785" h="921" x="312.500000" y="197.000000">
   <element name="images" layername="open" frame="0" z_index="3" m_a="1.000000" m_b="0.000000" m_c="0.000000" m_d="1.000000" m_tx="0.000000" m_ty="0.000000"/>
   <element name="images" layername="point" frame="1" z_index="4" m_a="8.750000" m_b="0.000000" m_c="0.000000" m_d="8.750000" m_tx="0.000000" m_ty="-111.000000"/>
  </frame>
  <frame idx="2800" w="780" h="917" x="308.333313" y="192.833313">
   <element name="images" layername="open" frame="0" z_index="3" m_a="1.000000" m_b="0.000000" m_c="0.000000" m_d="1.000000" m_tx="0.000000" m_ty="0.000000"/>
   <element name="images" layername="point" frame="1" z_index="4" m_a="8.666666" m_b="0.000000" m_c="0.000000" m_d="8.666666" m_tx="0.000000" m_ty="-111.000000"/>
  </frame>
  <frame idx="2825" w="776" h="912" x="304.166687" y="188.666687">
   <element name="images" layername="open" frame="0" z_index="3" m_a="1.000000" m_b="0.000000" m_c="0.000000" m_d="1.000000" m_tx="0.000000" m_ty="0.000000"/>
   <element name="images" layername="point" frame="1" z_index="4" m_a="8.583334" m_b="0.000000" m_c="0.000000" m_d="8.583334" m_tx="0.000000" m_ty="-111.000000"/>
  </frame>
  <frame idx="2850" w="770" h="908" x="300.000000" y="184.500000">
   <element name="images" layername="open" frame="0" z_index="3" m_a="1.000000" m_b="0.000000" m_c="0.000000" m_d="1.000000" m_tx="0.000000" m_ty="0.000000"/>
   <element name="images" layername="point" frame="1" z_index="4" m_a="8.500000" m_b="0.000000" m_c="0.000000" m_d="8.500000" m_tx="0.000000" m_ty="-111.000000"/>
  </frame>
  <frame idx="2875" w="766" h="904" x="295.833313" y="180.333313">
   <element name="images" layername="open" frame="0" z_index="3" m_a="1.000000" m_b="0.000000" m_c="0.000000" m_d="1.000000" m_tx="0.000000" m_ty="0.000000"/>
   <element name="images" layername="point" frame="1" z_index="4" m_a="8.416666" m_b="0.000000" m_c="0.000000" m_d="8.416666" m_tx="0.000000" m_ty="-111.000000"/>
  </frame>
  <frame idx="2900" w="762" h="899" x="291.666687" y="176.166687">
   <element name="images" layername="open" frame="0" z_index="3" m_a="1.000000" m_b="0.000000" m_c="0.000000" m_d="1.000000" m_tx="0.000000" m_ty="0.000000"/>
   <element name="images" layername="point" frame="1" z_index="4" m_a="8.333334" m_b="0.000000" m_c="0.000000" m_d="8.333334" m_tx="0.000000" m_ty="-111.000000"/>
  </frame>
  <frame idx="2925" w="757" h="894" x="287.500000" y="172.000000">
   <element name="images" layername="open" frame="0" z_index="3" m_a="1.000000" m_b="0.000000" m_c="0.000000" m_d="1.000000" m_tx="0.000000" m_ty="0.000000"/>
   <element name="images" layername="point" frame="1" z_index="4" m_a="8.250000" m_b="0.000000" m_c="0.000000" m_d="8.250000" m_tx="0.000000" m_ty="-111.000000"/>
  </frame>
  <frame idx="2950" w="753" h="889" x="283.333344" y="167.833344">
   <element name="images" layername="open" frame="0" z_index="3" m_a="1.000000" m_b="0.000000" m_c="0.000000" m_d="1.000000" m_tx="0.000000" m_ty="0.000000"/>
   <element name="images" layername="point" frame="1" z_index="4" m_a="8.166667" m_b="0.000000" m_c="0.000000" m_d="8.166667" m_tx="0.000000" m_ty="-111.000000"/>
  </frame>
  <frame idx="2975" w="748" h="885" x="279.166656" y="163.666656">
   <element name="images" layername="open" frame="0" z_index="3" m_a="1.000000" m_b="0.000000" m_c="0.000000" m_d="1.000000" m_tx="0.000000" m_ty="0.000000"/>
   <element name="images" layername="point" frame="1" z_index="4" m_a="8.083333" m_b="0.000000" m_c="0.000000" m_d="8.083333" m_tx="0.000000" m_ty="-111.000000"/>
  </frame>
 </anim>
 <anim name="close" root="zxbubblelight" numframes="1000" framerate="40">
  <frame idx="0" w="440" h="572" x="0.000000" y="-120.000000">
   <element name="images" layername="close" frame="2" z_index="4" m_a="1.000000" m_b="0.000000" m_c="0.000000" m_d="1.000000" m_tx="0.000000" m_ty="0.000000"/>
   <element name="images" layername="close" frame="2" z_index="4" m_a="1.000000" m_b="0.000000" m_c="0.000000" m_d="1.000000" m_tx="0.000000" m_ty="0.000000"/>
  </frame>
  <frame idx="25" w="440" h="572" x="0.000000" y="-120.000000">
   <element name="images" layername="close" frame="2" z_index="4" m_a="1.000000" m_b="0.000000" m_c="0.000000" m_d="1.000000" m_tx="0.000000" m_ty="0.000000"/>
   <element name="images" layername="close" frame="2" z_index="4" m_a="1.000000" m_b="0.000000" m_c="0.000000" m_d="1.000000" m_tx="0.000000" m_ty="0.000000"/>
  </frame>
  <frame idx="50" w="440" h="572" x="0.000000" y="-120.000000">
   <element name="images" layername="close" frame="2" z_index="4" m_a="1.000000" m_b="0.000000" m_c="0.000000" m_d="1.000000" m_tx="0.000000" m_ty="0.000000"/>
   <element name="images" layername="close" frame="2" z_index="4" m_a="1.000000" m_b="0.000000" m_c="0.000000" m_d="1.000000" m_tx="0.000000" m_ty="0.000000"/>
  </frame>
  <frame idx="75" w="440" h="572" x="0.000000" y="-120.000000">
   <element name="images" layername="close" frame="2" z_index="4" m_a="1.000000" m_b="0.000000" m_c="0.000000" m_d="1.000000" m_tx="0.000000" m_ty="0.000000"/>
   <element name="images" layername="close" frame="2" z_index="4" m_a="1.000000" m_b="0.000000" m_c="0.000000" m_d="1.000000" m_tx="0.000000" m_ty="0.000000"/>
  </frame>
  <frame idx="100" w="440" h="572" x="0.000000" y="-120.000000">
   <element name="images" layername="close" frame="2" z_index="4" m_a="1.000000" m_b="0.000000" m_c="0.000000" m_d="1.000000" m_tx="0.000000" m_ty="0.000000"/>
   <element name="images" layername="close" frame="2" z_index="4" m_a="1.000000" m_b="0.000000" m_c="0.000000" m_d="1.000000" m_tx="0.000000" m_ty="0.000000"/>
  </frame>
  <frame idx="125" w="440" h="572" x="0.000000" y="-120.000000">
   <element name="images" layername="close" frame="2" z_index="4" m_a="1.000000" m_b="0.000000" m_c="0.000000" m_d="1.000000" m_tx="0.000000" m_ty="0.000000"/>
   <element name="images" layername="close" frame="2" z_index="4" m_a="1.000000" m_b="0.000000" m_c="0.000000" m_d="1.000000" m_tx="0.000000" m_ty="0.000000"/>
  </frame>
  <frame idx="150" w="440" h="572" x="0.000000" y="-120.000000">
   <element name="images" layername="close" frame="2" z_index="4" m_a="1.000000" m_b="0.000000" m_c="0.000000" m_d="1.000000" m_tx="0.000000" m_ty="0.000000"/>
   <element name="images" layername="close" frame="2" z_index="4" m_a="1.000000" m_b="0.000000" m_c="0.000000" m_d="1.000000" m_tx="0.000000" m_ty="0.000000"/>
  </frame>
  <frame idx="175" w="440" h="572" x="0.000000" y="-120.000000">
   <element name="images" layername="close" frame="2" z_index="4" m_a="1.000000" m_b="0.000000" m_c="0.000000" m_d="1.000000" m_tx="0.000000" m_ty="0.000000"/>
   <element name="images" layername="close" frame="2" z_index="4" m_a="1.000000" m_b="0.000000" m_c="0.000000" m_d="1.000000" m_tx="0.000000" m_ty="0.000000"/>
  </frame>
  <frame idx="200" w="440" h="572" x="0.000000" y="-120.000000">
   <element name="images" layername="close" frame="2" z_index="4" m_a="1.000000" m_b="0.000000" m_c="0.000000" m_d="1.000000" m_tx="0.000000" m_ty="0.000000"/>
   <element name="images" layername="close" frame="2" z_index="4" m_a="1.000000" m_b="0.000000" m_c="0.000000" m_d="1.000000" m_tx="0.000000" m_ty="0.000000"/>
  </frame>
  <frame idx="225" w="440" h="572" x="0.000000" y="-120.000000">
   <element name="images" layername="close" frame="2" z_index="4" m_a="1.000000" m_b="0.000000" m_c="0.000000" m_d="1.000000" m_tx="0.000000" m_ty="0.000000"/>
   <element name="images" layername="close" frame="2" z_index="4" m_a="1.000000" m_b="0.000000" m_c="0.000000" m_d="1.000000" m_tx="0.000000" m_ty="0.000000"/>
  </frame>
  <frame idx="250" w="440" h="572" x="0.000000" y="-120.000000">
   <element name="images" layername="close" frame="2" z_index="4" m_a="1.000000" m_b="0.000000" m_c="0.000000" m_d="1.000000" m_tx="0.000000" m_ty="0.000000"/>
   <element name="images" layername="close" frame="2" z_index="4" m_a="1.000000" m_b="0.000000" m_c="0.000000" m_d="1.000000" m_tx="0.000000" m_ty="0.000000"/>
  </frame>
  <frame idx="275" w="440" h="572" x="0.000000" y="-120.000000">
   <element name="images" layername="close" frame="2" z_index="4" m_a="1.000000" m_b="0.000000" m_c="0.000000" m_d="1.000000" m_tx="0.000000" m_ty="0.000000"/>
   <element name="images" layername="close" frame="2" z_index="4" m_a="1.000000" m_b="0.000000" m_c="0.000000" m_d="1.000000" m_tx="0.000000" m_ty="0.000000"/>
  </frame>
  <frame idx="300" w="440" h="572" x="0.000000" y="-120.000000">
   <element name="images" layername="close" frame="2" z_index="4" m_a="1.000000" m_b="0.000000" m_c="0.000000" m_d="1.000000" m_tx="0.000000" m_ty="0.000000"/>
   <element name="images" layername="close" frame="2" z_index="4" m_a="1.000000" m_b="0.000000" m_c="0.000000" m_d="1.000000" m_tx="0.000000" m_ty="0.000000"/>
  </frame>
  <frame idx="325" w="440" h="572" x="0.000000" y="-120.000000">
   <element name="images" layername="close" frame="2" z_index="4" m_a="1.000000" m_b="0.000000" m_c="0.000000" m_d="1.000000" m_tx="0.000000" m_ty="0.000000"/>
   <element name="images" layername="close" frame="2" z_index="4" m_a="1.000000" m_b="0.000000" m_c="0.000000" m_d="1.000000" m_tx="0.000000" m_ty="0.000000"/>
  </frame>
  <frame idx="350" w="440" h="572" x="0.000000" y="-120.000000">
   <element name="images" layername="close" frame="2" z_index="4" m_a="1.000000" m_b="0.000000" m_c="0.000000" m_d="1.000000" m_tx="0.000000" m_ty="0.000000"/>
   <element name="images" layername="close" frame="2" z_index="4" m_a="1.000000" m_b="0.000000" m_c="0.000000" m_d="1.000000" m_tx="0.000000" m_ty="0.000000"/>
  </frame>
  <frame idx="375" w="440" h="572" x="0.000000" y="-120.000000">
   <element name="images" layername="close" frame="2" z_index="4" m_a="1.000000" m_b="0.000000" m_c="0.000000" m_d="1.000000" m_tx="0.000000" m_ty="0.000000"/>
   <element name="images" layername="close" frame="2" z_index="4" m_a="1.000000" m_b="0.000000" m_c="0.000000" m_d="1.000000" m_tx="0.000000" m_ty="0.000000"/>
  </frame>
  <frame idx="400" w="440" h="572" x="0.000000" y="-120.000000">
   <element name="images" layername="close" frame="2" z_index="4" m_a="1.000000" m_b="0.000000" m_c="0.000000" m_d="1.000000" m_tx="0.000000" m_ty="0.000000"/>
   <element name="images" layername="close" frame="2" z_index="4" m_a="1.000000" m_b="0.000000" m_c="0.000000" m_d="1.000000" m_tx="0.000000" m_ty="0.000000"/>
  </frame>
  <frame idx="425" w="440" h="572" x="0.000000" y="-120.000000">
   <element name="images" layername="close" frame="2" z_index="4" m_a="1.000000" m_b="0.000000" m_c="0.000000" m_d="1.000000" m_tx="0.000000" m_ty="0.000000"/>
   <element name="images" layername="close" frame="2" z_index="4" m_a="1.000000" m_b="0.000000" m_c="0.000000" m_d="1.000000" m_tx="0.000000" m_ty="0.000000"/>
  </frame>
  <frame idx="450" w="440" h="572" x="0.000000" y="-120.000000">
   <element name="images" layername="close" frame="2" z_index="4" m_a="1.000000" m_b="0.000000" m_c="0.000000" m_d="1.000000" m_tx="0.000000" m_ty="0.000000"/>
   <element name="images" layername="close" frame="2" z_index="4" m_a="1.000000" m_b="0.000000" m_c="0.000000" m_d="1.000000" m_tx="0.000000" m_ty="0.000000"/>
  </frame>
  <frame idx="475" w="440" h="572" x="0.000000" y="-120.000000">
   <element name="images" layername="close" frame="2" z_index="4" m_a="1.000000" m_b="0.000000" m_c="0.000000" m_d="1.000000" m_tx="0.000000" m_ty="0.000000"/>
   <element name="images" layername="close" frame="2" z_index="4" m_a="1.000000" m_b="0.000000" m_c="0.000000" m_d="1.000000" m_tx="0.000000" m_ty="0.000000"/>
  </frame>
  <frame idx="500" w="440" h="572" x="0.000000" y="-120.000000">
   <element name="images" layername="close" frame="2" z_index="4" m_a="1.000000" m_b="0.000000" m_c="0.000000" m_d="1.000000" m_tx="0.000000" m_ty="0.000000"/>
   <element name="images" layername="close" frame="2" z_index="4" m_a="1.000000" m_b="0.000000" m_c="0.000000" m_d="1.000000" m_tx="0.000000" m_ty="0.000000"/>
  </frame>
  <frame idx="525" w="440" h="572" x="0.000000" y="-120.000000">
   <element name="images" layername="close" frame="2" z_index="4" m_a="1.000000" m_b="0.000000" m_c="0.000000" m_d="1.000000" m_tx="0.000000" m_ty="0.000000"/>
   <element name="images" layername="close" frame="2" z_index="4" m_a="1.000000" m_b="0.000000" m_c="0.000000" m_d="1.000000" m_tx="0.000000" m_ty="0.000000"/>
  </frame>
  <frame idx="550" w="440" h="572" x="0.000000" y="-120.000000">
   <element name="images" layername="close" frame="2" z_index="4" m_a="1.000000" m_b="0.000000" m_c="0.000000" m_d="1.000000" m_tx="0.000000" m_ty="0.000000"/>
   <element name="images" layername="close" frame="2" z_index="4" m_a="1.000000" m_b="0.000000" m_c="0.000000" m_d="1.000000" m_tx="0.000000" m_ty="0.000000"/>
  </frame>
  <frame idx="575" w="440" h="572" x="0.000000" y="-120.000000">
   <element name="images" layername="close" frame="2" z_index="4" m_a="1.000000" m_b="0.000000" m_c="0.000000" m_d="1.000000" m_tx="0.000000" m_ty="0.000000"/>
   <element name="images" layername="close" frame="2" z_index="4" m_a="1.000000" m_b="0.000000" m_c="0.000000" m_d="1.000000" m_tx="0.000000" m_ty="0.000000"/>
  </frame>
  <frame idx="600" w="440" h="572" x="0.000000" y="-120.000000">
   <element name="images" layername="close" frame="2" z_index="4" m_a="1.000000" m_b="0.000000" m_c="0.000000" m_d="1.000000" m_tx="0.000000" m_ty="0.000000"/>
   <element name="images" layername="close" frame="2" z_index="4" m_a="1.000000" m_b="0.000000" m_c="0.000000" m_d="1.000000" m_tx="0.000000" m_ty="0.000000"/>
  </frame>
  <frame idx="625" w="440" h="572" x="0.000000" y="-120.000000">
   <element name="images" layername="close" frame="2" z_index="4" m_a="1.000000" m_b="0.000000" m_c="0.000000" m_d="1.000000" m_tx="0.000000" m_ty="0.000000"/>
   <element name="images" layername="close" frame="2" z_index="4" m_a="1.000000" m_b="0.000000" m_c="0.000000" m_d="1.000000" m_tx="0.000000" m_ty="0.000000"/>
  </frame>
  <frame idx="650" w="440" h="572" x="0.000000" y="-120.000000">
   <element name="images" layername="close" frame="2" z_index="4" m_a="1.000000" m_b="0.000000" m_c="0.000000" m_d="1.000000" m_tx="0.000000" m_ty="0.000000"/>
   <element name="images" layername="close" frame="2" z_index="4" m_a="1.000000" m_b="0.000000" m_c="0.000000" m_d="1.000000" m_tx="0.000000" m_ty="0.000000"/>
  </frame>
  <frame idx="675" w="440" h="572" x="0.000000" y="-120.000000">
   <element name="images" layername="close" frame="2" z_index="4" m_a="1.000000" m_b="0.000000" m_c="0.000000" m_d="1.000000" m_tx="0.000000" m_ty="0.000000"/>
   <element name="images" layername="close" frame="2" z_index="4" m_a="1.000000" m_b="0.000000" m_c="0.000000" m_d="1.000000" m_tx="0.000000" m_ty="0.000000"/>
  </frame>
  <frame idx="700" w="440" h="572" x="0.000000" y="-120.000000">
   <element name="images" layername="close" frame="2" z_index="4" m_a="1.000000" m_b="0.000000" m_c="0.000000" m_d="1.000000" m_tx="0.000000" m_ty="0.000000"/>
   <element name="images" layername="close" frame="2" z_index="4" m_a="1.000000" m_b="0.000000" m_c="0.000000" m_d="1.000000" m_tx="0.000000" m_ty="0.000000"/>
  </frame>
  <frame idx="725" w="440" h="572" x="0.000000" y="-120.000000">
   <element name="images" layername="close" frame="2" z_index="4" m_a="1.000000" m_b="0.000000" m_c="0.000000" m_d="1.000000" m_tx="0.000000" m_ty="0.000000"/>
   <element name="images" layername="close" frame="2" z_index="4" m_a="1.000000" m_b="0.000000" m_c="0.000000" m_d="1.000000" m_tx="0.000000" m_ty="0.000000"/>
  </frame>
  <frame idx="750" w="440" h="572" x="0.000000" y="-120.000000">
   <element name="images" layername="close" frame="2" z_index="4" m_a="1.000000" m_b="0.000000" m_c="0.000000" m_d="1.000000" m_tx="0.000000" m_ty="0.000000"/>
   <element name="images" layername="close" frame="2" z_index="4" m_a="1.000000" m_b="0.000000" m_c="0.000000" m_d="1.000000" m_tx="0.000000" m_ty="0.000000"/>
  </frame>
  <frame idx="775" w="440" h="572" x="0.000000" y="-120.000000">
   <element name="images" layername="close" frame="2" z_index="4" m_a="1.000000" m_b="0.000000" m_c="0.000000" m_d="1.000000" m_tx="0.000000" m_ty="0.000000"/>
   <element name="images" layername="close" frame="2" z_index="4" m_a="1.000000" m_b="0.000000" m_c="0.000000" m_d="1.000000" m_tx="0.000000" m_ty="0.000000"/>
  </frame>
  <frame idx="800" w="440" h="572" x="0.000000" y="-120.000000">
   <element name="images" layername="close" frame="2" z_index="4" m_a="1.000000" m_b="0.000000" m_c="0.000000" m_d="1.000000" m_tx="0.000000" m_ty="0.000000"/>
   <element name="images" layername="close" frame="2" z_index="4" m_a="1.000000" m_b="0.000000" m_c="0.000000" m_d="1.000000" m_tx="0.000000" m_ty="0.000000"/>
  </frame>
  <frame idx="825" w="440" h="572" x="0.000000" y="-120.000000">
   <element name="images" layername="close" frame="2" z_index="4" m_a="1.000000" m_b="0.000000" m_c="0.000000" m_d="1.000000" m_tx="0.000000" m_ty="0.000000"/>
   <element name="images" layername="close" frame="2" z_index="4" m_a="1.000000" m_b="0.000000" m_c="0.000000" m_d="1.000000" m_tx="0.000000" m_ty="0.000000"/>
  </frame>
  <frame idx="850" w="440" h="572" x="0.000000" y="-120.000000">
   <element name="images" layername="close" frame="2" z_index="4" m_a="1.000000" m_b="0.000000" m_c="0.000000" m_d="1.000000" m_tx="0.000000" m_ty="0.000000"/>
   <element name="images" layername="close" frame="2" z_index="4" m_a="1.000000" m_b="0.000000" m_c="0.000000" m_d="1.000000" m_tx="0.000000" m_ty="0.000000"/>
  </frame>
  <frame idx="875" w="440" h="572" x="0.000000" y="-120.000000">
   <element name="images" layername="close" frame="2" z_index="4" m_a="1.000000" m_b="0.000000" m_c="0.000000" m_d="1.000000" m_tx="0.000000" m_ty="0.000000"/>
   <element name="images" layername="close" frame="2" z_index="4" m_a="1.000000" m_b="0.000000" m_c="0.000000" m_d="1.000000" m_tx="0.000000" m_ty="0.000000"/>
  </frame>
  <frame idx="900" w="440" h="572" x="0.000000" y="-120.000000">
   <element name="images" layername="close" frame="2" z_index="4" m_a="1.000000" m_b="0.000000" m_c="0.000000" m_d="1.000000" m_tx="0.000000" m_ty="0.000000"/>
   <element name="images" layername="close" frame="2" z_index="4" m_a="1.000000" m_b="0.000000" m_c="0.000000" m_d="1.000000" m_tx="0.000000" m_ty="0.000000"/>
  </frame>
  <frame idx="925" w="440" h="572" x="0.000000" y="-120.000000">
   <element name="images" layername="close" frame="2" z_index="4" m_a="1.000000" m_b="0.000000" m_c="0.000000" m_d="1.000000" m_tx="0.000000" m_ty="0.000000"/>
   <element name="images" layername="close" frame="2" z_index="4" m_a="1.000000" m_b="0.000000" m_c="0.000000" m_d="1.000000" m_tx="0.000000" m_ty="0.000000"/>
  </frame>
  <frame idx="950" w="440" h="572" x="0.000000" y="-120.000000">
   <element name="images" layername="close" frame="2" z_index="4" m_a="1.000000" m_b="0.000000" m_c="0.000000" m_d="1.000000" m_tx="0.000000" m_ty="0.000000"/>
   <element name="images" layername="close" frame="2" z_index="4" m_a="1.000000" m_b="0.000000" m_c="0.000000" m_d="1.000000" m_tx="0.000000" m_ty="0.000000"/>
  </frame>
  <frame idx="975" w="440" h="572" x="0.000000" y="-120.000000">
   <element name="images" layername="close" frame="2" z_index="4" m_a="1.000000" m_b="0.000000" m_c="0.000000" m_d="1.000000" m_tx="0.000000" m_ty="0.000000"/>
   <element name="images" layername="close" frame="2" z_index="4" m_a="1.000000" m_b="0.000000" m_c="0.000000" m_d="1.000000" m_tx="0.000000" m_ty="0.000000"/>
  </frame>
 </anim>
</Anims>
