<Anims>
 <anim name="idle_1" root="zan_light" numframes="150" framerate="40">
  <frame idx="0" w="266" h="374" x="8.300407" y="-61.123230">
   <element name="zan_light" layername="light" frame="0" z_index="2" m_a="0.760374" m_b="0.649485" m_c="-0.998560" m_d="1.169047" m_tx="119.000000" m_ty="-96.000000"/>
  </frame>
  <frame idx="25" w="461" h="267" x="-110.337463" y="-21.875290">
   <element name="zan_light" layername="light" frame="0" z_index="2" m_a="0.528705" m_b="0.848805" m_c="-1.342447" m_d="0.836185" m_tx="42.437500" m_ty="-27.250000"/>
  </frame>
  <frame idx="50" w="489" h="213" x="-146.047180" y="-22.386871">
   <element name="zan_light" layername="light" frame="1" z_index="2" m_a="0.402465" m_b="0.915436" m_c="-1.323206" m_d="0.581738" m_tx="8.062500" m_ty="-2.937500"/>
  </frame>
  <frame idx="75" w="494" h="193" x="-162.053879" y="-28.733009">
   <element name="zan_light" layername="light" frame="2" z_index="2" m_a="0.337316" m_b="0.941392" m_c="-1.284620" m_d="0.460300" m_tx="-10.250000" m_ty="2.718750"/>
  </frame>
  <frame idx="100" w="549" h="184" x="-193.885056" y="-26.935471">
   <element name="zan_light" layername="light" frame="3" z_index="2" m_a="0.298751" m_b="1.000512" m_c="-1.379684" m_d="0.411971" m_tx="-31.125000" m_ty="8.000000"/>
  </frame>
  <frame idx="125" w="609" h="175" x="-231.716965" y="-9.736649">
   <element name="zan_light" layername="light" frame="3" z_index="2" m_a="0.341526" m_b="1.275240" m_c="-1.446040" m_d="0.387268" m_tx="-63.156250" m_ty="20.500000"/>
  </frame>
 </anim>
 <anim name="idle_2" root="zan_light" numframes="150" framerate="40">
  <frame idx="0" w="416" h="292" x="76.737106" y="-173.153183">
   <element name="zan_light" layername="light" frame="0" z_index="2" m_a="0.058936" m_b="-0.368348" m_c="2.159572" m_d="0.345532" m_tx="-124.000000" m_ty="-95.000000"/>
  </frame>
  <frame idx="25" w="226" h="317" x="95.407471" y="-147.026001">
   <element name="zan_light" layername="light" frame="0" z_index="2" m_a="0.277277" m_b="-0.817086" m_c="1.363310" m_d="0.462637" m_tx="-27.906250" m_ty="-69.218750"/>
  </frame>
  <frame idx="50" w="157" h="315" x="121.240540" y="-113.285904">
   <element name="zan_light" layername="light" frame="1" z_index="2" m_a="0.465694" m_b="-0.884946" m_c="1.138394" m_d="0.599069" m_tx="16.437500" m_ty="-47.937500"/>
  </frame>
  <frame idx="75" w="120" h="306" x="154.390793" y="-69.264481">
   <element name="zan_light" layername="light" frame="2" z_index="2" m_a="0.578581" m_b="-0.815625" m_c="1.112999" m_d="0.789529" m_tx="49.250000" m_ty="-25.656250"/>
  </frame>
  <frame idx="100" w="82" h="292" x="191.989594" y="-27.901306">
   <element name="zan_light" layername="light" frame="3" z_index="2" m_a="0.673140" m_b="-0.798222" m_c="1.100731" m_d="0.928245" m_tx="85.625000" m_ty="0.750000"/>
  </frame>
  <frame idx="125" w="98" h="280" x="201.613007" y="-5.359848">
   <element name="zan_light" layername="light" frame="3" z_index="2" m_a="0.812491" m_b="-1.040546" m_c="1.179911" m_d="0.921312" m_tx="83.281250" m_ty="30.437500"/>
  </frame>
 </anim>
</Anims>
